yearDay,greg,heb,parasha,L01,L02,L03,L04,L05,L06,L07,L08,L09,L10,L11,L12,L13,L14,L15,L16,L17,L18,L19,L20,L21,L22,L23,L24,L25,L26,L27,L28,L29,L30,L31,L32,L33,L34,L35,L36,L37,L38,L39
358,2026-09-11,29 Elul,Haazinu,Torah 5 + Tinyana 86 · KST § 420 (p. 261) · Aseh 229–230,ו Vav · אִ · set 17 · day 6 of 22,Chesed shebeChesed · shebeChesed · day 1 of 49,מנק · 66 of 72 · הַפִּצֵּץ 18 · שָׁלוֹם,Summer · 85 of 91 · Shov · F4 letter 16 · Eicha 4:16 · פ,"microcosm cycle 2 of 2 · day 7 of 13 · Moshe, all thirteen",Cycle 9 · day 30 of 41 · Neshamah 10 of 10 · Do Not Covet,Klal 17 · Rechilut 7 · Klal 18 · Rechilut 8 · Chofetz Chaim · 715 of 728,Haazinu · D6 · P5 · C8,set 14 · 22/28 · Causing a Loss and Reporting to Government 2–3,Torah 5 + Tinyana 86 · Zohar III 298–299,§ 420 (p. 261) · Haazinu,Lo Taaseh 7–8 · Aseh 229–230,Cover · day 1 of 364,Introduction · day 1 of 364,Zavim 3 & 4 · Week 52 · Day 1,Divrei HaYamim II 23 & 24 · Week 52 · Day 1,Tale 7 — The Fly and the Spider · cycle 28 · day 7 of 13,Likutei Etzot · Sanctity · day 358 of 369,Klal 17 · Rechilut 7 · Klal 18 · Rechilut 8 · half-days 715 & 716,Haazinu,Ben Ish Chai · Halachot,Se’if ט׳ · day 7 of 13,"יָגַעְתִּי וְלֹא מָצָאתִי אַל תַּאַמִין לֹא יָגַעְתִּי וּמָצָאתִי אַל תַּאַמִין יָגַעְתִּי וּמָצָאתִי תַּאַמִין · מגילה ו,ב",Causing a Loss and Reporting to Government 2–3,Niddah · 17a · Rosh Hashanah,Gratitude — 24/27 · Gratitude — 25/27,Story 95 · 96 · Haazinu,Chulin 134 · חֻלִּין,Class 118 · of 118,Haazinu · Day 6,Day 358 · of 369,Chapter 7 · cycle 28,The Garden of Gratitude · cycle 7 of 13,Phase 7 · day 7 of 13,Gate 19 · Gate 20 · Gate 21 · day 7 of 13,Mikvaot · Nizkei Mamon · Genevah · set 14 of 14 · day 22 of 28,Chulin 134 · review,Story 1 · Parshat Haazinu
2,2026-09-12,1 Tishrei,Haazinu,Torah 6 + Tinyana 87 · KST § 421–422 (p. 262) · Aseh 231–232,ב Bet · בא · set 1 · day 2 of 22,Gevurah shebeChesed · shebeChesed · day 2 of 49,ילי · 2 of 72 · יְדַעְיָה 2 · יְבָרֶכְךָ,Fall · 2 of 91 · Ratzo · F1 letter 2 · Eicha 1:2 · ב,1st cycle 1 · day 2 of 13 · Mi-El Kamocha,Cycle 1 · day 2 of 41 · Nefesh 2 of 10 · No Other Gods,OC 3–4 · Orach Chaim · 3 of 728,Haazinu · D7 · P5 · C8,set 1 · 2/28 · Morning Conduct 3–4 · Haazinu,Torah 6 + Tinyana 87 · Zohar I 3–4,§ 421–422 (p. 262) · Haazinu,Lo Taaseh 6–9 · Aseh 231–232,Torah Ohr · Folio 1 · day 2 of 364,Prayer 1 — first half · day 2 of 364,Brachot 3 & 4 · Week 1 · Day 2,Joshua 3 & 4 · Week 1 · Day 2,Chapter 1 · cycle 1 · day 2 of 13,Sichos HaRan · §2 of 308 · day 2 of 369,OC 3–4 · half-days 3 & 4,Haazinu,Ben Ish Chai · Drash · Ha'Azinu · Drash,Se’if ד׳ · day 2 of 13,"כָּל יִשְׂרָאֵל יֵשׁ לָהֶם חֵלֶק לְעוֹלָם הַבָּא שֶׁנֶאֱמַר וְעַמֵךְ כּוּלָם צַדִיקִים לְעוֹלָם יִירְשׁוּ אָרֶץ נֵצֶר מַטָעַי מַעֲשֵׂה יָדַי לְהִתְפָּאֵר · סנהדרין צ,א",Morning Conduct 3–4,Brachot · 1a · Rosh Hashanah,Gratitude — 24/27 · Gratitude — 25/27,Story 95 · 96 · Haazinu,Chulin 135 · חֻלִּין,Class 1 · of 118,Sefer Yetzirah · 6:6,Day 2 · of 369,Chapter 1 · cycle 1,The Garden of Emuna · cycle 1 of 13,Phase 1 · day 2 of 13,Gate 4 · Gate 5 · Gate 6 · day 2 of 13,Talmud Torah · Avodah Zarah · Teshuvah · set 1 of 14 · day 2 of 28,Chulin 135 · review,Story 2 · Parshat Haazinu
3,2026-09-13,2 Tishrei,Haazinu,Torah 7 + Tinyana 88 · KST § 415 (p. 258) · Aseh 233–234,ג Gimmel · גב · set 1 · day 3 of 22,Tiferet shebeChesed · shebeChesed · day 3 of 49,סיט · 3 of 72 · חָרִם 3 · יְבָרֶכְךָ,Fall · 3 of 91 · Ratzo · F1 letter 3 · Eicha 1:3 · ג,1st cycle 1 · day 3 of 13 · Mi-El Kamocha,Cycle 1 · day 3 of 41 · Nefesh 3 of 10 · Not to Profane G-d's Name,OC 5–6 · Orach Chaim · 5 of 728,Haazinu · D1 · P5 · C8,set 1 · 3/28 · Morning Conduct 5 · Morning Hand Washing 1,Torah 7 + Tinyana 88 · Zohar I 5–6,§ 415 (p. 258) · Haazinu,Lo Taaseh 10–11 · Aseh 233–234,Torah Ohr · Folio 2 · day 3 of 364,Prayer 1 — second half · day 3 of 364,Brachot 5 & 6 · Week 1 · Day 3,Joshua 5 & 6 · Week 1 · Day 3,Chapter 1 · cycle 1 · day 3 of 13,Sichos HaRan · §3 of 308 · day 3 of 369,OC 5–6 · half-days 5 & 6,Haazinu,Rav Pe’alim · Vol IV · Sod Yesharim 1 · Vol IV · Sod Yesharim 2,Se’if ה׳ · day 3 of 13,כִּי קָרוֹב אֵלֶיךָ הַדָבָר מְאֹד בְּפִיךָ וּבִּלְבָבְךָ לַעֲשׂוֹתוֹ · דברים ל:יד,Morning Conduct 5 · Morning Hand Washing 1,Brachot · 1a · Rosh Hashanah,Gratitude — 24/27 · Gratitude — 25/27,Story 95 · 96 · Haazinu,Chulin 136 · חֻלִּין,Class 2 · of 118,Haazinu · Day 1,Day 3 · of 369,Chapter 1 · cycle 1,The Garden of Emuna · cycle 1 of 13,Phase 1 · day 3 of 13,Gate 7 · Gate 8 · Gate 9 · day 3 of 13,"Kriat Shema · Tefilah u'Birkat Kohanim · Tefillin, Mezuzah · set 1 of 14 · day 3 of 28",Chulin 136 · review,Story 3 · Parshat Haazinu
4,2026-09-14,3 Tishrei,Haazinu,Torah 8 + Tinyana 89 · KST § 416 (p. 259) · Aseh 235–236,ד Dalet · דא · set 1 · day 4 of 22,Netzach shebeChesed · shebeChesed · day 4 of 49,עלם · 4 of 72 · שְׂעֹרִים 4 · יְבָרֶכְךָ,Fall · 4 of 91 · Ratzo · F1 letter 4 · Eicha 1:4 · ד,1st cycle 1 · day 4 of 13 · Mi-El Kamocha,Cycle 1 · day 4 of 41 · Nefesh 4 of 10 · The Sabbath,OC 7–8 · Orach Chaim · 7 of 728,Haazinu · D2 · P5 · C8,set 1 · 4/28 · Morning Hand Washing 2–3,Torah 8 + Tinyana 89 · Zohar I 7–8,§ 416 (p. 259) · Haazinu,Lo Taaseh 9–12 · Aseh 235–236,Torah Ohr · Folio 3 · day 4 of 364,Prayer 2 — first half · day 4 of 364,Brachot 7 & 8 · Week 1 · Day 4,Joshua 7 & 8 · Week 1 · Day 4,Chapter 1 · cycle 1 · day 4 of 13,Sichos HaRan · §4 of 308 · day 4 of 369,OC 7–8 · half-days 7 & 8,Haazinu,Rav Pe’alim · Vol IV · Sod Yesharim 3 · Vol IV · Sod Yesharim 4,Se’if ו׳ · day 4 of 13,וְהִנֵה ה׳ נִצָב עָלָיו וּמְלֹא כָל הָאָרֶץ כּבוֹדוֹ וּמַבִּיט עָלָיו וּבוֹחֵן כְּלָיוֹת וָלֵב אִם עוֹבְדוֹ כָּרָאוּי · תניא פרק מא,Morning Hand Washing 2–3,Brachot · 1a · Rosh Hashanah,Gratitude — 24/27 · Gratitude — 25/27,Story 95 · 96 · Haazinu,Chulin 137 · חֻלִּין,Class 3 · of 118,Haazinu · Day 2,Day 4 · of 369,Chapter 1 · cycle 1,The Garden of Emuna · cycle 1 of 13,Phase 1 · day 4 of 13,Gate 10 · Gate 11 · Gate 12 · day 4 of 13,Tzitzit · Berachot · Milah · set 1 of 14 · day 4 of 28,Chulin 137 · review,Story 4 · Parshat Haazinu
5,2026-09-15,4 Tishrei,Haazinu,Torah 9 + Tinyana 90 · KST § 417 (p. 259) · Aseh 237–238,ה Heh · הב · set 1 · day 5 of 22,Hod shebeChesed · shebeChesed · day 5 of 49,מהש · 5 of 72 · מַלְכִּיָּה 5 · יְבָרֶכְךָ,Fall · 5 of 91 · Ratzo · F1 letter 5 · Eicha 1:5 · ה,1st cycle 1 · day 5 of 13 · Mi-El Kamocha,Cycle 1 · day 5 of 41 · Nefesh 5 of 10 · Honor Parents,OC 9–10 · Orach Chaim · 9 of 728,Haazinu · D3 · P5 · C8,set 1 · 5/28 · Morning Hand Washing 4 · Fringes 1,Torah 9 + Tinyana 90 · Zohar I 9–10,§ 417 (p. 259) · Haazinu,Lo Taaseh 13–14 · Aseh 237–238,Torah Ohr · Folio 4 · day 5 of 364,Prayer 2 — second half · day 5 of 364,Brachot 9 &amp; Peah 1 · Week 1 · Day 5,Joshua 9 & 10 · Week 1 · Day 5,Chapter 1 · cycle 1 · day 5 of 13,Sichos HaRan · §5 of 308 · day 5 of 369,OC 9–10 · half-days 9 & 10,Haazinu,Rav Pe’alim · Vol IV · Sod Yesharim 5 · Vol IV · Sod Yesharim 6,Se’if ז׳ · day 5 of 13,בְּרֵאשִׁית בָּרָא אֶלֹקִים אֵת הַשָׁמַיִם וְאֵת הָאָרֶץ · בראשית א:א,Morning Hand Washing 4 · Fringes 1,Brachot · 1a · Rosh Hashanah,Gratitude — 24/27 · Gratitude — 25/27,Story 95 · 96 · Haazinu,Chulin 138 · חֻלִּין,Class 4 · of 118,Haazinu · Day 3,Day 5 · of 369,Chapter 1 · cycle 1,The Garden of Emuna · cycle 1 of 13,Phase 1 · day 5 of 13,Gate 13 · Gate 14 · Gate 15 · day 5 of 13,Shabbat · Eruvin · Shevitat Asor · set 1 of 14 · day 5 of 28,Chulin 138 · review,Story 5 · Parshat Haazinu
6,2026-09-16,5 Tishrei,Haazinu,Torah 10 + Tinyana 91 · KST § 418 (p. 260) · Aseh 239–240,ו Vav · וא · set 1 · day 6 of 22,Yesod shebeChesed · shebeChesed · day 6 of 49,ללה · 6 of 72 · מִיָּמִן 6 · יְבָרֶכְךָ,Fall · 6 of 91 · Ratzo · F1 letter 6 · Eicha 1:6 · ו,1st cycle 1 · day 6 of 13 · Mi-El Kamocha,Cycle 1 · day 6 of 41 · Nefesh 6 of 10 · Do Not Murder,OC 11–12 · Orach Chaim · 11 of 728,Haazinu · D4 · P5 · C8,set 1 · 6/28 · Fringes 2–3,Torah 10 + Tinyana 91 · Zohar I 11–12,§ 418 (p. 260) · Haazinu,Lo Taaseh 12–15 · Aseh 239–240,Torah Ohr · Folio 5 · day 6 of 364,Prayer 3 — first half · day 6 of 364,"Tosefta Brachot 1, 2, 3, 4 · Week 1 · Day 6",Joshua 11 & 12 · Week 1 · Day 6,Chapter 1 · cycle 1 · day 6 of 13,Sichos HaRan · §6 of 308 · day 6 of 369,OC 11–12 · half-days 11 & 12,Haazinu,Rav Pe’alim · Vol IV · Sod Yesharim 7 · Vol IV · Sod Yesharim 8,Se’if ח׳ · day 6 of 13,וְשִׁנַנְתָּם לְבָנֶיךָ וְדִבַּרְתָּ בָּם בְּשִׁבְתְּךָ בְּבֵיתֶךָ וּבְלֶכְתְּךָ בַדֶרֶךְ וּבְשָׁכְבְּךָ וּבְקוּמֶךָ · דברים ו:ז,Fringes 2–3,Brachot · 1a · Rosh Hashanah,Gratitude — 24/27 · Gratitude — 25/27,Story 95 · 96 · Haazinu,Chulin 139 · חֻלִּין,Class 5 · of 118,Haazinu · Day 4,Day 6 · of 369,Chapter 1 · cycle 1,The Garden of Emuna · cycle 1 of 13,Phase 1 · day 6 of 13,Gate 16 · Gate 17 · Gate 18 · day 6 of 13,"Shevitat Yom Tov · Chametz u'Matzah · Shofar, Sukkah v'Lul · set 1 of 14 · day 6 of 28",Chulin 139 · review,Story 6 · Parshat Haazinu
7,2026-09-17,6 Tishrei,Haazinu,Torah 11 + Tinyana 92 · KST § 419 (p. 260) · Aseh 241–242,ז Zayin · זב · set 1 · day 7 of 22,Malchut shebeChesed · shebeChesed · day 7 of 49,אכא · 7 of 72 · הַקּוֹץ 7 · יְבָרֶכְךָ,Fall · 7 of 91 · Ratzo · F1 letter 7 · Eicha 1:7 · ז,1st cycle 1 · day 7 of 13 · Mi-El Kamocha,Cycle 1 · day 7 of 41 · Nefesh 7 of 10 · Faithfulness,OC 13–14 · Orach Chaim · 13 of 728,Haazinu · D5 · P5 · C8,set 1 · 7/28 · Fringes 4–5,Torah 11 + Tinyana 92 · Zohar I 13–16,§ 419 (p. 260) · Haazinu,Lo Taaseh 16–17 · Aseh 241–242,Torah Ohr · Folio 6 · day 7 of 364,Prayer 3 — second half · day 7 of 364,"Tosefta Brachot 5, 6 &amp; Tosefta Peah 1, 2 · Week 1 · Day 7",Joshua 13 & 14 · Week 1 · Day 7,Chapter 1 · cycle 1 · day 7 of 13,Sichos HaRan · §7 of 308 · day 7 of 369,OC 13–14 · half-days 13 & 14,Haazinu,Rav Pe’alim · Vol IV · Sod Yesharim 9 · Vol IV · Sod Yesharim 10,Se’if ט׳ · day 7 of 13,"יָגַעְתִּי וְלֹא מָצָאתִי אַל תַּאַמִין לֹא יָגַעְתִּי וּמָצָאתִי אַל תַּאַמִין יָגַעְתִּי וּמָצָאתִי תַּאַמִין · מגילה ו,ב",Fringes 4–5,Brachot · 1a · Rosh Hashanah,Gratitude — 24/27 · Gratitude — 25/27,Story 95 · 96 · Haazinu,Chulin 140 · חֻלִּין,Class 6 · of 118,Haazinu · Day 5,Day 7 · of 369,Chapter 1 · cycle 1,The Garden of Emuna · cycle 1 of 13,Phase 1 · day 7 of 13,Gate 19 · Gate 20 · Gate 21 · day 7 of 13,Shekalim · Kiddush HaChodesh · Ta'aniyot · set 1 of 14 · day 7 of 28,Chulin 140 · review,Story 7 · Parshat Haazinu
8,2026-09-18,7 Tishrei,Haazinu,Torah 12 · KST § 420 (p. 261) · Aseh 243–244,ח Chet · חא · set 1 · day 8 of 22,Chesed shebeGevurah · shebeChesed · day 8 of 49,כהת · 8 of 72 · אֲבִיָּה 8 · יְבָרֶכְךָ,Fall · 8 of 91 · Ratzo · F1 letter 8 · Eicha 1:8 · ח,1st cycle 1 · day 8 of 13 · Mi-El Kamocha,Cycle 1 · day 8 of 41 · Nefesh 8 of 10 · Do Not Steal,OC 15–16 · Orach Chaim · 15 of 728,Haazinu · D6 · P5 · C8,set 1 · 8/28 · Fringes 6–7,Torah 12 · Zohar I 17–18,§ 420 (p. 261) · Haazinu,Lo Taaseh 15–18 · Aseh 243–244,Torah Ohr · Folio 7 · day 8 of 364,Prayer 4 — first half · day 8 of 364,Peah 2 & 3 · Week 2 · Day 1,Joshua 15 & 16 · Week 2 · Day 1,Chapter 1 · cycle 1 · day 8 of 13,Sichos HaRan · §8 of 308 · day 8 of 369,OC 15–16 · half-days 15 & 16,Haazinu,Ben Ish Chai · Halachot,Se’if י׳ · day 8 of 13,וְאָהַבְתָּ לְרֵעַךָ כָּמוֹךָ – רַבִּי עַקִיבָא אוֹמֵר זֶה כְּלָל גָדוֹל בַּתּוֹרָה · ויקרא יט:יח,Fringes 6–7,Brachot · 1a · Rosh Hashanah,Gratitude — 24/27 · Gratitude — 25/27,Story 95 · 96 · Haazinu,Chulin 141 · חֻלִּין,Class 7 · of 118,Haazinu · Day 6,Day 8 · of 369,Chapter 1 · cycle 1,The Garden of Emuna · cycle 1 of 13,Phase 1 · day 8 of 13,Gate 22 · Gate 23 · Gate 24 · day 8 of 13,Megillah v'Chanukah · Ishut · Geirushin · set 1 of 14 · day 8 of 28,Chulin 141 · review,Story 8 · Parshat Haazinu
9,2026-09-19,8 Tishrei,Haazinu,Torah 13 · KST § 421–422 (p. 262) · Aseh 245–246,ט Tet · טב · set 1 · day 9 of 22,Gevurah shebeGevurah · shebeChesed · day 9 of 49,הזי · 9 of 72 · יֵשׁוּעַ 9 · יְבָרֶכְךָ,Fall · 9 of 91 · Ratzo · F1 letter 9 · Eicha 1:9 · ט,1st cycle 1 · day 9 of 13 · Mi-El Kamocha,Cycle 1 · day 9 of 41 · Nefesh 9 of 10 · Truth / No False Witness,OC 17–18 · Orach Chaim · 17 of 728,Haazinu · D7 · P5 · C8,set 1 · 9/28 · Phylacteries 1–2 · Haazinu,Torah 13 · Zohar I 19–20,§ 421–422 (p. 262) · Haazinu,Lo Taaseh 19–20 · Aseh 245–246,Torah Ohr · Folio 8 · day 9 of 364,Prayer 4 — second half · day 9 of 364,Peah 4 & 5 · Week 2 · Day 2,Joshua 17 & 18 · Week 2 · Day 2,Chapter 1 · cycle 1 · day 9 of 13,Sichos HaRan · §9 of 308 · day 9 of 369,OC 17–18 · half-days 17 & 18,Haazinu,Ben Ish Chai · Drash · Ha'Azinu · Drash,Se’if י״א · day 9 of 13,וְזֶה כָּל הָאָדָם וְתַכְלִית בְּרִיאָתוֹ וּבְרִיאַת כָּל הָעוֹלָמוֹת עֶלְיוֹנִים וְתַּחְתּוֹנִים לִהְיוֹת לוֹ דִירָה זוֹ בְּתַּחְתּוֹנִים · תניא פרק לג,Phylacteries 1–2,Brachot · 1a · Rosh Hashanah,Gratitude — 24/27 · Gratitude — 25/27,Story 95 · 96 · Haazinu,Chulin 142 · חֻלִּין,Class 8 · of 118,Sefer Yetzirah · 6:6,Day 9 · of 369,Chapter 1 · cycle 1,The Garden of Emuna · cycle 1 of 13,Phase 1 · day 9 of 13,Gate 25 · Gate 26 · Gate 27 · day 9 of 13,Yibum v'Chalitzah · Na'arah Betulah · Sotah · set 1 of 14 · day 9 of 28,Chulin 142 · review,Story 9 · Parshat Haazinu
10,2026-09-20,9 Tishrei,Bereshit,Torah 14 · KST הסכמה · Aseh 247–248,י Yud · יא · set 1 · day 10 of 22,Tiferet shebeGevurah · shebeChesed · day 10 of 49,אלד · 10 of 72 · שְׁכַנְיָהוּ 10 · יְבָרֶכְךָ,Fall · 10 of 91 · Ratzo · F1 letter 10 · Eicha 1:10 · י,1st cycle 1 · day 10 of 13 · Mi-El Kamocha,Cycle 1 · day 10 of 41 · Nefesh 10 of 10 · Do Not Covet,OC 19–20 · Orach Chaim · 19 of 728,Bereshit · D1 · P1 · C1,set 1 · 10/28 · Phylacteries 3–4,Torah 14 · Zohar I 21–22,הסכמה · Bereshit,Lo Taaseh 18–21 · Aseh 247–248,Torah Ohr · Folio 9 · day 10 of 364,Prayer 5 — first half · day 10 of 364,Peah 6 & 7 · Week 2 · Day 3,Joshua 19 & 20 · Week 2 · Day 3,Chapter 1 · cycle 1 · day 10 of 13,Sichos HaRan · §10 of 308 · day 10 of 369,OC 19–20 · half-days 19 & 20,Bereshit,Rav Pe’alim · Vol I · Index 1 · Vol I · Index 2,Se’if י״ב · day 10 of 13,יִשְׂמַח יִשְׂרָאֵל בְּעוֹשָׂיו פֵּירוּש שֶׁכָּל מִי שֶׁהוּא מִזֶרַע יִשְׂרָאֵל יֵשׁ לוֹ לִשְׂמוֹחַ בְּשִׂמְחַת ה׳ אַשֶׁר שָׂשׂ וְשָׂמֵחַ בְּדִירָתוֹ בְּתַּחְתּוֹנִים · תניא פרק לג,Phylacteries 3–4,Brachot · 1a · Rosh Hashanah,Purim · Children,Story 1 · 2 · Bereshit,Bekhorot 2 · בְּכוֹרוֹת,Class 9 · of 118,Bereshit · Day 1,Day 10 · of 369,Chapter 1 · cycle 1,The Garden of Emuna · cycle 1 of 13,Phase 1 · day 10 of 13,Gate 28 · Gate 29 · Gate 30 · day 10 of 13,Issurei Biah · Ma'achalot Assurot · Shechitah · set 1 of 14 · day 10 of 28,Bekhorot 2 · review,Story 10 · Parshat Bereshit
11,2026-09-21,10 Tishrei,Bereshit,Torah 15 · KST צוואה · Lo Taaseh 22–23,כ Kaf · כב · set 1 · day 11 of 22,Netzach shebeGevurah · shebeChesed · day 11 of 49,לאו · 11 of 72 · אֶלְיָשִׁיב 11 · יְבָרֶכְךָ,Fall · 11 of 91 · Ratzo · F1 letter 11 · Eicha 1:11 · כ,1st cycle 1 · day 11 of 13 · Mi-El Kamocha,Cycle 1 · day 11 of 41 · Ruach 1 of 10 · I Am the Lord,OC 21–22 · Orach Chaim · 21 of 728,Bereshit · D2 · P1 · C1,set 1 · 11/28 · Phylacteries 5–6,Torah 15 · Zohar I 23–24,צוואה · Bereshit,Lo Taaseh 22–23,Torah Ohr · Folio 10 · day 11 of 364,Prayer 5 — second half · day 11 of 364,Peah 8 &amp; Demai 1 · Week 2 · Day 4,Joshua 21 & 22 · Week 2 · Day 4,Chapter 1 · cycle 1 · day 11 of 13,Sichos HaRan · §11 of 308 · day 11 of 369,OC 21–22 · half-days 21 & 22,Bereshit,Rav Pe’alim · Vol I · Index 3 · Vol I · Index 4,Overview · day 11 of 13,"All twelve · Mivtza Chinuch, 5736",Phylacteries 5–6,Brachot · 1a · Rosh Hashanah,Purim · Children,Story 1 · 2 · Bereshit,Bekhorot 3 · בְּכוֹרוֹת,Class 10 · of 118,Bereshit · Day 2,Day 11 · of 369,Chapter 1 · cycle 1,The Garden of Emuna · cycle 1 of 13,Phase 1 · day 11 of 13,Gate 31 · Gate 32 · Ohr Ne’erav I · day 11 of 13,Shevuot · Nedarim · Nezirut · set 1 of 14 · day 11 of 28,Bekhorot 3 · review,Story 11 · Parshat Bereshit
12,2026-09-22,11 Tishrei,Bereshit,Torah 16 · KST § 1 (p. 4) · Lo Taaseh 21–24,ל Lamed · לא · set 1 · day 12 of 22,Hod shebeGevurah · shebeChesed · day 12 of 49,ההע · 12 of 72 · יָקִים 12 · יְבָרֶכְךָ,Fall · 12 of 91 · Ratzo · F1 letter 12 · Eicha 1:12 · ל,1st cycle 1 · day 12 of 13 · Mi-El Kamocha,Cycle 1 · day 12 of 41 · Ruach 2 of 10 · No Other Gods,OC 23–24 · Orach Chaim · 23 of 728,Bereshit · D3 · P1 · C1,set 1 · 12/28 · Phylacteries 7 · Morning Blessings 1,Torah 16 · Zohar I 25–26,§ 1 (p. 4) · Bereshit,Lo Taaseh 21–24,Torah Ohr · Folio 11 · day 12 of 364,Prayer 6 — first half · day 12 of 364,Demai 2 & 3 · Week 2 · Day 5,Joshua 23 & 24 · Week 2 · Day 5,Chapter 1 · cycle 1 · day 12 of 13,Sichos HaRan · §12 of 308 · day 12 of 369,OC 23–24 · half-days 23 & 24,Bereshit,Rav Pe’alim · Vol I · Orach Chayim 1 · Vol I · Orach Chayim 2,Se’if א׳ · day 12 of 13,תּוֹרָה צִוָה לָנוּ מֹשֶׁה מוֹרָשָׁה קְהִלַת יַעֲקֹב · דברים לג:ד,Phylacteries 7 · Morning Blessings 1,Shabbat · 1b · Yom Kippur,Purim · Children,Story 1 · 2 · Bereshit,Bekhorot 4 · בְּכוֹרוֹת,Class 11 · of 118,Bereshit · Day 3,Day 12 · of 369,Chapter 1 · cycle 1,The Garden of Emuna · cycle 1 of 13,Phase 1 · day 12 of 13,Ohr Ne’erav II · Ohr Ne’erav III · Ohr Ne’erav IV · day 12 of 13,Erchin v'Charamin · Kilayim · Matnot Aniyim · set 1 of 14 · day 12 of 28,Bekhorot 4 · review,Story 12 · Parshat Bereshit
13,2026-09-23,12 Tishrei,Bereshit,Torah 17 · KST § 2 (p. 5) · Lo Taaseh 25–26,מ Mem · מב · set 1 · day 13 of 22,Yesod shebeGevurah · shebeChesed · day 13 of 49,יזל · 13 of 72 · חֻפָּה 13 · יְבָרֶכְךָ,Fall · 13 of 91 · Ratzo · F1 letter 13 · Eicha 1:13 · מ,1st cycle 1 · day 13 of 13 · Mi-El Kamocha,Cycle 1 · day 13 of 41 · Ruach 3 of 10 · Not to Profane G-d's Name,OC 25–26 · Orach Chaim · 25 of 728,Bereshit · D4 · P1 · C1,set 1 · 13/28 · Morning Blessings 2–3,Torah 17 · Zohar I 27–28,§ 2 (p. 5) · Bereshit,Lo Taaseh 25–26,Torah Ohr · Folio 12 · day 13 of 364,Prayer 6 — second half · day 13 of 364,"Tosefta Peah 3, 4 &amp; Tosefta Demai 1, 2 · Week 2 · Day 6",Judges 1 & 2 · Week 2 · Day 6,Chapter 1 · cycle 1 · day 13 of 13,Sichos HaRan · §13 of 308 · day 13 of 369,OC 25–26 · half-days 25 & 26,Bereshit,Rav Pe’alim · Vol I · Orach Chayim 3 · Vol I · Orach Chayim 4,Se’if ב׳ · day 13 of 13,שְׁמַע יִשְׂרָאֵל ה׳ אֶלֹקֵינוּ ה׳ אֶחָד · דברים ו:ד,Morning Blessings 2–3,Shabbat · 1b · Yom Kippur,Purim · Children,Story 1 · 2 · Bereshit,Bekhorot 5 · בְּכוֹרוֹת,Class 12 · of 118,Bereshit · Day 4,Day 13 · of 369,Chapter 1 · cycle 1,The Garden of Emuna · cycle 1 of 13,Phase 1 · day 13 of 13,Ohr Ne’erav V · Ohr Ne’erav VI · Ohr Ne’erav VII · day 13 of 13,Terumot · Ma'aserot · Ma'aser Sheni v'Neta Revai · set 1 of 14 · day 13 of 28,Bekhorot 5 · review,Story 13 · Parshat Bereshit
14,2026-09-24,13 Tishrei,Bereshit,Torah 18 · KST § 3 (p. 7) · Lo Taaseh 24–27,נ Nun · נא · set 1 · day 14 of 22,Malchut shebeGevurah · shebeChesed · day 14 of 49,מבה · 14 of 72 · יֶשֶׁבְאָב 14 · יְבָרֶכְךָ,Fall · 14 of 91 · Ratzo · F1 letter 14 · Eicha 1:14 · נ,1st cycle 2 · day 1 of 13 · Noseh Avon,Cycle 1 · day 14 of 41 · Ruach 4 of 10 · The Sabbath,OC 27–28 · Orach Chaim · 27 of 728,Bereshit · D5 · P1 · C1,set 1 · 14/28 · Morning Blessings 4–5,Torah 18 · Zohar I 29–32,§ 3 (p. 7) · Bereshit,Lo Taaseh 24–27,Torah Ohr · Folio 13 · day 14 of 364,Prayer 7 — first half · day 14 of 364,"Tosefta Demai 3, 4, 5, 6 · Week 2 · Day 7",Judges 3 & 4 · Week 2 · Day 7,Chapter 2 · cycle 2 · day 1 of 13,Sichos HaRan · §14 of 308 · day 14 of 369,OC 27–28 · half-days 27 & 28,Bereshit,Rav Pe’alim · Vol I · Orach Chayim 5 · Vol I · Orach Chayim 6,Se’if ג׳ · day 1 of 13,"בְּכָל דוֹר וָדוֹר חַיָיב אָדָם לִרְאוֹת אֶת עַצְמוֹ כְּאִלוּ הוּא יָצָא מִמִצְרָיִם · פסחים קטז,ב",Morning Blessings 4–5,Shabbat · 1b · Yom Kippur,Purim · Children,Story 1 · 2 · Bereshit,Bekhorot 6 · בְּכוֹרוֹת,Class 13 · of 118,Bereshit · Day 5,Day 14 · of 369,Chapter 2 · cycle 2,The Garden of Peace · cycle 2 of 13,Phase 2 · day 1 of 13,Gate 1 · Gate 2 · Gate 3 · day 1 of 13,Bikkurim · Shemitah v'Yovel · Beit HaBechirah · set 1 of 14 · day 14 of 28,Bekhorot 6 · review,Story 14 · Parshat Bereshit
15,2026-09-25,14 Tishrei,Bereshit,Torah 19 · KST § 4 (p. 8) · Lo Taaseh 28–29,ס Samech · סב · set 1 · day 15 of 22,Chesed shebeTiferet · shebeChesed · day 15 of 49,הרי · 15 of 72 · בִּלְגָּה 15 · יְבָרֶכְךָ,Fall · 15 of 91 · Ratzo · F1 letter 15 · Eicha 1:15 · ס,1st cycle 2 · day 2 of 13 · Noseh Avon,Cycle 1 · day 15 of 41 · Ruach 5 of 10 · Honor Parents,OC 29–30 · Orach Chaim · 29 of 728,Bereshit · D6 · P1 · C1,set 1 · 15/28 · Torah Blessings 1 · Kaddish 1,Torah 19 · Zohar I 33–34,§ 4 (p. 8) · Bereshit,Lo Taaseh 28–29,Torah Ohr · Folio 14 · day 15 of 364,Prayer 7 — second half · day 15 of 364,Demai 4 & 5 · Week 3 · Day 1,Judges 5 & 6 · Week 3 · Day 1,Chapter 2 · cycle 2 · day 2 of 13,Sichos HaRan · §15 of 308 · day 15 of 369,OC 29–30 · half-days 29 & 30,Bereshit,Ben Ish Chai · Halachot,Se’if ד׳ · day 2 of 13,"כָּל יִשְׂרָאֵל יֵשׁ לָהֶם חֵלֶק לְעוֹלָם הַבָּא שֶׁנֶאֱמַר וְעַמֵךְ כּוּלָם צַדִיקִים לְעוֹלָם יִירְשׁוּ אָרֶץ נֵצֶר מַטָעַי מַעֲשֵׂה יָדַי לְהִתְפָּאֵר · סנהדרין צ,א",Torah Blessings 1 · Kaddish 1,Shabbat · 1b · Yom Kippur,Purim · Children,Story 1 · 2 · Bereshit,Bekhorot 7 · בְּכוֹרוֹת,Class 14 · of 118,Bereshit · Day 6,Day 15 · of 369,Chapter 2 · cycle 2,The Garden of Peace · cycle 2 of 13,Phase 2 · day 2 of 13,Gate 4 · Gate 5 · Gate 6 · day 2 of 13,Klei HaMikdash · Biat HaMikdash · Issurei Mizbe'ach · set 1 of 14 · day 15 of 28,Bekhorot 7 · review,Story 15 · Parshat Bereshit
16,2026-09-26,15 Tishrei,Bereshit,Torah 20 · KST § 5–6 (p. 8) · Lo Taaseh 27–30,ע Ayin · עא · set 1 · day 16 of 22,Gevurah shebeTiferet · shebeChesed · day 16 of 49,הקם · 16 of 72 · אִמֵּר 16 · יְבָרֶכְךָ,Fall · 16 of 91 · Ratzo · F1 letter 16 · Eicha 1:16 · ע,1st cycle 2 · day 3 of 13 · Noseh Avon,Cycle 1 · day 16 of 41 · Ruach 6 of 10 · Do Not Murder,OC 31–32 · Orach Chaim · 31 of 728,Bereshit · D7 · P1 · C1,set 1 · 16/28 · Reciting Shema 1–2 · Bereshit,Torah 20 · Zohar I 35–36,§ 5–6 (p. 8) · Bereshit,Lo Taaseh 27–30,Torah Ohr · Folio 15 · day 16 of 364,Prayer 8 — first half · day 16 of 364,Demai 6 & 7 · Week 3 · Day 2,Judges 7 & 8 · Week 3 · Day 2,Chapter 2 · cycle 2 · day 3 of 13,Sichos HaRan · §16 of 308 · day 16 of 369,OC 31–32 · half-days 31 & 32,Bereshit,Ben Ish Chai · Drash · Bereshit · Drash,Se’if ה׳ · day 3 of 13,כִּי קָרוֹב אֵלֶיךָ הַדָבָר מְאֹד בְּפִיךָ וּבִּלְבָבְךָ לַעֲשׂוֹתוֹ · דברים ל:יד,Reciting Shema 1–2,Shabbat · 1b · Yom Kippur,Purim · Children,Story 1 · 2 · Bereshit,Bekhorot 8 · בְּכוֹרוֹת,Class 15 · of 118,Sefer Yetzirah · 1:1,Day 16 · of 369,Chapter 2 · cycle 2,The Garden of Peace · cycle 2 of 13,Phase 2 · day 3 of 13,Gate 7 · Gate 8 · Gate 9 · day 3 of 13,Ma'aseh HaKorbanot · Temidin u'Musafin · Pesulei HaMukdash · set 1 of 14 · day 16 of 28,Bekhorot 8 · review,Story 16 · Parshat Bereshit
17,2026-09-27,16 Tishrei,Bereshit,Torah 21 · KST הסכמה · Lo Taaseh 31–32,פ Peh · פב · set 1 · day 17 of 22,Tiferet shebeTiferet · shebeChesed · day 17 of 49,לאו · 17 of 72 · חֵזִיר 17 · יְבָרֶכְךָ,Fall · 17 of 91 · Ratzo · F1 letter 17 · Eicha 1:17 · פ,1st cycle 2 · day 4 of 13 · Noseh Avon,Cycle 1 · day 17 of 41 · Ruach 7 of 10 · Faithfulness,OC 33–34 · Orach Chaim · 33 of 728,Bereshit · D1 · P1 · C1,set 1 · 17/28 · Reciting Shema 3–4,Torah 21 · Zohar I 37–38,הסכמה · Bereshit,Lo Taaseh 31–32,Torah Ohr · Folio 16 · day 17 of 364,Prayer 8 — second half · day 17 of 364,Kilayim 1 & 2 · Week 3 · Day 3,Judges 9 & 10 · Week 3 · Day 3,Chapter 2 · cycle 2 · day 4 of 13,Sichos HaRan · §17 of 308 · day 17 of 369,OC 33–34 · half-days 33 & 34,Bereshit,Rav Pe’alim · Vol I · Index 1 · Vol I · Index 2,Se’if ו׳ · day 4 of 13,וְהִנֵה ה׳ נִצָב עָלָיו וּמְלֹא כָל הָאָרֶץ כּבוֹדוֹ וּמַבִּיט עָלָיו וּבוֹחֵן כְּלָיוֹת וָלֵב אִם עוֹבְדוֹ כָּרָאוּי · תניא פרק מא,Reciting Shema 3–4,Shabbat · 1b · Yom Kippur,Purim · Children,Story 1 · 2 · Bereshit,Bekhorot 9 · בְּכוֹרוֹת,Class 16 · of 118,Bereshit · Day 1,Day 17 · of 369,Chapter 2 · cycle 2,The Garden of Peace · cycle 2 of 13,Phase 2 · day 4 of 13,Gate 10 · Gate 11 · Gate 12 · day 4 of 13,Avodat Yom HaKippurim · Me'ilah · Korban Pesach · set 1 of 14 · day 17 of 28,Bekhorot 9 · review,Story 17 · Parshat Bereshit
18,2026-09-28,17 Tishrei,Bereshit,Torah 22 · KST צוואה · Lo Taaseh 30–33,צ Tzaddik · צא · set 1 · day 18 of 22,Netzach shebeTiferet · shebeChesed · day 18 of 49,כלי · 18 of 72 · הַפִּצֵּץ 18 · יְבָרֶכְךָ,Fall · 18 of 91 · Ratzo · F1 letter 18 · Eicha 1:18 · צ,1st cycle 2 · day 5 of 13 · Noseh Avon,Cycle 1 · day 18 of 41 · Ruach 8 of 10 · Do Not Steal,OC 35–36 · Orach Chaim · 35 of 728,Bereshit · D2 · P1 · C1,set 1 · 18/28 · Reciting Shema 5 · Prayer 1,Torah 22 · Zohar I 39–40,צוואה · Bereshit,Lo Taaseh 30–33,Torah Ohr · Folio 17 · day 18 of 364,Prayer 9 — first half · day 18 of 364,Kilayim 3 & 4 · Week 3 · Day 4,Judges 11 & 12 · Week 3 · Day 4,Chapter 2 · cycle 2 · day 5 of 13,Sichos HaRan · §18 of 308 · day 18 of 369,OC 35–36 · half-days 35 & 36,Bereshit,Rav Pe’alim · Vol I · Index 3 · Vol I · Index 4,Se’if ז׳ · day 5 of 13,בְּרֵאשִׁית בָּרָא אֶלֹקִים אֵת הַשָׁמַיִם וְאֵת הָאָרֶץ · בראשית א:א,Reciting Shema 5 · Prayer 1,Shabbat · 1b · Yom Kippur,Purim · Children,Story 1 · 2 · Bereshit,Bekhorot 10 · בְּכוֹרוֹת,Class 17 · of 118,Bereshit · Day 2,Day 18 · of 369,Chapter 2 · cycle 2,The Garden of Peace · cycle 2 of 13,Phase 2 · day 5 of 13,Gate 13 · Gate 14 · Gate 15 · day 5 of 13,Chagigah · Bechorot · Shegagot · set 1 of 14 · day 18 of 28,Bekhorot 10 · review,Story 18 · Parshat Bereshit
19,2026-09-29,18 Tishrei,Bereshit,Torah 23 · KST § 1 (p. 4) · Lo Taaseh 34–35,ק Kuf · קב · set 1 · day 19 of 22,Hod shebeTiferet · shebeChesed · day 19 of 49,לוו · 19 of 72 · פְּתַחְיָה 19 · יְבָרֶכְךָ,Fall · 19 of 91 · Ratzo · F1 letter 19 · Eicha 1:19 · ק,1st cycle 2 · day 6 of 13 · Noseh Avon,Cycle 1 · day 19 of 41 · Ruach 9 of 10 · Truth / No False Witness,OC 37–38 · Orach Chaim · 37 of 728,Bereshit · D3 · P1 · C1,set 1 · 19/28 · Prayer 2–3,Torah 23 · Zohar I 41–42,§ 1 (p. 4) · Bereshit,Lo Taaseh 34–35,Torah Ohr · Folio 18 · day 19 of 364,Prayer 9 — second half · day 19 of 364,Kilayim 5 & 6 · Week 3 · Day 5,Judges 13 & 14 · Week 3 · Day 5,Chapter 2 · cycle 2 · day 6 of 13,Sichos HaRan · §19 of 308 · day 19 of 369,OC 37–38 · half-days 37 & 38,Bereshit,Rav Pe’alim · Vol I · Orach Chayim 1 · Vol I · Orach Chayim 2,Se’if ח׳ · day 6 of 13,וְשִׁנַנְתָּם לְבָנֶיךָ וְדִבַּרְתָּ בָּם בְּשִׁבְתְּךָ בְּבֵיתֶךָ וּבְלֶכְתְּךָ בַדֶרֶךְ וּבְשָׁכְבְּךָ וּבְקוּמֶךָ · דברים ו:ז,Prayer 2–3,Shabbat · 1b · Yom Kippur,Purim · Children,Story 1 · 2 · Bereshit,Bekhorot 11 · בְּכוֹרוֹת,Class 18 · of 118,Bereshit · Day 3,Day 19 · of 369,Chapter 2 · cycle 2,The Garden of Peace · cycle 2 of 13,Phase 2 · day 6 of 13,Gate 16 · Gate 17 · Gate 18 · day 6 of 13,Mechusrei Kapparah · Temurah · Tumat Met · set 1 of 14 · day 19 of 28,Bekhorot 11 · review,Story 19 · Parshat Bereshit
20,2026-09-30,19 Tishrei,Bereshit,Torah 24 · KST § 2 (p. 5) · Lo Taaseh 33–36,ר Reish · רא · set 1 · day 20 of 22,Yesod shebeTiferet · shebeChesed · day 20 of 49,פהל · 20 of 72 · יְחֶזְקֵאל 20 · יְבָרֶכְךָ,Fall · 20 of 91 · Ratzo · F1 letter 20 · Eicha 1:20 · ר,1st cycle 2 · day 7 of 13 · Noseh Avon,Cycle 1 · day 20 of 41 · Ruach 10 of 10 · Do Not Covet,OC 39–40 · Orach Chaim · 39 of 728,Bereshit · D4 · P1 · C1,set 1 · 20/28 · Prayer 4–5,Torah 24 · Zohar I 43–44,§ 2 (p. 5) · Bereshit,Lo Taaseh 33–36,Torah Ohr · Folio 19 · day 20 of 364,Prayer 10 — first half · day 20 of 364,"Tosefta Demai 7, 8 &amp; Tosefta Kilayim 1, 2 · Week 3 · Day 6",Judges 15 & 16 · Week 3 · Day 6,Chapter 2 · cycle 2 · day 7 of 13,Sichos HaRan · §20 of 308 · day 20 of 369,OC 39–40 · half-days 39 & 40,Bereshit,Rav Pe’alim · Vol I · Orach Chayim 3 · Vol I · Orach Chayim 4,Se’if ט׳ · day 7 of 13,"יָגַעְתִּי וְלֹא מָצָאתִי אַל תַּאַמִין לֹא יָגַעְתִּי וּמָצָאתִי אַל תַּאַמִין יָגַעְתִּי וּמָצָאתִי תַּאַמִין · מגילה ו,ב",Prayer 4–5,Shabbat · 1b · Yom Kippur,Purim · Children,Story 1 · 2 · Bereshit,Bekhorot 12 · בְּכוֹרוֹת,Class 19 · of 118,Bereshit · Day 4,Day 20 · of 369,Chapter 2 · cycle 2,The Garden of Peace · cycle 2 of 13,Phase 2 · day 7 of 13,Gate 19 · Gate 20 · Gate 21 · day 7 of 13,Parah Adumah · Tumat Tzara'at · Metamei Mishkav u'Moshav · set 1 of 14 · day 20 of 28,Bekhorot 12 · review,Story 20 · Parshat Bereshit
21,2026-10-01,20 Tishrei,Bereshit,Torah 25 · KST § 3 (p. 7) · Lo Taaseh 37–38,ש Shin · שב · set 1 · day 21 of 22,Malchut shebeTiferet · shebeChesed · day 21 of 49,נלך · 21 of 72 · יָכִין 21 · יְבָרֶכְךָ,Fall · 21 of 91 · Ratzo · F1 letter 21 · Eicha 1:21 · ש,1st cycle 2 · day 8 of 13 · Noseh Avon,Cycle 1 · day 21 of 41 · Neshamah 1 of 10 · I Am the Lord,OC 41–42 · Orach Chaim · 41 of 728,Bereshit · D5 · P1 · C1,set 1 · 21/28 · Priestly Blessings 1–2,Torah 25 · Zohar I 45–48,§ 3 (p. 7) · Bereshit,Lo Taaseh 37–38,Torah Ohr · Folio 20 · day 21 of 364,Prayer 10 — second half · day 21 of 364,"Tosefta Kilayim 3, 4, 5 &amp; Tosefta Shvi'it 1 · Week 3 · Day 7",Judges 17 & 18 · Week 3 · Day 7,Chapter 2 · cycle 2 · day 8 of 13,Sichos HaRan · §21 of 308 · day 21 of 369,OC 41–42 · half-days 41 & 42,Bereshit,Rav Pe’alim · Vol I · Orach Chayim 5 · Vol I · Orach Chayim 6,Se’if י׳ · day 8 of 13,וְאָהַבְתָּ לְרֵעַךָ כָּמוֹךָ – רַבִּי עַקִיבָא אוֹמֵר זֶה כְּלָל גָדוֹל בַּתּוֹרָה · ויקרא יט:יח,Priestly Blessings 1–2,Shabbat · 1b · Yom Kippur,Purim · Children,Story 1 · 2 · Bereshit,Bekhorot 13 · בְּכוֹרוֹת,Class 20 · of 118,Bereshit · Day 5,Day 21 · of 369,Chapter 2 · cycle 2,The Garden of Peace · cycle 2 of 13,Phase 2 · day 8 of 13,Gate 22 · Gate 23 · Gate 24 · day 8 of 13,She'ar Avot HaTumot · Tumat Ochlin · Kelim · set 1 of 14 · day 21 of 28,Bekhorot 13 · review,Story 21 · Parshat Bereshit
22,2026-10-02,21 Tishrei,Bereshit,Torah 26 · KST § 4 (p. 8) · Lo Taaseh 36–39,ת Tav · תא · set 1 · day 22 of 22,Chesed shebeNetzach · shebeChesed · day 22 of 49,ייי · 22 of 72 · גָּמוּל 22 · יְבָרֶכְךָ,Fall · 22 of 91 · Ratzo · F1 letter 22 · Eicha 1:22 · ת,1st cycle 2 · day 9 of 13 · Noseh Avon,Cycle 1 · day 22 of 41 · Neshamah 2 of 10 · No Other Gods,OC 43–44 · Orach Chaim · 43 of 728,Bereshit · D6 · P1 · C1,set 1 · 22/28 · Priestly Blessings 3–4,Torah 26 · Zohar I 49–50,§ 4 (p. 8) · Bereshit,Lo Taaseh 36–39,Torah Ohr · Folio 21 · day 22 of 364,Prayer 11 — first half · day 22 of 364,Kilayim 7 & 8 · Week 4 · Day 1,Judges 19 & 20 · Week 4 · Day 1,Chapter 2 · cycle 2 · day 9 of 13,Sichos HaRan · §22 of 308 · day 22 of 369,OC 43–44 · half-days 43 & 44,Bereshit,Ben Ish Chai · Halachot,Se’if י״א · day 9 of 13,וְזֶה כָּל הָאָדָם וְתַכְלִית בְּרִיאָתוֹ וּבְרִיאַת כָּל הָעוֹלָמוֹת עֶלְיוֹנִים וְתַּחְתּוֹנִים לִהְיוֹת לוֹ דִירָה זוֹ בְּתַּחְתּוֹנִים · תניא פרק לג,Priestly Blessings 3–4,Shabbat · 1b · Yom Kippur,Purim · Children,Story 1 · 2 · Bereshit,Bekhorot 14 · בְּכוֹרוֹת,Class 21 · of 118,Bereshit · Day 6,Day 22 · of 369,Chapter 2 · cycle 2,The Garden of Peace · cycle 2 of 13,Phase 2 · day 9 of 13,Gate 25 · Gate 26 · Gate 27 · day 9 of 13,Mikvaot · Nizkei Mamon · Genevah · set 1 of 14 · day 22 of 28,Bekhorot 14 · review,Story 22 · Parshat Bereshit
23,2026-10-03,22 Tishrei,Bereshit,Torah 27 · KST § 5–6 (p. 8) · Lo Taaseh 40–41,א Alef · גא · set 2 · day 1 of 22,Gevurah shebeNetzach · shebeChesed · day 23 of 49,מלה · 23 of 72 · דְּלָיָהוּ 23 · יְבָרֶכְךָ,Fall · 23 of 91 · Right Kidney · Eicha 5,1st cycle 2 · day 10 of 13 · Noseh Avon,Cycle 1 · day 23 of 41 · Neshamah 3 of 10 · Not to Profane G-d's Name,OC 45–46 · Orach Chaim · 45 of 728,Bereshit · D7 · P1 · C1,set 1 · 23/28 · Priestly Blessings 5 · Tachanun 1 · Bereshit,Torah 27 · Zohar I 51–52,§ 5–6 (p. 8) · Bereshit,Lo Taaseh 40–41,Torah Ohr · Folio 22 · day 23 of 364,Prayer 11 — second half · day 23 of 364,Kilayim 9 &amp; Shvi'it 1 · Week 4 · Day 2,Judges 21 &amp; Shmuel I 1 · Week 4 · Day 2,Chapter 2 · cycle 2 · day 10 of 13,Sichos HaRan · §23 of 308 · day 23 of 369,OC 45–46 · half-days 45 & 46,Bereshit,Ben Ish Chai · Drash · Bereshit · Drash,Se’if י״ב · day 10 of 13,יִשְׂמַח יִשְׂרָאֵל בְּעוֹשָׂיו פֵּירוּש שֶׁכָּל מִי שֶׁהוּא מִזֶרַע יִשְׂרָאֵל יֵשׁ לוֹ לִשְׂמוֹחַ בְּשִׂמְחַת ה׳ אַשֶׁר שָׂשׂ וְשָׂמֵחַ בְּדִירָתוֹ בְּתַּחְתּוֹנִים · תניא פרק לג,Priestly Blessings 5 · Tachanun 1,Eruvim · 2a · Sukkot,Purim · Children,Story 1 · 2 · Bereshit,Bekhorot 15 · בְּכוֹרוֹת,Class 22 · of 118,Sefer Yetzirah · 1:1,Day 23 · of 369,Chapter 2 · cycle 2,The Garden of Peace · cycle 2 of 13,Phase 2 · day 10 of 13,Gate 28 · Gate 29 · Gate 30 · day 10 of 13,Gezelah v'Avedah · Chovel u'Mazik · Rotze'ach u'Shmirat Ne · set 1 of 14 · day 23 of 28,Bekhorot 15 · review,Story 23 · Parshat Bereshit
24,2026-10-04,23 Tishrei,Bereshit,Torah 28 · KST הסכמה · Lo Taaseh 39–42,ב Bet · דב · set 2 · day 2 of 22,Tiferet shebeNetzach · shebeChesed · day 24 of 49,חהו · 24 of 72 · מַעַזְיָהוּ 24 · יְבָרֶכְךָ,Fall · 24 of 91 · Ratzo · F2 letter 1 · Eicha 2:1 · א,1st cycle 2 · day 11 of 13 · Noseh Avon,Cycle 1 · day 24 of 41 · Neshamah 4 of 10 · The Sabbath,OC 47–48 · Orach Chaim · 47 of 728,Bereshit · D1 · P1 · C1,set 1 · 24/28 · Tachanun 2–3,Torah 28 · Zohar I 53–54,הסכמה · Bereshit,Lo Taaseh 39–42,Torah Ohr · Folio 23 · day 24 of 364,Prayer 12 — first half · day 24 of 364,Shvi'it 2 & 3 · Week 4 · Day 3,Shmuel I 2 & 3 · Week 4 · Day 3,Chapter 2 · cycle 2 · day 11 of 13,Sichos HaRan · §24 of 308 · day 24 of 369,OC 47–48 · half-days 47 & 48,Bereshit,Rav Pe’alim · Vol I · Index 1 · Vol I · Index 2,Overview · day 11 of 13,"All twelve · Mivtza Chinuch, 5736",Tachanun 2–3,Eruvim · 2a · Sukkot,Purim · Children,Story 1 · 2 · Bereshit,Bekhorot 16 · בְּכוֹרוֹת,Class 23 · of 118,Bereshit · Day 1,Day 24 · of 369,Chapter 2 · cycle 2,The Garden of Peace · cycle 2 of 13,Phase 2 · day 11 of 13,Gate 31 · Gate 32 · Ohr Ne’erav I · day 11 of 13,Mechirah · Zechiyah u'Matanah · Shecheinim · set 1 of 14 · day 24 of 28,Bekhorot 16 · review,Story 24 · Parshat Bereshit
25,2026-10-05,24 Tishrei,Bereshit,Torah 29 · KST צוואה · Lo Taaseh 43–44,ג Gimmel · גד · set 2 · day 3 of 22,Netzach shebeNetzach · shebeChesed · day 25 of 49,נתה · 25 of 72 · יְהוֹיָרִיב 1 · ה׳,Fall · 25 of 91 · Ratzo · F2 letter 2 · Eicha 2:2 · ב,1st cycle 2 · day 12 of 13 · Noseh Avon,Cycle 1 · day 25 of 41 · Neshamah 5 of 10 · Honor Parents,OC 49–50 · Orach Chaim · 49 of 728,Bereshit · D2 · P1 · C1,set 1 · 25/28 · Tachanun 4–5,Torah 29 · Zohar I 55–56,צוואה · Bereshit,Lo Taaseh 43–44,Torah Ohr · Folio 24 · day 25 of 364,Prayer 12 — second half · day 25 of 364,Shvi'it 4 & 5 · Week 4 · Day 4,Shmuel I 4 & 5 · Week 4 · Day 4,Chapter 2 · cycle 2 · day 12 of 13,Sichos HaRan · §25 of 308 · day 25 of 369,OC 49–50 · half-days 49 & 50,Bereshit,Rav Pe’alim · Vol I · Index 3 · Vol I · Index 4,Se’if א׳ · day 12 of 13,תּוֹרָה צִוָה לָנוּ מֹשֶׁה מוֹרָשָׁה קְהִלַת יַעֲקֹב · דברים לג:ד,Tachanun 4–5,Eruvim · 2a · Sukkot,Purim · Children,Story 1 · 2 · Bereshit,Bekhorot 17 · בְּכוֹרוֹת,Class 24 · of 118,Bereshit · Day 2,Day 25 · of 369,Chapter 2 · cycle 2,The Garden of Peace · cycle 2 of 13,Phase 2 · day 12 of 13,Ohr Ne’erav II · Ohr Ne’erav III · Ohr Ne’erav IV · day 12 of 13,Shluchin v'Shutafin · Avadim · Sechirut · set 1 of 14 · day 25 of 28,Bekhorot 17 · review,Story 25 · Parshat Bereshit
26,2026-10-06,25 Tishrei,Bereshit,Torah 30 · KST § 1 (p. 4) · Lo Taaseh 42–45,ד Dalet · דג · set 2 · day 4 of 22,Hod shebeNetzach · shebeChesed · day 26 of 49,האא · 26 of 72 · יְדַעְיָה 2 · ה׳,Fall · 26 of 91 · Ratzo · F2 letter 3 · Eicha 2:3 · ג,1st cycle 2 · day 13 of 13 · Noseh Avon,Cycle 1 · day 26 of 41 · Neshamah 6 of 10 · Do Not Murder,OC 51–52 · Orach Chaim · 51 of 728,Bereshit · D3 · P1 · C1,set 1 · 26/28 · Sidra Kaddish 1 · Reading the Torah 1,Torah 30 · Zohar I 57–58,§ 1 (p. 4) · Bereshit,Lo Taaseh 42–45,Torah Ohr · Folio 25 · day 26 of 364,Prayer 13 — first half · day 26 of 364,Shvi'it 6 & 7 · Week 4 · Day 5,Shmuel I 6 & 7 · Week 4 · Day 5,Chapter 2 · cycle 2 · day 13 of 13,Sichos HaRan · §26 of 308 · day 26 of 369,OC 51–52 · half-days 51 & 52,Bereshit,Rav Pe’alim · Vol I · Orach Chayim 1 · Vol I · Orach Chayim 2,Se’if ב׳ · day 13 of 13,שְׁמַע יִשְׂרָאֵל ה׳ אֶלֹקֵינוּ ה׳ אֶחָד · דברים ו:ד,Sidra Kaddish 1 · Reading the Torah 1,Eruvim · 2a · Sukkot,Purim · Children,Story 1 · 2 · Bereshit,Bekhorot 18 · בְּכוֹרוֹת,Class 25 · of 118,Bereshit · Day 3,Day 26 · of 369,Chapter 2 · cycle 2,The Garden of Peace · cycle 2 of 13,Phase 2 · day 13 of 13,Ohr Ne’erav V · Ohr Ne’erav VI · Ohr Ne’erav VII · day 13 of 13,She'elah u'Fikadon · Malveh v'Loveh · To'en v'Nit'an · set 1 of 14 · day 26 of 28,Bekhorot 18 · review,Story 26 · Parshat Bereshit
27,2026-10-07,26 Tishrei,Bereshit,Torah 31 · KST § 2 (p. 5) · Lo Taaseh 46–47,ה Heh · הד · set 2 · day 5 of 22,Yesod shebeNetzach · shebeChesed · day 27 of 49,ירת · 27 of 72 · חָרִם 3 · ה׳,Fall · 27 of 91 · Ratzo · F2 letter 4 · Eicha 2:4 · ד,1st cycle 3 · day 1 of 13 · Ve'over Al-Pesha,Cycle 1 · day 27 of 41 · Neshamah 7 of 10 · Faithfulness,OC 53–54 · Orach Chaim · 53 of 728,Bereshit · D4 · P1 · C1,set 1 · 27/28 · Reading the Torah 2–3,Torah 31 · Zohar I 59–60,§ 2 (p. 5) · Bereshit,Lo Taaseh 46–47,Torah Ohr · Folio 26 · day 27 of 364,Prayer 13 — second half · day 27 of 364,"Tosefta Shvi'it 2, 3, 4, 5 · Week 4 · Day 6",Shmuel I 8 & 9 · Week 4 · Day 6,Chapter 3 · cycle 3 · day 1 of 13,Sichos HaRan · §27 of 308 · day 27 of 369,OC 53–54 · half-days 53 & 54,Bereshit,Rav Pe’alim · Vol I · Orach Chayim 3 · Vol I · Orach Chayim 4,Se’if ג׳ · day 1 of 13,"בְּכָל דוֹר וָדוֹר חַיָיב אָדָם לִרְאוֹת אֶת עַצְמוֹ כְּאִלוּ הוּא יָצָא מִמִצְרָיִם · פסחים קטז,ב",Reading the Torah 2–3,Eruvim · 2a · Sukkot,Purim · Children,Story 1 · 2 · Bereshit,Bekhorot 19 · בְּכוֹרוֹת,Class 26 · of 118,Bereshit · Day 4,Day 27 · of 369,Chapter 3 · cycle 3,Women's Wisdom · cycle 3 of 13,Phase 3 · day 1 of 13,Gate 1 · Gate 2 · Gate 3 · day 1 of 13,Nachalot · Sanhedrin · Edut · set 1 of 14 · day 27 of 28,Bekhorot 19 · review,Story 27 · Parshat Bereshit
28,2026-10-08,27 Tishrei,Bereshit,Torah 32 · KST § 3 (p. 7) · Lo Taaseh 45–48,ו Vav · וג · set 2 · day 6 of 22,Malchut shebeNetzach · shebeChesed · day 28 of 49,שאה · 28 of 72 · שְׂעֹרִים 4 · ה׳,Fall · 28 of 91 · Ratzo · F2 letter 5 · Eicha 2:5 · ה,1st cycle 3 · day 2 of 13 · Ve'over Al-Pesha,Cycle 1 · day 28 of 41 · Neshamah 8 of 10 · Do Not Steal,OC 55–56 · Orach Chaim · 55 of 728,Bereshit · D5 · P1 · C1,set 1 · 28/28 · Reading the Torah 4–5,Torah 32 · Zohar I 61–64,§ 3 (p. 7) · Bereshit,Lo Taaseh 45–48,Torah Ohr · Folio 27 · day 28 of 364,Prayer 14 — first half · day 28 of 364,"Tosefta Shvi'it 6, 7, 8 &amp; Tosefta Trumot 1 · Week 4 · Day 7",Shmuel I 10 & 11 · Week 4 · Day 7,Chapter 3 · cycle 3 · day 2 of 13,Sichos HaRan · §28 of 308 · day 28 of 369,OC 55–56 · half-days 55 & 56,Bereshit,Rav Pe’alim · Vol I · Orach Chayim 5 · Vol I · Orach Chayim 6,Se’if ד׳ · day 2 of 13,"כָּל יִשְׂרָאֵל יֵשׁ לָהֶם חֵלֶק לְעוֹלָם הַבָּא שֶׁנֶאֱמַר וְעַמֵךְ כּוּלָם צַדִיקִים לְעוֹלָם יִירְשׁוּ אָרֶץ נֵצֶר מַטָעַי מַעֲשֵׂה יָדַי לְהִתְפָּאֵר · סנהדרין צ,א",Reading the Torah 4–5,Eruvim · 2a · Sukkot,Purim · Children,Story 1 · 2 · Bereshit,Bekhorot 20 · בְּכוֹרוֹת,Class 27 · of 118,Bereshit · Day 5,Day 28 · of 369,Chapter 3 · cycle 3,Women's Wisdom · cycle 3 of 13,Phase 3 · day 2 of 13,Gate 4 · Gate 5 · Gate 6 · day 2 of 13,Mamrim · Evel · Melachim u'Milchamos · set 1 of 14 · day 28 of 28,Bekhorot 20 · review,Story 28 · Parshat Bereshit
29,2026-10-09,28 Tishrei,Bereshit,Torah 33 · KST § 4 (p. 8) · Lo Taaseh 49–50,ז Zayin · זד · set 2 · day 7 of 22,Chesed shebeHod · shebeChesed · day 29 of 49,ריי · 29 of 72 · מַלְכִּיָּה 5 · ה׳,Fall · 29 of 91 · Ratzo · F2 letter 6 · Eicha 2:6 · ו,1st cycle 3 · day 3 of 13 · Ve'over Al-Pesha,Cycle 1 · day 29 of 41 · Neshamah 9 of 10 · Truth / No False Witness,OC 57–58 · Orach Chaim · 57 of 728,Bereshit · D6 · P1 · C1,set 2 · 1/28 · Reading the Torah 6 · Synagogue 1,Torah 33 · Zohar I 65–66,§ 4 (p. 8) · Bereshit,Lo Taaseh 49–50,Torah Ohr · Folio 28 · day 29 of 364,Prayer 14 — second half · day 29 of 364,Shvi'it 8 & 9 · Week 5 · Day 1,Shmuel I 12 & 13 · Week 5 · Day 1,Chapter 3 · cycle 3 · day 3 of 13,Sichos HaRan · §29 of 308 · day 29 of 369,OC 57–58 · half-days 57 & 58,Bereshit,Ben Ish Chai · Halachot,Se’if ה׳ · day 3 of 13,כִּי קָרוֹב אֵלֶיךָ הַדָבָר מְאֹד בְּפִיךָ וּבִּלְבָבְךָ לַעֲשׂוֹתוֹ · דברים ל:יד,Reading the Torah 6 · Synagogue 1,Eruvim · 2a · Sukkot,Purim · Children,Story 1 · 2 · Bereshit,Bekhorot 21 · בְּכוֹרוֹת,Class 28 · of 118,Bereshit · Day 6,Day 29 · of 369,Chapter 3 · cycle 3,Women's Wisdom · cycle 3 of 13,Phase 3 · day 3 of 13,Gate 7 · Gate 8 · Gate 9 · day 3 of 13,Enumeration of the 613 Mitzvos · Yesodei HaTorah · De'ot · set 2 of 14 · day 1 of 28,Bekhorot 21 · review,Story 29 · Parshat Bereshit
30,2026-10-10,29 Tishrei,Bereshit,Torah 34 · KST § 5–6 (p. 8) · Lo Taaseh 48–51,ח Chet · חג · set 2 · day 8 of 22,Gevurah shebeHod · shebeChesed · day 30 of 49,אום · 30 of 72 · מִיָּמִן 6 · ה׳,Fall · 30 of 91 · Ratzo · F2 letter 7 · Eicha 2:7 · ז,1st cycle 3 · day 4 of 13 · Ve'over Al-Pesha,Cycle 1 · day 30 of 41 · Neshamah 10 of 10 · Do Not Covet,OC 59–60 · Orach Chaim · 59 of 728,Bereshit · D7 · P1 · C1,set 2 · 2/28 · Synagogue 2–3 · Bereshit,Torah 34 · Zohar I 67–68,§ 5–6 (p. 8) · Bereshit,Lo Taaseh 48–51,Torah Ohr · Folio 29 · day 30 of 364,Prayer 15 — first half · day 30 of 364,Shvi'it 10 &amp; Trumot 1 · Week 5 · Day 2,Shmuel I 14 & 15 · Week 5 · Day 2,Chapter 3 · cycle 3 · day 4 of 13,Sichos HaRan · §30 of 308 · day 30 of 369,OC 59–60 · half-days 59 & 60,Bereshit,Ben Ish Chai · Drash · Bereshit · Drash,Se’if ו׳ · day 4 of 13,וְהִנֵה ה׳ נִצָב עָלָיו וּמְלֹא כָל הָאָרֶץ כּבוֹדוֹ וּמַבִּיט עָלָיו וּבוֹחֵן כְּלָיוֹת וָלֵב אִם עוֹבְדוֹ כָּרָאוּי · תניא פרק מא,Synagogue 2–3,Eruvim · 2a · Sukkot,Purim · Children,Story 1 · 2 · Bereshit,Bekhorot 22 · בְּכוֹרוֹת,Class 29 · of 118,Sefer Yetzirah · 1:1,Day 30 · of 369,Chapter 3 · cycle 3,Women's Wisdom · cycle 3 of 13,Phase 3 · day 4 of 13,Gate 10 · Gate 11 · Gate 12 · day 4 of 13,Talmud Torah · Avodah Zarah · Teshuvah · set 2 of 14 · day 2 of 28,Bekhorot 22 · review,Story 30 · Parshat Bereshit
31,2026-10-11,30 Tishrei,Noach,Torah 35 · KST § 7 (p. 9) · Lo Taaseh 52–53,ט Tet · טד · set 2 · day 9 of 22,Tiferet shebeHod · shebeChesed · day 31 of 49,לכב · 31 of 72 · הַקּוֹץ 7 · ה׳,Fall · 31 of 91 · Ratzo · F2 letter 8 · Eicha 2:8 · ח,1st cycle 3 · day 5 of 13 · Ve'over Al-Pesha,Cycle 1 · day 31 of 41 · Chayah 1 of 10 · I Am the Lord,OC 61–62 · Orach Chaim · 61 of 728,Noach · D1 · P2 · C1,set 2 · 3/28 · Synagogue 4–5,Torah 35 · Zohar I 69–70,§ 7 (p. 9) · Noach,Lo Taaseh 52–53,Torah Ohr · Folio 30 · day 31 of 364,Prayer 15 — second half · day 31 of 364,Trumot 2 & 3 · Week 5 · Day 3,Shmuel I 16 & 17 · Week 5 · Day 3,Chapter 3 · cycle 3 · day 5 of 13,Sichos HaRan · §31 of 308 · day 31 of 369,OC 61–62 · half-days 61 & 62,Noach,Rav Pe’alim · Vol I · Orach Chayim 7 · Vol I · Orach Chayim 8,Se’if ז׳ · day 5 of 13,בְּרֵאשִׁית בָּרָא אֶלֹקִים אֵת הַשָׁמַיִם וְאֵת הָאָרֶץ · בראשית א:א,Synagogue 4–5,Eruvim · 2a · Sukkot,No to Drugs — 1/2 · No to Drugs — 2/2,Story 3 · 4 · Noach,Bekhorot 23 · בְּכוֹרוֹת,Class 30 · of 118,Noach · Day 1,Day 31 · of 369,Chapter 3 · cycle 3,Women's Wisdom · cycle 3 of 13,Phase 3 · day 5 of 13,Gate 13 · Gate 14 · Gate 15 · day 5 of 13,"Kriat Shema · Tefilah u'Birkat Kohanim · Tefillin, Mezuzah · set 2 of 14 · day 3 of 28",Bekhorot 23 · review,Story 31 · Parshat Noach
32,2026-10-12,1 Cheshvan,Noach,Torah 36 · KST § 8 (p. 9) · Lo Taaseh 51–54,י Yud · יג · set 2 · day 10 of 22,Netzach shebeHod · shebeChesed · day 32 of 49,ושר · 32 of 72 · אֲבִיָּה 8 · ה׳,Fall · 32 of 91 · Ratzo · F2 letter 9 · Eicha 2:9 · ט,1st cycle 3 · day 6 of 13 · Ve'over Al-Pesha,Cycle 1 · day 32 of 41 · Chayah 2 of 10 · No Other Gods,OC 63–64 · Orach Chaim · 63 of 728,Noach · D2 · P2 · C1,set 2 · 4/28 · Synagogue 6 · Business 1,Torah 36 · Zohar I 71–72,§ 8 (p. 9) · Noach,Lo Taaseh 51–54,Torah Ohr · Folio 31 · day 32 of 364,Prayer 16 — first half · day 32 of 364,Trumot 4 & 5 · Week 5 · Day 4,Shmuel I 18 & 19 · Week 5 · Day 4,Chapter 3 · cycle 3 · day 6 of 13,Sichos HaRan · §32 of 308 · day 32 of 369,OC 63–64 · half-days 63 & 64,Noach,Rav Pe’alim · Vol I · Orach Chayim 9 · Vol I · Orach Chayim 10,Se’if ח׳ · day 6 of 13,וְשִׁנַנְתָּם לְבָנֶיךָ וְדִבַּרְתָּ בָּם בְּשִׁבְתְּךָ בְּבֵיתֶךָ וּבְלֶכְתְּךָ בַדֶרֶךְ וּבְשָׁכְבְּךָ וּבְקוּמֶךָ · דברים ו:ז,Synagogue 6 · Business 1,Eruvim · 2a · Sukkot,No to Drugs — 1/2 · No to Drugs — 2/2,Story 3 · 4 · Noach,Bekhorot 24 · בְּכוֹרוֹת,Class 31 · of 118,Noach · Day 2,Day 32 · of 369,Chapter 3 · cycle 3,Women's Wisdom · cycle 3 of 13,Phase 3 · day 6 of 13,Gate 16 · Gate 17 · Gate 18 · day 6 of 13,Tzitzit · Berachot · Milah · set 2 of 14 · day 4 of 28,Bekhorot 24 · review,Story 32 · Parshat Noach
33,2026-10-13,2 Cheshvan,Noach,Torah 37 · KST § 9 (p. 9) · Lo Taaseh 55–56,כ Kaf · כד · set 2 · day 11 of 22,Hod shebeHod · shebeChesed · day 33 of 49,יחו · 33 of 72 · יֵשׁוּעַ 9 · ה׳,Fall · 33 of 91 · Ratzo · F2 letter 10 · Eicha 2:10 · י,1st cycle 3 · day 7 of 13 · Ve'over Al-Pesha,Cycle 1 · day 33 of 41 · Chayah 3 of 10 · Not to Profane G-d's Name,OC 65–66 · Orach Chaim · 65 of 728,Noach · D3 · P2 · C1,set 2 · 5/28 · Business 2–3,Torah 37 · Zohar I 73–74,§ 9 (p. 9) · Noach,Lo Taaseh 55–56,Torah Ohr · Folio 32 · day 33 of 364,Prayer 16 — second half · day 33 of 364,Trumot 6 & 7 · Week 5 · Day 5,Shmuel I 20 & 21 · Week 5 · Day 5,Chapter 3 · cycle 3 · day 7 of 13,Sichos HaRan · §33 of 308 · day 33 of 369,OC 65–66 · half-days 65 & 66,Noach,Rav Pe’alim · Vol I · Orach Chayim 11 · Vol I · Orach Chayim 12,Se’if ט׳ · day 7 of 13,"יָגַעְתִּי וְלֹא מָצָאתִי אַל תַּאַמִין לֹא יָגַעְתִּי וּמָצָאתִי אַל תַּאַמִין יָגַעְתִּי וּמָצָאתִי תַּאַמִין · מגילה ו,ב",Business 2–3,Eruvim · 2a · Sukkot,No to Drugs — 1/2 · No to Drugs — 2/2,Story 3 · 4 · Noach,Bekhorot 25 · בְּכוֹרוֹת,Class 32 · of 118,Noach · Day 3,Day 33 · of 369,Chapter 3 · cycle 3,Women's Wisdom · cycle 3 of 13,Phase 3 · day 7 of 13,Gate 19 · Gate 20 · Gate 21 · day 7 of 13,Shabbat · Eruvin · Shevitat Asor · set 2 of 14 · day 5 of 28,Bekhorot 25 · review,Story 33 · Parshat Noach
34,2026-10-14,3 Cheshvan,Noach,Torah 38 · KST § 10 (p. 10) · Lo Taaseh 54–57,ל Lamed · לג · set 2 · day 12 of 22,Yesod shebeHod · shebeChesed · day 34 of 49,להח · 34 of 72 · שְׁכַנְיָהוּ 10 · ה׳,Fall · 34 of 91 · Ratzo · F2 letter 11 · Eicha 2:11 · כ,1st cycle 3 · day 8 of 13 · Ve'over Al-Pesha,Cycle 1 · day 34 of 41 · Chayah 4 of 10 · The Sabbath,OC 67–68 · Orach Chaim · 67 of 728,Noach · D4 · P2 · C1,set 2 · 6/28 · Business 4 · Washing Hands for a Meal 1,Torah 38 · Zohar I 75–76,§ 10 (p. 10) · Noach,Lo Taaseh 54–57,Torah Ohr · Folio 33 · day 34 of 364,Prayer 17 — first half · day 34 of 364,"Tosefta Trumot 2, 3, 4, 5 · Week 5 · Day 6",Shmuel I 22 & 23 · Week 5 · Day 6,Chapter 3 · cycle 3 · day 8 of 13,Sichos HaRan · §34 of 308 · day 34 of 369,OC 67–68 · half-days 67 & 68,Noach,Rav Pe’alim · Vol I · Orach Chayim 13 · Vol I · Orach Chayim 14,Se’if י׳ · day 8 of 13,וְאָהַבְתָּ לְרֵעַךָ כָּמוֹךָ – רַבִּי עַקִיבָא אוֹמֵר זֶה כְּלָל גָדוֹל בַּתּוֹרָה · ויקרא יט:יח,Business 4 · Washing Hands for a Meal 1,Pesachim · 2b · Cheshvan,No to Drugs — 1/2 · No to Drugs — 2/2,Story 3 · 4 · Noach,Bekhorot 26 · בְּכוֹרוֹת,Class 33 · of 118,Noach · Day 4,Day 34 · of 369,Chapter 3 · cycle 3,Women's Wisdom · cycle 3 of 13,Phase 3 · day 8 of 13,Gate 22 · Gate 23 · Gate 24 · day 8 of 13,"Shevitat Yom Tov · Chametz u'Matzah · Shofar, Sukkah v'Lul · set 2 of 14 · day 6 of 28",Bekhorot 26 · review,Story 34 · Parshat Noach
35,2026-10-15,4 Cheshvan,Noach,Torah 39 · KST § 11 (p. 11) · Lo Taaseh 58–59,מ Mem · מד · set 2 · day 13 of 22,Malchut shebeHod · shebeChesed · day 35 of 49,כוק · 35 of 72 · אֶלְיָשִׁיב 11 · ה׳,Fall · 35 of 91 · Ratzo · F2 letter 12 · Eicha 2:12 · ל,1st cycle 3 · day 9 of 13 · Ve'over Al-Pesha,Cycle 1 · day 35 of 41 · Chayah 5 of 10 · Honor Parents,OC 69–70 · Orach Chaim · 69 of 728,Noach · D5 · P2 · C1,set 2 · 7/28 · Washing Hands for a Meal 2–3,Torah 39 · Zohar I 77–80,§ 11 (p. 11) · Noach,Lo Taaseh 58–59,Torah Ohr · Folio 34 · day 35 of 364,Prayer 17 — second half · day 35 of 364,"Tosefta Trumot 6, 7, 8, 9 · Week 5 · Day 7",Shmuel I 24 & 25 · Week 5 · Day 7,Chapter 3 · cycle 3 · day 9 of 13,Sichos HaRan · §35 of 308 · day 35 of 369,OC 69–70 · half-days 69 & 70,Noach,Rav Pe’alim · Vol I · Orach Chayim 15 · Vol I · Orach Chayim 16,Se’if י״א · day 9 of 13,וְזֶה כָּל הָאָדָם וְתַכְלִית בְּרִיאָתוֹ וּבְרִיאַת כָּל הָעוֹלָמוֹת עֶלְיוֹנִים וְתַּחְתּוֹנִים לִהְיוֹת לוֹ דִירָה זוֹ בְּתַּחְתּוֹנִים · תניא פרק לג,Washing Hands for a Meal 2–3,Pesachim · 2b · Cheshvan,No to Drugs — 1/2 · No to Drugs — 2/2,Story 3 · 4 · Noach,Bekhorot 27 · בְּכוֹרוֹת,Class 34 · of 118,Noach · Day 5,Day 35 · of 369,Chapter 3 · cycle 3,Women's Wisdom · cycle 3 of 13,Phase 3 · day 9 of 13,Gate 25 · Gate 26 · Gate 27 · day 9 of 13,Shekalim · Kiddush HaChodesh · Ta'aniyot · set 2 of 14 · day 7 of 28,Bekhorot 27 · review,Story 35 · Parshat Noach
36,2026-10-16,5 Cheshvan,Noach,Torah 40 · KST § 12 (p. 11) · Lo Taaseh 57–60,נ Nun · נג · set 2 · day 14 of 22,Chesed shebeYesod · shebeChesed · day 36 of 49,מנד · 36 of 72 · יָקִים 12 · ה׳,Fall · 36 of 91 · Ratzo · F2 letter 13 · Eicha 2:13 · מ,1st cycle 3 · day 10 of 13 · Ve'over Al-Pesha,Cycle 1 · day 36 of 41 · Chayah 6 of 10 · Do Not Murder,OC 71–72 · Orach Chaim · 71 of 728,Noach · D6 · P2 · C1,set 2 · 8/28 · Washing Hands for a Meal 4–5,Torah 40 · Zohar I 81–82,§ 12 (p. 11) · Noach,Lo Taaseh 57–60,Torah Ohr · Folio 35 · day 36 of 364,Prayer 18 — first half · day 36 of 364,Trumot 8 & 9 · Week 6 · Day 1,Shmuel I 26 & 27 · Week 6 · Day 1,Chapter 3 · cycle 3 · day 10 of 13,Sichos HaRan · §36 of 308 · day 36 of 369,OC 71–72 · half-days 71 & 72,Noach,Ben Ish Chai · Halachot,Se’if י״ב · day 10 of 13,יִשְׂמַח יִשְׂרָאֵל בְּעוֹשָׂיו פֵּירוּש שֶׁכָּל מִי שֶׁהוּא מִזֶרַע יִשְׂרָאֵל יֵשׁ לוֹ לִשְׂמוֹחַ בְּשִׂמְחַת ה׳ אַשֶׁר שָׂשׂ וְשָׂמֵחַ בְּדִירָתוֹ בְּתַּחְתּוֹנִים · תניא פרק לג,Washing Hands for a Meal 4–5,Pesachim · 2b · Cheshvan,No to Drugs — 1/2 · No to Drugs — 2/2,Story 3 · 4 · Noach,Bekhorot 28 · בְּכוֹרוֹת,Class 35 · of 118,Noach · Day 6,Day 36 · of 369,Chapter 3 · cycle 3,Women's Wisdom · cycle 3 of 13,Phase 3 · day 10 of 13,Gate 28 · Gate 29 · Gate 30 · day 10 of 13,Megillah v'Chanukah · Ishut · Geirushin · set 2 of 14 · day 8 of 28,Bekhorot 28 · review,Story 36 · Parshat Noach
37,2026-10-17,6 Cheshvan,Noach,Torah 41 · KST § 13–14 (p. 12) · Lo Taaseh 61–62,ס Samech · סד · set 2 · day 15 of 22,Gevurah shebeYesod · shebeChesed · day 37 of 49,אני · 37 of 72 · חֻפָּה 13 · ה׳,Fall · 37 of 91 · Ratzo · F2 letter 14 · Eicha 2:14 · נ,1st cycle 3 · day 11 of 13 · Ve'over Al-Pesha,Cycle 1 · day 37 of 41 · Chayah 7 of 10 · Faithfulness,OC 73–74 · Orach Chaim · 73 of 728,Noach · D7 · P2 · C1,set 2 · 9/28 · Washing Hands for a Meal 6 · Meals 1 · Noach,Torah 41 · Zohar I 83–84,§ 13–14 (p. 12) · Noach,Lo Taaseh 61–62,Torah Ohr · Folio 36 · day 37 of 364,Prayer 18 — second half · day 37 of 364,Trumot 10 & 11 · Week 6 · Day 2,Shmuel I 28 & 29 · Week 6 · Day 2,Chapter 3 · cycle 3 · day 11 of 13,Sichos HaRan · §37 of 308 · day 37 of 369,OC 73–74 · half-days 73 & 74,Noach,Ben Ish Chai · Drash · Noach · Drash,Overview · day 11 of 13,"All twelve · Mivtza Chinuch, 5736",Washing Hands for a Meal 6 · Meals 1,Pesachim · 2b · Cheshvan,No to Drugs — 1/2 · No to Drugs — 2/2,Story 3 · 4 · Noach,Bekhorot 29 · בְּכוֹרוֹת,Class 36 · of 118,Sefer Yetzirah · 1:2,Day 37 · of 369,Chapter 3 · cycle 3,Women's Wisdom · cycle 3 of 13,Phase 3 · day 11 of 13,Gate 31 · Gate 32 · Ohr Ne’erav I · day 11 of 13,Yibum v'Chalitzah · Na'arah Betulah · Sotah · set 2 of 14 · day 9 of 28,Bekhorot 29 · review,Story 37 · Parshat Noach
38,2026-10-18,7 Cheshvan,Lech Lecha,Torah 42 · KST § 15 (p. 12) · Lo Taaseh 60–63,ע Ayin · עג · set 2 · day 16 of 22,Tiferet shebeYesod · shebeChesed · day 38 of 49,חעם · 38 of 72 · יֶשֶׁבְאָב 14 · ה׳,Fall · 38 of 91 · Ratzo · F2 letter 15 · Eicha 2:15 · ס,1st cycle 3 · day 12 of 13 · Ve'over Al-Pesha,Cycle 1 · day 38 of 41 · Chayah 8 of 10 · Do Not Steal,OC 75–76 · Orach Chaim · 75 of 728,Lech Lecha · D1 · P3 · C1,set 2 · 10/28 · Meals 2–3,Torah 42 · Zohar I 85–86,§ 15 (p. 12) · Lech Lecha,Lo Taaseh 60–63,Torah Ohr · Folio 37 · day 38 of 364,Prayer 19 — first half · day 38 of 364,Maasrot 1 & 2 · Week 6 · Day 3,Shmuel I 30 & 31 · Week 6 · Day 3,Chapter 3 · cycle 3 · day 12 of 13,Sichos HaRan · §38 of 308 · day 38 of 369,OC 75–76 · half-days 75 & 76,Lech Lecha,Rav Pe’alim · Vol I · Orach Chayim 17 · Vol I · Orach Chayim 18,Se’if א׳ · day 12 of 13,תּוֹרָה צִוָה לָנוּ מֹשֶׁה מוֹרָשָׁה קְהִלַת יַעֲקֹב · דברים לג:ד,Meals 2–3,Pesachim · 2b · Cheshvan,Strengthening — 1/17 · Strengthening — 2/17,Story 5 · 6 · Lech Lecha,Bekhorot 30 · בְּכוֹרוֹת,Class 37 · of 118,Lech Lecha · Day 1,Day 38 · of 369,Chapter 3 · cycle 3,Women's Wisdom · cycle 3 of 13,Phase 3 · day 12 of 13,Ohr Ne’erav II · Ohr Ne’erav III · Ohr Ne’erav IV · day 12 of 13,Issurei Biah · Ma'achalot Assurot · Shechitah · set 2 of 14 · day 10 of 28,Bekhorot 30 · review,Story 38 · Parshat Lech Lecha
39,2026-10-19,8 Cheshvan,Lech Lecha,Torah 43 · KST § 16 (p. 13) · Lo Taaseh 64–65,פ Peh · פד · set 2 · day 17 of 22,Netzach shebeYesod · shebeChesed · day 39 of 49,רעה · 39 of 72 · בִּלְגָּה 15 · ה׳,Fall · 39 of 91 · Ratzo · F2 letter 16 · Eicha 2:16 · פ,1st cycle 3 · day 13 of 13 · Ve'over Al-Pesha,Cycle 1 · day 39 of 41 · Chayah 9 of 10 · Truth / No False Witness,OC 77–78 · Orach Chaim · 77 of 728,Lech Lecha · D2 · P3 · C1,set 2 · 11/28 · Meals 4–5,Torah 43 · Zohar I 87–88,§ 16 (p. 13) · Lech Lecha,Lo Taaseh 64–65,Torah Ohr · Folio 38 · day 39 of 364,Prayer 19 — second half · day 39 of 364,Maasrot 3 & 4 · Week 6 · Day 4,Shmuel II 1 & 2 · Week 6 · Day 4,Chapter 3 · cycle 3 · day 13 of 13,Sichos HaRan · §39 of 308 · day 39 of 369,OC 77–78 · half-days 77 & 78,Lech Lecha,Rav Pe’alim · Vol I · Orach Chayim 19 · Vol I · Orach Chayim 20,Se’if ב׳ · day 13 of 13,שְׁמַע יִשְׂרָאֵל ה׳ אֶלֹקֵינוּ ה׳ אֶחָד · דברים ו:ד,Meals 4–5,Pesachim · 2b · Cheshvan,Strengthening — 1/17 · Strengthening — 2/17,Story 5 · 6 · Lech Lecha,Bekhorot 31 · בְּכוֹרוֹת,Class 38 · of 118,Lech Lecha · Day 2,Day 39 · of 369,Chapter 3 · cycle 3,Women's Wisdom · cycle 3 of 13,Phase 3 · day 13 of 13,Ohr Ne’erav V · Ohr Ne’erav VI · Ohr Ne’erav VII · day 13 of 13,Shevuot · Nedarim · Nezirut · set 2 of 14 · day 11 of 28,Bekhorot 31 · review,Story 39 · Parshat Lech Lecha
40,2026-10-20,9 Cheshvan,Lech Lecha,Torah 44 · KST § 17 (p. 13) · Lo Taaseh 63–66,צ Tzaddik · צג · set 2 · day 18 of 22,Hod shebeYesod · shebeChesed · day 40 of 49,ייז · 40 of 72 · אִמֵּר 16 · ה׳,Fall · 40 of 91 · Ratzo · F2 letter 17 · Eicha 2:17 · ע,1st cycle 4 · day 1 of 13 · Lish'eirit Nachalato,Cycle 1 · day 40 of 41 · Chayah 10 of 10 · Do Not Covet,OC 79–80 · Orach Chaim · 79 of 728,Lech Lecha · D3 · P3 · C1,set 2 · 12/28 · Grace After Meals 1–2,Torah 44 · Zohar I 89–90,§ 17 (p. 13) · Lech Lecha,Lo Taaseh 63–66,Torah Ohr · Folio 39 · day 40 of 364,Prayer 20 — first half · day 40 of 364,Maasrot 5 &amp; Maaser Sheni 1 · Week 6 · Day 5,Shmuel II 3 & 4 · Week 6 · Day 5,Chapter 4 · cycle 4 · day 1 of 13,Sichos HaRan · §40 of 308 · day 40 of 369,OC 79–80 · half-days 79 & 80,Lech Lecha,Rav Pe’alim · Vol I · Orach Chayim 21 · Vol I · Orach Chayim 22,Se’if ג׳ · day 1 of 13,"בְּכָל דוֹר וָדוֹר חַיָיב אָדָם לִרְאוֹת אֶת עַצְמוֹ כְּאִלוּ הוּא יָצָא מִמִצְרָיִם · פסחים קטז,ב",Grace After Meals 1–2,Pesachim · 2b · Cheshvan,Strengthening — 1/17 · Strengthening — 2/17,Story 5 · 6 · Lech Lecha,Bekhorot 32 · בְּכוֹרוֹת,Class 39 · of 118,Lech Lecha · Day 3,Day 40 · of 369,Chapter 4 · cycle 4,The Garden of Yearning · cycle 4 of 13,Phase 4 · day 1 of 13,Gate 1 · Gate 2 · Gate 3 · day 1 of 13,Erchin v'Charamin · Kilayim · Matnot Aniyim · set 2 of 14 · day 12 of 28,Bekhorot 32 · review,Story 40 · Parshat Lech Lecha
41,2026-10-21,10 Cheshvan,Lech Lecha,Torah 45 · KST § 18 (p. 14) · Lo Taaseh 67–68,ק Kuf · קד · set 2 · day 19 of 22,Yesod shebeYesod · shebeChesed · day 41 of 49,ההה · 41 of 72 · חֵזִיר 17 · ה׳,Fall · 41 of 91 · Ratzo · F2 letter 18 · Eicha 2:18 · צ,1st cycle 4 · day 2 of 13 · Lish'eirit Nachalato,,OC 81–82 · Orach Chaim · 81 of 728,Lech Lecha · D4 · P3 · C1,set 2 · 13/28 · Grace After Meals 3–4,Torah 45 · Zohar I 91–92,§ 18 (p. 14) · Lech Lecha,Lo Taaseh 67–68,Torah Ohr · Folio 40 · day 41 of 364,Prayer 20 — second half · day 41 of 364,"Tosefta Trumot 10 &amp; Tosefta Maasrot 1, 2, 3 · Week 6 · Day 6",Shmuel II 5 & 6 · Week 6 · Day 6,Chapter 4 · cycle 4 · day 2 of 13,Sichos HaRan · §41 of 308 · day 41 of 369,OC 81–82 · half-days 81 & 82,Lech Lecha,Rav Pe’alim · Vol I · Orach Chayim 23 · Vol I · Orach Chayim 24,Se’if ד׳ · day 2 of 13,"כָּל יִשְׂרָאֵל יֵשׁ לָהֶם חֵלֶק לְעוֹלָם הַבָּא שֶׁנֶאֱמַר וְעַמֵךְ כּוּלָם צַדִיקִים לְעוֹלָם יִירְשׁוּ אָרֶץ נֵצֶר מַטָעַי מַעֲשֵׂה יָדַי לְהִתְפָּאֵר · סנהדרין צ,א",Grace After Meals 3–4,Pesachim · 2b · Cheshvan,Strengthening — 1/17 · Strengthening — 2/17,Story 5 · 6 · Lech Lecha,Bekhorot 33 · בְּכוֹרוֹת,Class 40 · of 118,Lech Lecha · Day 4,Day 41 · of 369,Chapter 4 · cycle 4,The Garden of Yearning · cycle 4 of 13,Phase 4 · day 2 of 13,Gate 4 · Gate 5 · Gate 6 · day 2 of 13,Terumot · Ma'aserot · Ma'aser Sheni v'Neta Revai · set 2 of 14 · day 13 of 28,Bekhorot 33 · review,Story 41 · Parshat Lech Lecha
42,2026-10-22,11 Cheshvan,Lech Lecha,Torah 46 · KST § 19 (p. 14) · Lo Taaseh 66–69,ר Reish · רג · set 2 · day 20 of 22,Malchut shebeYesod · shebeChesed · day 42 of 49,מיכ · 42 of 72 · הַפִּצֵּץ 18 · ה׳,Fall · 42 of 91 · Ratzo · F2 letter 19 · Eicha 2:19 · ק,1st cycle 4 · day 3 of 13 · Lish'eirit Nachalato,Cycle 2 · day 1 of 41 · Nefesh 1 of 10 · I Am the Lord,OC 83–84 · Orach Chaim · 83 of 728,Lech Lecha · D5 · P3 · C1,set 2 · 14/28 · Grace After Meals 5 · Blessings Over Fruit 1,Torah 46 · Zohar I 93–96,§ 19 (p. 14) · Lech Lecha,Lo Taaseh 66–69,Torah Ohr · Folio 41 · day 42 of 364,Prayer 21 — first half · day 42 of 364,"Tosefta Maaser Sheni 1, 2, 3, 4 · Week 6 · Day 7",Shmuel II 7 & 8 · Week 6 · Day 7,Chapter 4 · cycle 4 · day 3 of 13,Sichos HaRan · §42 of 308 · day 42 of 369,OC 83–84 · half-days 83 & 84,Lech Lecha,Rav Pe’alim · Vol I · Orach Chayim 25 · Vol I · Orach Chayim 26,Se’if ה׳ · day 3 of 13,כִּי קָרוֹב אֵלֶיךָ הַדָבָר מְאֹד בְּפִיךָ וּבִּלְבָבְךָ לַעֲשׂוֹתוֹ · דברים ל:יד,Grace After Meals 5 · Blessings Over Fruit 1,Pesachim · 2b · Cheshvan,Strengthening — 1/17 · Strengthening — 2/17,Story 5 · 6 · Lech Lecha,Bekhorot 34 · בְּכוֹרוֹת,Class 41 · of 118,Lech Lecha · Day 5,Day 42 · of 369,Chapter 4 · cycle 4,The Garden of Yearning · cycle 4 of 13,Phase 4 · day 3 of 13,Gate 7 · Gate 8 · Gate 9 · day 3 of 13,Bikkurim · Shemitah v'Yovel · Beit HaBechirah · set 2 of 14 · day 14 of 28,Bekhorot 34 · review,Story 42 · Parshat Lech Lecha
43,2026-10-23,12 Cheshvan,Lech Lecha,Torah 47 · KST § 20 (p. 15) · Lo Taaseh 70–71,ש Shin · שד · set 2 · day 21 of 22,Chesed shebeMalchut · shebeChesed · day 43 of 49,וול · 43 of 72 · פְּתַחְיָה 19 · ה׳,Fall · 43 of 91 · Ratzo · F2 letter 20 · Eicha 2:20 · ר,1st cycle 4 · day 4 of 13 · Lish'eirit Nachalato,Cycle 2 · day 2 of 41 · Nefesh 2 of 10 · No Other Gods,OC 85–86 · Orach Chaim · 85 of 728,Lech Lecha · D6 · P3 · C1,set 2 · 15/28 · Blessings Over Fruit 2–3,Torah 47 · Zohar I 97–98,§ 20 (p. 15) · Lech Lecha,Lo Taaseh 70–71,Torah Ohr · Folio 42 · day 43 of 364,Prayer 21 — second half · day 43 of 364,Maaser Sheni 2 & 3 · Week 7 · Day 1,Shmuel II 9 & 10 · Week 7 · Day 1,Chapter 4 · cycle 4 · day 4 of 13,Sichos HaRan · §43 of 308 · day 43 of 369,OC 85–86 · half-days 85 & 86,Lech Lecha,Ben Ish Chai · Halachot,Se’if ו׳ · day 4 of 13,וְהִנֵה ה׳ נִצָב עָלָיו וּמְלֹא כָל הָאָרֶץ כּבוֹדוֹ וּמַבִּיט עָלָיו וּבוֹחֵן כְּלָיוֹת וָלֵב אִם עוֹבְדוֹ כָּרָאוּי · תניא פרק מא,Blessings Over Fruit 2–3,Pesachim · 2b · Cheshvan,Strengthening — 1/17 · Strengthening — 2/17,Story 5 · 6 · Lech Lecha,Bekhorot 35 · בְּכוֹרוֹת,Class 42 · of 118,Lech Lecha · Day 6,Day 43 · of 369,Chapter 4 · cycle 4,The Garden of Yearning · cycle 4 of 13,Phase 4 · day 4 of 13,Gate 10 · Gate 11 · Gate 12 · day 4 of 13,Klei HaMikdash · Biat HaMikdash · Issurei Mizbe'ach · set 2 of 14 · day 15 of 28,Bekhorot 35 · review,Story 43 · Parshat Lech Lecha
44,2026-10-24,13 Cheshvan,Lech Lecha,Torah 48 · KST § 21–22 (p. 15) · Lo Taaseh 69–72,ת Tav · תג · set 2 · day 22 of 22,Gevurah shebeMalchut · shebeChesed · day 44 of 49,ילה · 44 of 72 · יְחֶזְקֵאל 20 · ה׳,Fall · 44 of 91 · Ratzo · F2 letter 21 · Eicha 2:21 · ש,1st cycle 4 · day 5 of 13 · Lish'eirit Nachalato,Cycle 2 · day 3 of 41 · Nefesh 3 of 10 · Not to Profane G-d's Name,OC 87–88 · Orach Chaim · 87 of 728,Lech Lecha · D7 · P3 · C1,set 2 · 16/28 · Blessings Over Fruit 4–5 · Lech Lecha,Torah 48 · Zohar I 99–100,§ 21–22 (p. 15) · Lech Lecha,Lo Taaseh 69–72,Torah Ohr · Folio 43 · day 44 of 364,Prayer 22 — first half · day 44 of 364,Maaser Sheni 4 & 5 · Week 7 · Day 2,Shmuel II 11 & 12 · Week 7 · Day 2,Chapter 4 · cycle 4 · day 5 of 13,Sichos HaRan · §44 of 308 · day 44 of 369,OC 87–88 · half-days 87 & 88,Lech Lecha,Ben Ish Chai · Drash · Lech Lecha · Drash,Se’if ז׳ · day 5 of 13,בְּרֵאשִׁית בָּרָא אֶלֹקִים אֵת הַשָׁמַיִם וְאֵת הָאָרֶץ · בראשית א:א,Blessings Over Fruit 4–5,Pesachim · 2b · Cheshvan,Strengthening — 1/17 · Strengthening — 2/17,Story 5 · 6 · Lech Lecha,Bekhorot 36 · בְּכוֹרוֹת,Class 43 · of 118,Sefer Yetzirah · 1:3,Day 44 · of 369,Chapter 4 · cycle 4,The Garden of Yearning · cycle 4 of 13,Phase 4 · day 5 of 13,Gate 13 · Gate 14 · Gate 15 · day 5 of 13,Ma'aseh HaKorbanot · Temidin u'Musafin · Pesulei HaMukdash · set 2 of 14 · day 16 of 28,Bekhorot 36 · review,Story 44 · Parshat Lech Lecha
45,2026-10-25,14 Cheshvan,Vayeira,Torah 49 · KST § 23 (p. 16) · Lo Taaseh 73–74,א Alef · הא · set 3 · day 1 of 22,Tiferet shebeMalchut · shebeChesed · day 45 of 49,סאל · 45 of 72 · יָכִין 21 · ה׳,Fall · 45 of 91 · Ratzo · F2 letter 22 · Eicha 2:22 · ת,1st cycle 4 · day 6 of 13 · Lish'eirit Nachalato,Cycle 2 · day 4 of 41 · Nefesh 4 of 10 · The Sabbath,OC 89–90 · Orach Chaim · 89 of 728,Vayeira · D1 · P4 · C1,set 2 · 17/28 · Blessing on Fragrance 1–2,Torah 49 · Zohar I 101–102,§ 23 (p. 16) · Vayeira,Lo Taaseh 73–74,Torah Ohr · Folio 44 · day 45 of 364,Prayer 22 — second half · day 45 of 364,Chalah 1 & 2 · Week 7 · Day 3,Shmuel II 13 & 14 · Week 7 · Day 3,Chapter 4 · cycle 4 · day 6 of 13,Sichos HaRan · §45 of 308 · day 45 of 369,OC 89–90 · half-days 89 & 90,Vayeira,Rav Pe’alim · Vol I · Orach Chayim 27 · Vol I · Orach Chayim 28,Se’if ח׳ · day 6 of 13,וְשִׁנַנְתָּם לְבָנֶיךָ וְדִבַּרְתָּ בָּם בְּשִׁבְתְּךָ בְּבֵיתֶךָ וּבְלֶכְתְּךָ בַדֶרֶךְ וּבְשָׁכְבְּךָ וּבְקוּמֶךָ · דברים ו:ז,Blessing on Fragrance 1–2,Shekalim · 3a · Cheshvan,Strengthening — 3/17 · Strengthening — 4/17,Story 7 · 8 · Vayeira,Bekhorot 37 · בְּכוֹרוֹת,Class 44 · of 118,Vayeira · Day 1,Day 45 · of 369,Chapter 4 · cycle 4,The Garden of Yearning · cycle 4 of 13,Phase 4 · day 6 of 13,Gate 16 · Gate 17 · Gate 18 · day 6 of 13,Avodat Yom HaKippurim · Me'ilah · Korban Pesach · set 2 of 14 · day 17 of 28,Bekhorot 37 · review,Story 45 · Parshat Vayeira
46,2026-10-26,15 Cheshvan,Vayeira,Torah 50 · KST § 24 (p. 16) · Lo Taaseh 72–75,ב Bet · וב · set 3 · day 2 of 22,Netzach shebeMalchut · shebeChesed · day 46 of 49,ערי · 46 of 72 · גָּמוּל 22 · ה׳,Fall · 46 of 91 · Heart of the season · Eicha 5,1st cycle 4 · day 7 of 13 · Lish'eirit Nachalato,Cycle 2 · day 5 of 41 · Nefesh 5 of 10 · Honor Parents,OC 91–92 · Orach Chaim · 91 of 728,Vayeira · D2 · P4 · C1,set 2 · 18/28 · Blessing on Fragrance 3–4,Torah 50 · Zohar I 103–104,§ 24 (p. 16) · Vayeira,Lo Taaseh 72–75,Torah Ohr · Folio 45 · day 46 of 364,Prayer 23 — first half · day 46 of 364,Chalah 3 & 4 · Week 7 · Day 4,Shmuel II 15 & 16 · Week 7 · Day 4,Chapter 4 · cycle 4 · day 7 of 13,Sichos HaRan · §46 of 308 · day 46 of 369,OC 91–92 · half-days 91 & 92,Vayeira,Rav Pe’alim · Vol I · Orach Chayim 29 · Vol I · Orach Chayim 30,Se’if ט׳ · day 7 of 13,"יָגַעְתִּי וְלֹא מָצָאתִי אַל תַּאַמִין לֹא יָגַעְתִּי וּמָצָאתִי אַל תַּאַמִין יָגַעְתִּי וּמָצָאתִי תַּאַמִין · מגילה ו,ב",Blessing on Fragrance 3–4,Shekalim · 3a · Cheshvan,Strengthening — 3/17 · Strengthening — 4/17,Story 7 · 8 · Vayeira,Bekhorot 38 · בְּכוֹרוֹת,Class 45 · of 118,Vayeira · Day 2,Day 46 · of 369,Chapter 4 · cycle 4,The Garden of Yearning · cycle 4 of 13,Phase 4 · day 7 of 13,Gate 19 · Gate 20 · Gate 21 · day 7 of 13,Chagigah · Bechorot · Shegagot · set 2 of 14 · day 18 of 28,Bekhorot 38 · review,Story 46 · Parshat Vayeira
47,2026-10-27,16 Cheshvan,Vayeira,Torah 51 · KST § 25 (p. 17) · Lo Taaseh 76–77,ג Gimmel · הג · set 3 · day 3 of 22,Hod shebeMalchut · shebeChesed · day 47 of 49,עשל · 47 of 72 · דְּלָיָהוּ 23 · ה׳,Fall · 47 of 91 · Shov · F3 letter 1 · Eicha 3:1–3 · א,1st cycle 4 · day 8 of 13 · Lish'eirit Nachalato,Cycle 2 · day 6 of 41 · Nefesh 6 of 10 · Do Not Murder,OC 93–94 · Orach Chaim · 93 of 728,Vayeira · D3 · P4 · C1,set 2 · 19/28 · Blessing on Fragrance 5 · Thanksgiving Blessings 1,Torah 51 · Zohar I 105–106,§ 25 (p. 17) · Vayeira,Lo Taaseh 76–77,Torah Ohr · Folio 46 · day 47 of 364,Prayer 23 — second half · day 47 of 364,Orlah 1 & 2 · Week 7 · Day 5,Shmuel II 17 & 18 · Week 7 · Day 5,Chapter 4 · cycle 4 · day 8 of 13,Sichos HaRan · §47 of 308 · day 47 of 369,OC 93–94 · half-days 93 & 94,Vayeira,Rav Pe’alim · Vol I · Orach Chayim 31 · Vol I · Orach Chayim 32,Se’if י׳ · day 8 of 13,וְאָהַבְתָּ לְרֵעַךָ כָּמוֹךָ – רַבִּי עַקִיבָא אוֹמֵר זֶה כְּלָל גָדוֹל בַּתּוֹרָה · ויקרא יט:יח,Blessing on Fragrance 5 · Thanksgiving Blessings 1,Shekalim · 3a · Cheshvan,Strengthening — 3/17 · Strengthening — 4/17,Story 7 · 8 · Vayeira,Bekhorot 39 · בְּכוֹרוֹת,Class 46 · of 118,Vayeira · Day 3,Day 47 · of 369,Chapter 4 · cycle 4,The Garden of Yearning · cycle 4 of 13,Phase 4 · day 8 of 13,Gate 22 · Gate 23 · Gate 24 · day 8 of 13,Mechusrei Kapparah · Temurah · Tumat Met · set 2 of 14 · day 19 of 28,Bekhorot 39 · review,Story 47 · Parshat Vayeira
48,2026-10-28,17 Cheshvan,Vayeira,Torah 52 · KST § 26 (p. 17) · Lo Taaseh 75–78,ד Dalet · וד · set 3 · day 4 of 22,Yesod shebeMalchut · shebeChesed · day 48 of 49,מיה · 48 of 72 · מַעַזְיָהוּ 24 · ה׳,Fall · 48 of 91 · Shov · F3 letter 2 · Eicha 3:4–6 · ב,1st cycle 4 · day 9 of 13 · Lish'eirit Nachalato,Cycle 2 · day 7 of 41 · Nefesh 7 of 10 · Faithfulness,OC 95–96 · Orach Chaim · 95 of 728,Vayeira · D4 · P4 · C1,set 2 · 20/28 · Thanksgiving Blessings 2–3,Torah 52 · Zohar I 107–108,§ 26 (p. 17) · Vayeira,Lo Taaseh 75–78,Torah Ohr · Folio 47 · day 48 of 364,Prayer 24 — first half · day 48 of 364,"Tosefta Maaser Sheni 5 &amp; Tosefta Chalah 1, 2 &amp; Tosefta Orlah 1 · Week 7 · Day 6",Shmuel II 19 & 20 · Week 7 · Day 6,Chapter 4 · cycle 4 · day 9 of 13,Sichos HaRan · §48 of 308 · day 48 of 369,OC 95–96 · half-days 95 & 96,Vayeira,Rav Pe’alim · Vol I · Orach Chayim 33 · Vol I · Orach Chayim 34,Se’if י״א · day 9 of 13,וְזֶה כָּל הָאָדָם וְתַכְלִית בְּרִיאָתוֹ וּבְרִיאַת כָּל הָעוֹלָמוֹת עֶלְיוֹנִים וְתַּחְתּוֹנִים לִהְיוֹת לוֹ דִירָה זוֹ בְּתַּחְתּוֹנִים · תניא פרק לג,Thanksgiving Blessings 2–3,Shekalim · 3a · Cheshvan,Strengthening — 3/17 · Strengthening — 4/17,Story 7 · 8 · Vayeira,Bekhorot 40 · בְּכוֹרוֹת,Class 47 · of 118,Vayeira · Day 4,Day 48 · of 369,Chapter 4 · cycle 4,The Garden of Yearning · cycle 4 of 13,Phase 4 · day 9 of 13,Gate 25 · Gate 26 · Gate 27 · day 9 of 13,Parah Adumah · Tumat Tzara'at · Metamei Mishkav u'Moshav · set 2 of 14 · day 20 of 28,Bekhorot 40 · review,Story 48 · Parshat Vayeira
49,2026-10-29,18 Cheshvan,Vayeira,Torah 53 · KST § 27 (p. 18) · Lo Taaseh 79–80,ה Heh · הו · set 3 · day 5 of 22,Malchut shebeMalchut · shebeChesed · day 49 of 49,והו · 49 of 72 · יְהוֹיָרִיב 1 · וְיִשְׁמְרֶךָ,Fall · 49 of 91 · Shov · F3 letter 3 · Eicha 3:7–9 · ג,1st cycle 4 · day 10 of 13 · Lish'eirit Nachalato,Cycle 2 · day 8 of 41 · Nefesh 8 of 10 · Do Not Steal,OC 97–98 · Orach Chaim · 97 of 728,Vayeira · D5 · P4 · C1,set 2 · 21/28 · Thanksgiving Blessings 4–5,Torah 53 · Zohar I 109–112,§ 27 (p. 18) · Vayeira,Lo Taaseh 79–80,Torah Ohr · Folio 48 · day 49 of 364,Prayer 24 — second half · day 49 of 364,"Tosefta Bikkurim 1, 2 &amp; Tosefta Shabat 1, 2 · Week 7 · Day 7",Shmuel II 21 & 22 · Week 7 · Day 7,Chapter 4 · cycle 4 · day 10 of 13,Sichos HaRan · §49 of 308 · day 49 of 369,OC 97–98 · half-days 97 & 98,Vayeira,Rav Pe’alim · Vol I · Orach Chayim 35 · Vol I · Yoreh Deah 1,Se’if י״ב · day 10 of 13,יִשְׂמַח יִשְׂרָאֵל בְּעוֹשָׂיו פֵּירוּש שֶׁכָּל מִי שֶׁהוּא מִזֶרַע יִשְׂרָאֵל יֵשׁ לוֹ לִשְׂמוֹחַ בְּשִׂמְחַת ה׳ אַשֶׁר שָׂשׂ וְשָׂמֵחַ בְּדִירָתוֹ בְּתַּחְתּוֹנִים · תניא פרק לג,Thanksgiving Blessings 4–5,Shekalim · 3a · Cheshvan,Strengthening — 3/17 · Strengthening — 4/17,Story 7 · 8 · Vayeira,Bekhorot 41 · בְּכוֹרוֹת,Class 48 · of 118,Vayeira · Day 5,Day 49 · of 369,Chapter 4 · cycle 4,The Garden of Yearning · cycle 4 of 13,Phase 4 · day 10 of 13,Gate 28 · Gate 29 · Gate 30 · day 10 of 13,She'ar Avot HaTumot · Tumat Ochlin · Kelim · set 2 of 14 · day 21 of 28,Bekhorot 41 · review,Story 49 · Parshat Vayeira
50,2026-10-30,19 Cheshvan,Vayeira,Torah 54 · KST § 28 (p. 18) · Lo Taaseh 78–81,ו Vav · וה · set 3 · day 6 of 22,Chesed shebeChesed · shebeGevurah · day 1 of 49,דני · 50 of 72 · יְדַעְיָה 2 · וְיִשְׁמְרֶךָ,Fall · 50 of 91 · Shov · F3 letter 4 · Eicha 3:10–12 · ד,1st cycle 4 · day 11 of 13 · Lish'eirit Nachalato,Cycle 2 · day 9 of 41 · Nefesh 9 of 10 · Truth / No False Witness,OC 99–100 · Orach Chaim · 99 of 728,Vayeira · D6 · P4 · C1,set 2 · 22/28 · Thanksgiving Blessings 6 · Blessing on Sights and Other Blessings 1,Torah 54 · Zohar I 113–114,§ 28 (p. 18) · Vayeira,Lo Taaseh 78–81,Torah Ohr · Folio 49 · day 50 of 364,Prayer 25 — first half · day 50 of 364,Orlah 3 &amp; Bikkurim 1 · Week 8 · Day 1,Shmuel II 23 & 24 · Week 8 · Day 1,Chapter 4 · cycle 4 · day 11 of 13,Sichos HaRan · §50 of 308 · day 50 of 369,OC 99–100 · half-days 99 & 100,Vayeira,Ben Ish Chai · Halachot,Overview · day 11 of 13,"All twelve · Mivtza Chinuch, 5736",Thanksgiving Blessings 6 · Blessing on Sights and Other Blessings 1,Shekalim · 3a · Cheshvan,Strengthening — 3/17 · Strengthening — 4/17,Story 7 · 8 · Vayeira,Bekhorot 42 · בְּכוֹרוֹת,Class 49 · of 118,Vayeira · Day 6,Day 50 · of 369,Chapter 4 · cycle 4,The Garden of Yearning · cycle 4 of 13,Phase 4 · day 11 of 13,Gate 31 · Gate 32 · Ohr Ne’erav I · day 11 of 13,Mikvaot · Nizkei Mamon · Genevah · set 2 of 14 · day 22 of 28,Bekhorot 42 · review,Story 50 · Parshat Vayeira
51,2026-10-31,20 Cheshvan,Vayeira,Torah 55 · KST § 29–30 (p. 20) · Lo Taaseh 82–83,ז Zayin · זו · set 3 · day 7 of 22,Gevurah shebeChesed · shebeGevurah · day 2 of 49,החש · 51 of 72 · חָרִם 3 · וְיִשְׁמְרֶךָ,Fall · 51 of 91 · Shov · F3 letter 5 · Eicha 3:13–15 · ה,1st cycle 4 · day 12 of 13 · Lish'eirit Nachalato,Cycle 2 · day 10 of 41 · Nefesh 10 of 10 · Do Not Covet,OC 101–102 · Orach Chaim · 101 of 728,Vayeira · D7 · P4 · C1,set 2 · 23/28 · Blessing on Sights and Other Blessings 2–3 · Vayeira,Torah 55 · Zohar I 115–116,§ 29–30 (p. 20) · Vayeira,Lo Taaseh 82–83,Torah Ohr · Folio 50 · day 51 of 364,Prayer 25 — second half · day 51 of 364,Bikkurim 2 & 3 · Week 8 · Day 2,Kings I 1 & 2 · Week 8 · Day 2,Chapter 4 · cycle 4 · day 12 of 13,Sichos HaRan · §51 of 308 · day 51 of 369,OC 101–102 · half-days 101 & 102,Vayeira,Ben Ish Chai · Drash · Vayera · Drash,Se’if א׳ · day 12 of 13,תּוֹרָה צִוָה לָנוּ מֹשֶׁה מוֹרָשָׁה קְהִלַת יַעֲקֹב · דברים לג:ד,Blessing on Sights and Other Blessings 2–3,Shekalim · 3a · Cheshvan,Strengthening — 3/17 · Strengthening — 4/17,Story 7 · 8 · Vayeira,Bekhorot 43 · בְּכוֹרוֹת,Class 50 · of 118,Sefer Yetzirah · 1:4,Day 51 · of 369,Chapter 4 · cycle 4,The Garden of Yearning · cycle 4 of 13,Phase 4 · day 12 of 13,Ohr Ne’erav II · Ohr Ne’erav III · Ohr Ne’erav IV · day 12 of 13,Gezelah v'Avedah · Chovel u'Mazik · Rotze'ach u'Shmirat Ne · set 2 of 14 · day 23 of 28,Bekhorot 43 · review,Story 51 · Parshat Vayeira
52,2026-11-01,21 Cheshvan,Chayei Sara,Torah 56 · KST § 31 (p. 20) · Lo Taaseh 81–84,ח Chet · חה · set 3 · day 8 of 22,Tiferet shebeChesed · shebeGevurah · day 3 of 49,עמם · 52 of 72 · שְׂעֹרִים 4 · וְיִשְׁמְרֶךָ,Fall · 52 of 91 · Shov · F3 letter 6 · Eicha 3:16–18 · ו,1st cycle 4 · day 13 of 13 · Lish'eirit Nachalato,Cycle 2 · day 11 of 41 · Ruach 1 of 10 · I Am the Lord,OC 103–104 · Orach Chaim · 103 of 728,Chayei Sara · D1 · P5 · C1,set 2 · 24/28 · Blessing on Sights and Other Blessings 4–5,Torah 56 · Zohar I 117–118,§ 31 (p. 20) · Chayei Sara,Lo Taaseh 81–84,Torah Ohr · Folio 51 · day 52 of 364,Prayer 26 — first half · day 52 of 364,Bikkurim 4 &amp; Shabat 1 · Week 8 · Day 3,Kings I 3 & 4 · Week 8 · Day 3,Chapter 4 · cycle 4 · day 13 of 13,Sichos HaRan · §52 of 308 · day 52 of 369,OC 103–104 · half-days 103 & 104,Chayei Sara,Rav Pe’alim · Vol I · Yoreh Deah 2 · Vol I · Yoreh Deah 3,Se’if ב׳ · day 13 of 13,שְׁמַע יִשְׂרָאֵל ה׳ אֶלֹקֵינוּ ה׳ אֶחָד · דברים ו:ד,Blessing on Sights and Other Blessings 4–5,Shekalim · 3a · Cheshvan,Strengthening — 5/17 · Strengthening — 6/17,Story 9 · 10 · Chayei Sara,Bekhorot 44 · בְּכוֹרוֹת,Class 51 · of 118,Chayei Sara · Day 1,Day 52 · of 369,Chapter 4 · cycle 4,The Garden of Yearning · cycle 4 of 13,Phase 4 · day 13 of 13,Ohr Ne’erav V · Ohr Ne’erav VI · Ohr Ne’erav VII · day 13 of 13,Mechirah · Zechiyah u'Matanah · Shecheinim · set 2 of 14 · day 24 of 28,Bekhorot 44 · review,Story 52 · Parshat Chayei Sara
53,2026-11-02,22 Cheshvan,Chayei Sara,Torah 57 · KST § 32 (p. 21) · Lo Taaseh 85–86,ט Tet · טו · set 3 · day 9 of 22,Netzach shebeChesed · shebeGevurah · day 4 of 49,ננא · 53 of 72 · מַלְכִּיָּה 5 · וְיִשְׁמְרֶךָ,Fall · 53 of 91 · Shov · F3 letter 7 · Eicha 3:19–21 · ז,1st cycle 5 · day 1 of 13 · Lo Hechezik Le'ad Apo,Cycle 2 · day 12 of 41 · Ruach 2 of 10 · No Other Gods,OC 105–106 · Orach Chaim · 105 of 728,Chayei Sara · D2 · P5 · C1,set 2 · 25/28 · Afternoon Prayer 1–2,Torah 57 · Zohar I 119–120,§ 32 (p. 21) · Chayei Sara,Lo Taaseh 85–86,Torah Ohr · Folio 52 · day 53 of 364,Prayer 26 — second half · day 53 of 364,Shabat 2 & 3 · Week 8 · Day 4,Kings I 5 & 6 · Week 8 · Day 4,Chapter 5 · cycle 5 · day 1 of 13,Sichos HaRan · §53 of 308 · day 53 of 369,OC 105–106 · half-days 105 & 106,Chayei Sara,Rav Pe’alim · Vol I · Yoreh Deah 4 · Vol I · Yoreh Deah 5,Se’if ג׳ · day 1 of 13,"בְּכָל דוֹר וָדוֹר חַיָיב אָדָם לִרְאוֹת אֶת עַצְמוֹ כְּאִלוּ הוּא יָצָא מִמִצְרָיִם · פסחים קטז,ב",Afternoon Prayer 1–2,Shekalim · 3a · Cheshvan,Strengthening — 5/17 · Strengthening — 6/17,Story 9 · 10 · Chayei Sara,Bekhorot 45 · בְּכוֹרוֹת,Class 52 · of 118,Chayei Sara · Day 2,Day 53 · of 369,Chapter 5 · cycle 5,In Forest Fields · cycle 5 of 13,Phase 5 · day 1 of 13,Gate 1 · Gate 2 · Gate 3 · day 1 of 13,Shluchin v'Shutafin · Avadim · Sechirut · set 2 of 14 · day 25 of 28,Bekhorot 45 · review,Story 53 · Parshat Chayei Sara
54,2026-11-03,23 Cheshvan,Chayei Sara,Torah 58 · KST § 33 (p. 21) · Lo Taaseh 84–87,י Yud · יה · set 3 · day 10 of 22,Hod shebeChesed · shebeGevurah · day 5 of 49,נית · 54 of 72 · מִיָּמִן 6 · וְיִשְׁמְרֶךָ,Fall · 54 of 91 · Shov · F3 letter 8 · Eicha 3:22–24 · ח,1st cycle 5 · day 2 of 13 · Lo Hechezik Le'ad Apo,Cycle 2 · day 13 of 41 · Ruach 3 of 10 · Not to Profane G-d's Name,OC 107–108 · Orach Chaim · 107 of 728,Chayei Sara · D3 · P5 · C1,set 2 · 26/28 · Afternoon Prayer 3–4,Torah 58 · Zohar I 121–122,§ 33 (p. 21) · Chayei Sara,Lo Taaseh 84–87,Torah Ohr · Folio 53 · day 54 of 364,Prayer 27 — first half · day 54 of 364,Shabat 4 & 5 · Week 8 · Day 5,Kings I 7 & 8 · Week 8 · Day 5,Chapter 5 · cycle 5 · day 2 of 13,Sichos HaRan · §54 of 308 · day 54 of 369,OC 107–108 · half-days 107 & 108,Chayei Sara,Rav Pe’alim · Vol I · Yoreh Deah 6 · Vol I · Yoreh Deah 7,Se’if ד׳ · day 2 of 13,"כָּל יִשְׂרָאֵל יֵשׁ לָהֶם חֵלֶק לְעוֹלָם הַבָּא שֶׁנֶאֱמַר וְעַמֵךְ כּוּלָם צַדִיקִים לְעוֹלָם יִירְשׁוּ אָרֶץ נֵצֶר מַטָעַי מַעֲשֵׂה יָדַי לְהִתְפָּאֵר · סנהדרין צ,א",Afternoon Prayer 3–4,Shekalim · 3a · Cheshvan,Strengthening — 5/17 · Strengthening — 6/17,Story 9 · 10 · Chayei Sara,Bekhorot 46 · בְּכוֹרוֹת,Class 53 · of 118,Chayei Sara · Day 3,Day 54 · of 369,Chapter 5 · cycle 5,In Forest Fields · cycle 5 of 13,Phase 5 · day 2 of 13,Gate 4 · Gate 5 · Gate 6 · day 2 of 13,She'elah u'Fikadon · Malveh v'Loveh · To'en v'Nit'an · set 2 of 14 · day 26 of 28,Bekhorot 46 · review,Story 54 · Parshat Chayei Sara
55,2026-11-04,24 Cheshvan,Chayei Sara,Torah 59 · KST § 34 (p. 22) · Lo Taaseh 88–89,כ Kaf · כו · set 3 · day 11 of 22,Yesod shebeChesed · shebeGevurah · day 6 of 49,מבה · 55 of 72 · הַקּוֹץ 7 · וְיִשְׁמְרֶךָ,Fall · 55 of 91 · Shov · F3 letter 9 · Eicha 3:25–27 · ט,1st cycle 5 · day 3 of 13 · Lo Hechezik Le'ad Apo,Cycle 2 · day 14 of 41 · Ruach 4 of 10 · The Sabbath,OC 109–110 · Orach Chaim · 109 of 728,Chayei Sara · D4 · P5 · C1,set 2 · 27/28 · Afternoon Prayer 5–6,Torah 59 · Zohar I 123–124,§ 34 (p. 22) · Chayei Sara,Lo Taaseh 88–89,Torah Ohr · Folio 54 · day 55 of 364,Prayer 27 — second half · day 55 of 364,"Tosefta Shabat 3, 4, 5, 6 · Week 8 · Day 6",Kings I 9 & 10 · Week 8 · Day 6,Chapter 5 · cycle 5 · day 3 of 13,Sichos HaRan · §55 of 308 · day 55 of 369,OC 109–110 · half-days 109 & 110,Chayei Sara,Rav Pe’alim · Vol I · Yoreh Deah 8 · Vol I · Yoreh Deah 9,Se’if ה׳ · day 3 of 13,כִּי קָרוֹב אֵלֶיךָ הַדָבָר מְאֹד בְּפִיךָ וּבִּלְבָבְךָ לַעֲשׂוֹתוֹ · דברים ל:יד,Afternoon Prayer 5–6,Shekalim · 3a · Cheshvan,Strengthening — 5/17 · Strengthening — 6/17,Story 9 · 10 · Chayei Sara,Bekhorot 47 · בְּכוֹרוֹת,Class 54 · of 118,Chayei Sara · Day 4,Day 55 · of 369,Chapter 5 · cycle 5,In Forest Fields · cycle 5 of 13,Phase 5 · day 3 of 13,Gate 7 · Gate 8 · Gate 9 · day 3 of 13,Nachalot · Sanhedrin · Edut · set 2 of 14 · day 27 of 28,Bekhorot 47 · review,Story 55 · Parshat Chayei Sara
56,2026-11-05,25 Cheshvan,Chayei Sara,Torah 60 · KST § 35 (p. 22) · Lo Taaseh 87–90,ל Lamed · לה · set 3 · day 12 of 22,Malchut shebeChesed · shebeGevurah · day 7 of 49,פוי · 56 of 72 · אֲבִיָּה 8 · וְיִשְׁמְרֶךָ,Fall · 56 of 91 · Shov · F3 letter 10 · Eicha 3:28–30 · י,1st cycle 5 · day 4 of 13 · Lo Hechezik Le'ad Apo,Cycle 2 · day 15 of 41 · Ruach 5 of 10 · Honor Parents,OC 111–112 · Orach Chaim · 111 of 728,Chayei Sara · D5 · P5 · C1,set 2 · 28/28 · Afternoon Prayer 7 · Evening Prayer 1,Torah 60 · Zohar I 125–128,§ 35 (p. 22) · Chayei Sara,Lo Taaseh 87–90,Torah Ohr · Folio 55 · day 56 of 364,Prayer 28 — first half · day 56 of 364,"Tosefta Shabat 7, 8, 9, 10 · Week 8 · Day 7",Kings I 11 & 12 · Week 8 · Day 7,Chapter 5 · cycle 5 · day 4 of 13,Sichos HaRan · §56 of 308 · day 56 of 369,OC 111–112 · half-days 111 & 112,Chayei Sara,Rav Pe’alim · Vol I · Yoreh Deah 10 · Vol I · Yoreh Deah 11,Se’if ו׳ · day 4 of 13,וְהִנֵה ה׳ נִצָב עָלָיו וּמְלֹא כָל הָאָרֶץ כּבוֹדוֹ וּמַבִּיט עָלָיו וּבוֹחֵן כְּלָיוֹת וָלֵב אִם עוֹבְדוֹ כָּרָאוּי · תניא פרק מא,Afternoon Prayer 7 · Evening Prayer 1,Yoma · 3b · Cheshvan / Kislev,Strengthening — 5/17 · Strengthening — 6/17,Story 9 · 10 · Chayei Sara,Bekhorot 48 · בְּכוֹרוֹת,Class 55 · of 118,Chayei Sara · Day 5,Day 56 · of 369,Chapter 5 · cycle 5,In Forest Fields · cycle 5 of 13,Phase 5 · day 4 of 13,Gate 10 · Gate 11 · Gate 12 · day 4 of 13,Mamrim · Evel · Melachim u'Milchamos · set 2 of 14 · day 28 of 28,Bekhorot 48 · review,Story 56 · Parshat Chayei Sara
57,2026-11-06,26 Cheshvan,Chayei Sara,Torah 61 · KST § 36 (p. 23) · Lo Taaseh 91–92,מ Mem · מו · set 3 · day 13 of 22,Chesed shebeGevurah · shebeGevurah · day 8 of 49,נמם · 57 of 72 · יֵשׁוּעַ 9 · וְיִשְׁמְרֶךָ,Fall · 57 of 91 · Shov · F3 letter 11 · Eicha 3:31–33 · כ,1st cycle 5 · day 5 of 13 · Lo Hechezik Le'ad Apo,Cycle 2 · day 16 of 41 · Ruach 6 of 10 · Do Not Murder,OC 113–114 · Orach Chaim · 113 of 728,Chayei Sara · D6 · P5 · C1,set 3 · 1/28 · Evening Prayer 2–3,Torah 61 · Zohar I 129–130,§ 36 (p. 23) · Chayei Sara,Lo Taaseh 91–92,Torah Ohr · Folio 56 · day 57 of 364,Prayer 28 — second half · day 57 of 364,Shabat 6 & 7 · Week 9 · Day 1,Kings I 13 & 14 · Week 9 · Day 1,Chapter 5 · cycle 5 · day 5 of 13,Sichos HaRan · §57 of 308 · day 57 of 369,OC 113–114 · half-days 113 & 114,Chayei Sara,Ben Ish Chai · Halachot,Se’if ז׳ · day 5 of 13,בְּרֵאשִׁית בָּרָא אֶלֹקִים אֵת הַשָׁמַיִם וְאֵת הָאָרֶץ · בראשית א:א,Evening Prayer 2–3,Yoma · 3b · Cheshvan / Kislev,Strengthening — 5/17 · Strengthening — 6/17,Story 9 · 10 · Chayei Sara,Bekhorot 49 · בְּכוֹרוֹת,Class 56 · of 118,Chayei Sara · Day 6,Day 57 · of 369,Chapter 5 · cycle 5,In Forest Fields · cycle 5 of 13,Phase 5 · day 5 of 13,Gate 13 · Gate 14 · Gate 15 · day 5 of 13,Enumeration of the 613 Mitzvos · Yesodei HaTorah · De'ot · set 3 of 14 · day 1 of 28,Bekhorot 49 · review,Story 57 · Parshat Chayei Sara
58,2026-11-07,27 Cheshvan,Chayei Sara,Torah 62 · KST § 37–38 (p. 23) · Lo Taaseh 90–93,נ Nun · נה · set 3 · day 14 of 22,Gevurah shebeGevurah · shebeGevurah · day 9 of 49,ייל · 58 of 72 · שְׁכַנְיָהוּ 10 · וְיִשְׁמְרֶךָ,Fall · 58 of 91 · Shov · F3 letter 12 · Eicha 3:34–36 · ל,1st cycle 5 · day 6 of 13 · Lo Hechezik Le'ad Apo,Cycle 2 · day 17 of 41 · Ruach 7 of 10 · Faithfulness,OC 115–116 · Orach Chaim · 115 of 728,Chayei Sara · D7 · P5 · C1,set 3 · 2/28 · Evening Prayer 4 · Reciting Shema Before Retiring 1 · Chayei Sara,Torah 62 · Zohar I 131–132,§ 37–38 (p. 23) · Chayei Sara,Lo Taaseh 90–93,Torah Ohr · Folio 57 · day 58 of 364,Prayer 29 — first half · day 58 of 364,Shabat 8 & 9 · Week 9 · Day 2,Kings I 15 & 16 · Week 9 · Day 2,Chapter 5 · cycle 5 · day 6 of 13,Sichos HaRan · §58 of 308 · day 58 of 369,OC 115–116 · half-days 115 & 116,Chayei Sara,Ben Ish Chai · Drash · Chayei Sara · Drash,Se’if ח׳ · day 6 of 13,וְשִׁנַנְתָּם לְבָנֶיךָ וְדִבַּרְתָּ בָּם בְּשִׁבְתְּךָ בְּבֵיתֶךָ וּבְלֶכְתְּךָ בַדֶרֶךְ וּבְשָׁכְבְּךָ וּבְקוּמֶךָ · דברים ו:ז,Evening Prayer 4 · Reciting Shema Before Retiring 1,Yoma · 3b · Cheshvan / Kislev,Strengthening — 5/17 · Strengthening — 6/17,Story 9 · 10 · Chayei Sara,Bekhorot 50 · בְּכוֹרוֹת,Class 57 · of 118,Sefer Yetzirah · 1:5,Day 58 · of 369,Chapter 5 · cycle 5,In Forest Fields · cycle 5 of 13,Phase 5 · day 6 of 13,Gate 16 · Gate 17 · Gate 18 · day 6 of 13,Talmud Torah · Avodah Zarah · Teshuvah · set 3 of 14 · day 2 of 28,Bekhorot 50 · review,Story 58 · Parshat Chayei Sara
59,2026-11-08,28 Cheshvan,Toledot,Torah 63 · KST § 39 (p. 24) · Lo Taaseh 94–95,ס Samech · סו · set 3 · day 15 of 22,Tiferet shebeGevurah · shebeGevurah · day 10 of 49,הרח · 59 of 72 · אֶלְיָשִׁיב 11 · וְיִשְׁמְרֶךָ,Fall · 59 of 91 · Shov · F3 letter 13 · Eicha 3:37–39 · מ,1st cycle 5 · day 7 of 13 · Lo Hechezik Le'ad Apo,Cycle 2 · day 18 of 41 · Ruach 8 of 10 · Do Not Steal,OC 117–118 · Orach Chaim · 117 of 728,Toledot · D1 · P6 · C1,set 3 · 3/28 · Reciting Shema Before Retiring 2 · Sabbath 1,Torah 63 · Zohar I 133–134,§ 39 (p. 24) · Toledot,Lo Taaseh 94–95,Torah Ohr · Folio 58 · day 59 of 364,Prayer 29 — second half · day 59 of 364,Shabat 10 & 11 · Week 9 · Day 3,Kings I 17 & 18 · Week 9 · Day 3,Chapter 5 · cycle 5 · day 7 of 13,Sichos HaRan · §59 of 308 · day 59 of 369,OC 117–118 · half-days 117 & 118,Toledot,Rav Pe’alim · Vol I · Yoreh Deah 12 · Vol I · Yoreh Deah 13,Se’if ט׳ · day 7 of 13,"יָגַעְתִּי וְלֹא מָצָאתִי אַל תַּאַמִין לֹא יָגַעְתִּי וּמָצָאתִי אַל תַּאַמִין יָגַעְתִּי וּמָצָאתִי תַּאַמִין · מגילה ו,ב",Reciting Shema Before Retiring 2 · Sabbath 1,Yoma · 3b · Cheshvan / Kislev,Strengthening — 7/17 · Strengthening — 8/17,Story 11 · 12 · Toledot,Bekhorot 51 · בְּכוֹרוֹת,Class 58 · of 118,Toledot · Day 1,Day 59 · of 369,Chapter 5 · cycle 5,In Forest Fields · cycle 5 of 13,Phase 5 · day 7 of 13,Gate 19 · Gate 20 · Gate 21 · day 7 of 13,"Kriat Shema · Tefilah u'Birkat Kohanim · Tefillin, Mezuzah · set 3 of 14 · day 3 of 28",Bekhorot 51 · review,Story 59 · Parshat Toledot
60,2026-11-09,29 Cheshvan,Toledot,Torah 64 · KST § 40 (p. 26) · Lo Taaseh 93–96,ע Ayin · עה · set 3 · day 16 of 22,Netzach shebeGevurah · shebeGevurah · day 11 of 49,מצר · 60 of 72 · יָקִים 12 · וְיִשְׁמְרֶךָ,Fall · 60 of 91 · Shov · F3 letter 14 · Eicha 3:40–42 · נ,1st cycle 5 · day 8 of 13 · Lo Hechezik Le'ad Apo,Cycle 2 · day 19 of 41 · Ruach 9 of 10 · Truth / No False Witness,OC 119–120 · Orach Chaim · 119 of 728,Toledot · D2 · P6 · C1,set 3 · 4/28 · Sabbath 2–3,Torah 64 · Zohar I 135–136,§ 40 (p. 26) · Toledot,Lo Taaseh 93–96,Torah Ohr · Folio 59 · day 60 of 364,Prayer 30 — first half · day 60 of 364,Shabat 12 & 13 · Week 9 · Day 4,Kings I 19 & 20 · Week 9 · Day 4,Chapter 5 · cycle 5 · day 8 of 13,Sichos HaRan · §60 of 308 · day 60 of 369,OC 119–120 · half-days 119 & 120,Toledot,Rav Pe’alim · Vol I · Yoreh Deah 14 · Vol I · Yoreh Deah 15,Se’if י׳ · day 8 of 13,וְאָהַבְתָּ לְרֵעַךָ כָּמוֹךָ – רַבִּי עַקִיבָא אוֹמֵר זֶה כְּלָל גָדוֹל בַּתּוֹרָה · ויקרא יט:יח,Sabbath 2–3,Yoma · 3b · Cheshvan / Kislev,Strengthening — 7/17 · Strengthening — 8/17,Story 11 · 12 · Toledot,Bekhorot 52 · בְּכוֹרוֹת,Class 59 · of 118,Toledot · Day 2,Day 60 · of 369,Chapter 5 · cycle 5,In Forest Fields · cycle 5 of 13,Phase 5 · day 8 of 13,Gate 22 · Gate 23 · Gate 24 · day 8 of 13,Tzitzit · Berachot · Milah · set 3 of 14 · day 4 of 28,Bekhorot 52 · review,Story 60 · Parshat Toledot
61,2026-11-10,30 Cheshvan,Toledot,Torah 65 · KST § 41 (p. 26) · Lo Taaseh 97–98,פ Peh · פו · set 3 · day 17 of 22,Hod shebeGevurah · shebeGevurah · day 12 of 49,ומב · 61 of 72 · חֻפָּה 13 · וְיִשְׁמְרֶךָ,Fall · 61 of 91 · Shov · F3 letter 15 · Eicha 3:43–45 · ס,1st cycle 5 · day 9 of 13 · Lo Hechezik Le'ad Apo,Cycle 2 · day 20 of 41 · Ruach 10 of 10 · Do Not Covet,OC 121–122 · Orach Chaim · 121 of 728,Toledot · D3 · P6 · C1,set 3 · 5/28 · Sabbath 4–5,Torah 65 · Zohar I 137–138,§ 41 (p. 26) · Toledot,Lo Taaseh 97–98,Torah Ohr · Folio 60 · day 61 of 364,Prayer 30 — second half · day 61 of 364,Shabat 14 & 15 · Week 9 · Day 5,Kings I 21 & 22 · Week 9 · Day 5,Chapter 5 · cycle 5 · day 9 of 13,Sichos HaRan · §61 of 308 · day 61 of 369,OC 121–122 · half-days 121 & 122,Toledot,Rav Pe’alim · Vol I · Yoreh Deah 16 · Vol I · Yoreh Deah 17,Se’if י״א · day 9 of 13,וְזֶה כָּל הָאָדָם וְתַכְלִית בְּרִיאָתוֹ וּבְרִיאַת כָּל הָעוֹלָמוֹת עֶלְיוֹנִים וְתַּחְתּוֹנִים לִהְיוֹת לוֹ דִירָה זוֹ בְּתַּחְתּוֹנִים · תניא פרק לג,Sabbath 4–5,Yoma · 3b · Cheshvan / Kislev,Strengthening — 7/17 · Strengthening — 8/17,Story 11 · 12 · Toledot,Bekhorot 53 · בְּכוֹרוֹת,Class 60 · of 118,Toledot · Day 3,Day 61 · of 369,Chapter 5 · cycle 5,In Forest Fields · cycle 5 of 13,Phase 5 · day 9 of 13,Gate 25 · Gate 26 · Gate 27 · day 9 of 13,Shabbat · Eruvin · Shevitat Asor · set 3 of 14 · day 5 of 28,Bekhorot 53 · review,Story 61 · Parshat Toledot
62,2026-11-11,1 Kislev,Toledot,Torah 65 · KST § 42 (p. 26) · Lo Taaseh 96–99,צ Tzaddik · צה · set 3 · day 18 of 22,Yesod shebeGevurah · shebeGevurah · day 13 of 49,יהה · 62 of 72 · יֶשֶׁבְאָב 14 · וְיִשְׁמְרֶךָ,Fall · 62 of 91 · Shov · F3 letter 16 · Eicha 3:46–48 · פ,1st cycle 5 · day 10 of 13 · Lo Hechezik Le'ad Apo,Cycle 2 · day 21 of 41 · Neshamah 1 of 10 · I Am the Lord,OC 123–124 · Orach Chaim · 123 of 728,Toledot · D4 · P6 · C1,set 3 · 6/28 · Sabbath 6–7,Torah 65 · Zohar I 139–140,§ 42 (p. 26) · Toledot,Lo Taaseh 96–99,Torah Ohr · Folio 61 · day 62 of 364,Prayer 31 — first half · day 62 of 364,"Tosefta Shabat 11, 12, 13, 14 · Week 9 · Day 6",Kings II 1 & 2 · Week 9 · Day 6,Chapter 5 · cycle 5 · day 10 of 13,Sichos HaRan · §62 of 308 · day 62 of 369,OC 123–124 · half-days 123 & 124,Toledot,Rav Pe’alim · Vol I · Yoreh Deah 18 · Vol I · Yoreh Deah 19,Se’if י״ב · day 10 of 13,יִשְׂמַח יִשְׂרָאֵל בְּעוֹשָׂיו פֵּירוּש שֶׁכָּל מִי שֶׁהוּא מִזֶרַע יִשְׂרָאֵל יֵשׁ לוֹ לִשְׂמוֹחַ בְּשִׂמְחַת ה׳ אַשֶׁר שָׂשׂ וְשָׂמֵחַ בְּדִירָתוֹ בְּתַּחְתּוֹנִים · תניא פרק לג,Sabbath 6–7,Yoma · 3b · Cheshvan / Kislev,Strengthening — 7/17 · Strengthening — 8/17,Story 11 · 12 · Toledot,Bekhorot 54 · בְּכוֹרוֹת,Class 61 · of 118,Toledot · Day 4,Day 62 · of 369,Chapter 5 · cycle 5,In Forest Fields · cycle 5 of 13,Phase 5 · day 10 of 13,Gate 28 · Gate 29 · Gate 30 · day 10 of 13,"Shevitat Yom Tov · Chametz u'Matzah · Shofar, Sukkah v'Lul · set 3 of 14 · day 6 of 28",Bekhorot 54 · review,Story 62 · Parshat Toledot
63,2026-11-12,2 Kislev,Toledot,Torah 66 · KST § 43 (p. 27) · Lo Taaseh 100–101,ק Kuf · קו · set 3 · day 19 of 22,Malchut shebeGevurah · shebeGevurah · day 14 of 49,ענו · 63 of 72 · בִּלְגָּה 15 · וְיִשְׁמְרֶךָ,Fall · 63 of 91 · Shov · F3 letter 17 · Eicha 3:49–51 · ע,1st cycle 5 · day 11 of 13 · Lo Hechezik Le'ad Apo,Cycle 2 · day 22 of 41 · Neshamah 2 of 10 · No Other Gods,OC 125–126 · Orach Chaim · 125 of 728,Toledot · D5 · P6 · C1,set 3 · 7/28 · Joining Domains 1–2,Torah 66 · Zohar I 141–144,§ 43 (p. 27) · Toledot,Lo Taaseh 100–101,Torah Ohr · Folio 62 · day 63 of 364,Prayer 31 — second half · day 63 of 364,"Tosefta Shabat 15, 16, 17, 18 · Week 9 · Day 7",Kings II 3 & 4 · Week 9 · Day 7,Chapter 5 · cycle 5 · day 11 of 13,Sichos HaRan · §63 of 308 · day 63 of 369,OC 125–126 · half-days 125 & 126,Toledot,Rav Pe’alim · Vol I · Yoreh Deah 20 · Vol I · Yoreh Deah 21,Overview · day 11 of 13,"All twelve · Mivtza Chinuch, 5736",Joining Domains 1–2,Yoma · 3b · Cheshvan / Kislev,Strengthening — 7/17 · Strengthening — 8/17,Story 11 · 12 · Toledot,Bekhorot 55 · בְּכוֹרוֹת,Class 62 · of 118,Toledot · Day 5,Day 63 · of 369,Chapter 5 · cycle 5,In Forest Fields · cycle 5 of 13,Phase 5 · day 11 of 13,Gate 31 · Gate 32 · Ohr Ne’erav I · day 11 of 13,Shekalim · Kiddush HaChodesh · Ta'aniyot · set 3 of 14 · day 7 of 28,Bekhorot 55 · review,Story 63 · Parshat Toledot
64,2026-11-13,3 Kislev,Toledot,Torah 67 · KST § 44 (p. 27) · Lo Taaseh 99–102,ר Reish · רה · set 3 · day 20 of 22,Chesed shebeTiferet · shebeGevurah · day 15 of 49,מחי · 64 of 72 · אִמֵּר 16 · וְיִשְׁמְרֶךָ,Fall · 64 of 91 · Shov · F3 letter 18 · Eicha 3:52–54 · צ,1st cycle 5 · day 12 of 13 · Lo Hechezik Le'ad Apo,Cycle 2 · day 23 of 41 · Neshamah 3 of 10 · Not to Profane G-d's Name,OC 127–128 · Orach Chaim · 127 of 728,Toledot · D6 · P6 · C1,set 3 · 8/28 · Joining Domains 3–4,Torah 67 · Zohar I 145–146,§ 44 (p. 27) · Toledot,Lo Taaseh 99–102,Torah Ohr · Folio 63 · day 64 of 364,Prayer 32 — first half · day 64 of 364,Shabat 16 & 17 · Week 10 · Day 1,Kings II 5 & 6 · Week 10 · Day 1,Chapter 5 · cycle 5 · day 12 of 13,Sichos HaRan · §64 of 308 · day 64 of 369,OC 127–128 · half-days 127 & 128,Toledot,Ben Ish Chai · Halachot,Se’if א׳ · day 12 of 13,תּוֹרָה צִוָה לָנוּ מֹשֶׁה מוֹרָשָׁה קְהִלַת יַעֲקֹב · דברים לג:ד,Joining Domains 3–4,Yoma · 3b · Cheshvan / Kislev,Strengthening — 7/17 · Strengthening — 8/17,Story 11 · 12 · Toledot,Bekhorot 56 · בְּכוֹרוֹת,Class 63 · of 118,Toledot · Day 6,Day 64 · of 369,Chapter 5 · cycle 5,In Forest Fields · cycle 5 of 13,Phase 5 · day 12 of 13,Ohr Ne’erav II · Ohr Ne’erav III · Ohr Ne’erav IV · day 12 of 13,Megillah v'Chanukah · Ishut · Geirushin · set 3 of 14 · day 8 of 28,Bekhorot 56 · review,Story 64 · Parshat Toledot
65,2026-11-14,4 Kislev,Toledot,Torah 68 · KST § 45–46 (p. 28) · Lo Taaseh 103–104,ש Shin · שו · set 3 · day 21 of 22,Gevurah shebeTiferet · shebeGevurah · day 16 of 49,דמב · 65 of 72 · חֵזִיר 17 · וְיִשְׁמְרֶךָ,Fall · 65 of 91 · Shov · F3 letter 19 · Eicha 3:55–57 · ק,1st cycle 5 · day 13 of 13 · Lo Hechezik Le'ad Apo,Cycle 2 · day 24 of 41 · Neshamah 4 of 10 · The Sabbath,OC 129–130 · Orach Chaim · 129 of 728,Toledot · D7 · P6 · C1,set 3 · 9/28 · Joining Domains 5–6 · Toledot,Torah 68 · Zohar I 147–148,§ 45–46 (p. 28) · Toledot,Lo Taaseh 103–104,Torah Ohr · Folio 64 · day 65 of 364,Prayer 32 — second half · day 65 of 364,Shabat 18 & 19 · Week 10 · Day 2,Kings II 7 & 8 · Week 10 · Day 2,Chapter 5 · cycle 5 · day 13 of 13,Sichos HaRan · §65 of 308 · day 65 of 369,OC 129–130 · half-days 129 & 130,Toledot,Ben Ish Chai · Drash · Toldot · Drash,Se’if ב׳ · day 13 of 13,שְׁמַע יִשְׂרָאֵל ה׳ אֶלֹקֵינוּ ה׳ אֶחָד · דברים ו:ד,Joining Domains 5–6,Yoma · 3b · Cheshvan / Kislev,Strengthening — 7/17 · Strengthening — 8/17,Story 11 · 12 · Toledot,Bekhorot 57 · בְּכוֹרוֹת,Class 64 · of 118,Sefer Yetzirah · 1:6,Day 65 · of 369,Chapter 5 · cycle 5,In Forest Fields · cycle 5 of 13,Phase 5 · day 13 of 13,Ohr Ne’erav V · Ohr Ne’erav VI · Ohr Ne’erav VII · day 13 of 13,Yibum v'Chalitzah · Na'arah Betulah · Sotah · set 3 of 14 · day 9 of 28,Bekhorot 57 · review,Story 65 · Parshat Toledot
66,2026-11-15,5 Kislev,Vayetzei,Torah 69 · KST § 47 (p. 29) · Lo Taaseh 102–105,ת Tav · תה · set 3 · day 22 of 22,Tiferet shebeTiferet · shebeGevurah · day 17 of 49,מנק · 66 of 72 · הַפִּצֵּץ 18 · וְיִשְׁמְרֶךָ,Fall · 66 of 91 · Shov · F3 letter 20 · Eicha 3:58–60 · ר,1st cycle 6 · day 1 of 13 · Ki Chafetz Chesed Hu,Cycle 2 · day 25 of 41 · Neshamah 5 of 10 · Honor Parents,OC 131–132 · Orach Chaim · 131 of 728,Vayetzei · D1 · P1 · C2,set 3 · 10/28 · New Moon 1–2,Torah 69 · Zohar I 149–150,§ 47 (p. 29) · Vayetzei,Lo Taaseh 102–105,Torah Ohr · Folio 65 · day 66 of 364,Prayer 33 — first half · day 66 of 364,Shabat 20 & 21 · Week 10 · Day 3,Kings II 9 & 10 · Week 10 · Day 3,Chapter 6 · cycle 6 · day 1 of 13,Sichos HaRan · §66 of 308 · day 66 of 369,OC 131–132 · half-days 131 & 132,Vayetzei,Rav Pe’alim · Vol I · Yoreh Deah 22 · Vol I · Yoreh Deah 23,Se’if ג׳ · day 1 of 13,"בְּכָל דוֹר וָדוֹר חַיָיב אָדָם לִרְאוֹת אֶת עַצְמוֹ כְּאִלוּ הוּא יָצָא מִמִצְרָיִם · פסחים קטז,ב",New Moon 1–2,Yoma · 3b · Cheshvan / Kislev,Strengthening — 9/17 · Strengthening — 10/17,Story 13 · 14 · Vayetzei,Bekhorot 58 · בְּכוֹרוֹת,Class 65 · of 118,Vayetzei · Day 1,Day 66 · of 369,Chapter 6 · cycle 6,The Garden of Riches · cycle 6 of 13,Phase 6 · day 1 of 13,Gate 1 · Gate 2 · Gate 3 · day 1 of 13,Issurei Biah · Ma'achalot Assurot · Shechitah · set 3 of 14 · day 10 of 28,Bekhorot 58 · review,Story 66 · Parshat Vayetzei
67,2026-11-16,6 Kislev,Vayetzei,Torah 70 · KST § 48 (p. 30) · Lo Taaseh 106–107,א Alef · זא · set 4 · day 1 of 22,Netzach shebeTiferet · shebeGevurah · day 18 of 49,איע · 67 of 72 · פְּתַחְיָה 19 · וְיִשְׁמְרֶךָ,Fall · 67 of 91 · Shov · F3 letter 21 · Eicha 3:61–63 · ש,1st cycle 6 · day 2 of 13 · Ki Chafetz Chesed Hu,Cycle 2 · day 26 of 41 · Neshamah 6 of 10 · Do Not Murder,OC 133–134 · Orach Chaim · 133 of 728,Vayetzei · D2 · P1 · C2,set 3 · 11/28 · New Moon 3–4,Torah 70 · Zohar I 151–152,§ 48 (p. 30) · Vayetzei,Lo Taaseh 106–107,Torah Ohr · Folio 66 · day 67 of 364,Prayer 33 — second half · day 67 of 364,Shabat 22 & 23 · Week 10 · Day 4,Kings II 11 & 12 · Week 10 · Day 4,Chapter 6 · cycle 6 · day 2 of 13,Sichos HaRan · §67 of 308 · day 67 of 369,OC 133–134 · half-days 133 & 134,Vayetzei,Rav Pe’alim · Vol I · Yoreh Deah 24 · Vol I · Yoreh Deah 25,Se’if ד׳ · day 2 of 13,"כָּל יִשְׂרָאֵל יֵשׁ לָהֶם חֵלֶק לְעוֹלָם הַבָּא שֶׁנֶאֱמַר וְעַמֵךְ כּוּלָם צַדִיקִים לְעוֹלָם יִירְשׁוּ אָרֶץ נֵצֶר מַטָעַי מַעֲשֵׂה יָדַי לְהִתְפָּאֵר · סנהדרין צ,א",New Moon 3–4,Sukkah · 4a · Kislev / Chanukah,Strengthening — 9/17 · Strengthening — 10/17,Story 13 · 14 · Vayetzei,Bekhorot 59 · בְּכוֹרוֹת,Class 66 · of 118,Vayetzei · Day 2,Day 67 · of 369,Chapter 6 · cycle 6,The Garden of Riches · cycle 6 of 13,Phase 6 · day 2 of 13,Gate 4 · Gate 5 · Gate 6 · day 2 of 13,Shevuot · Nedarim · Nezirut · set 3 of 14 · day 11 of 28,Bekhorot 59 · review,Story 67 · Parshat Vayetzei
68,2026-11-17,7 Kislev,Vayetzei,Torah 71 · KST § 49 (p. 30) · Lo Taaseh 105–108,ב Bet · חב · set 4 · day 2 of 22,Hod shebeTiferet · shebeGevurah · day 19 of 49,חבו · 68 of 72 · יְחֶזְקֵאל 20 · וְיִשְׁמְרֶךָ,Fall · 68 of 91 · Shov · F3 letter 22 · Eicha 3:64–66 · ת,1st cycle 6 · day 3 of 13 · Ki Chafetz Chesed Hu,Cycle 2 · day 27 of 41 · Neshamah 7 of 10 · Faithfulness,OC 135–136 · Orach Chaim · 135 of 728,Vayetzei · D3 · P1 · C2,set 3 · 12/28 · New Moon 5–6,Torah 71 · Zohar I 153–154,§ 49 (p. 30) · Vayetzei,Lo Taaseh 105–108,Torah Ohr · Folio 67 · day 68 of 364,Prayer 34 — first half · day 68 of 364,Shabat 24 &amp; Eruvin 1 · Week 10 · Day 5,Kings II 13 & 14 · Week 10 · Day 5,Chapter 6 · cycle 6 · day 3 of 13,Sichos HaRan · §68 of 308 · day 68 of 369,OC 135–136 · half-days 135 & 136,Vayetzei,Rav Pe’alim · Vol I · Yoreh Deah 26 · Vol I · Yoreh Deah 27,Se’if ה׳ · day 3 of 13,כִּי קָרוֹב אֵלֶיךָ הַדָבָר מְאֹד בְּפִיךָ וּבִּלְבָבְךָ לַעֲשׂוֹתוֹ · דברים ל:יד,New Moon 5–6,Sukkah · 4a · Kislev / Chanukah,Strengthening — 9/17 · Strengthening — 10/17,Story 13 · 14 · Vayetzei,Bekhorot 60 · בְּכוֹרוֹת,Class 67 · of 118,Vayetzei · Day 3,Day 68 · of 369,Chapter 6 · cycle 6,The Garden of Riches · cycle 6 of 13,Phase 6 · day 3 of 13,Gate 7 · Gate 8 · Gate 9 · day 3 of 13,Erchin v'Charamin · Kilayim · Matnot Aniyim · set 3 of 14 · day 12 of 28,Bekhorot 60 · review,Story 68 · Parshat Vayetzei
69,2026-11-18,8 Kislev,Vayetzei,Torah 72 · KST § 50 (p. 30) · Lo Taaseh 109–110,ג Gimmel · זג · set 4 · day 3 of 22,Yesod shebeTiferet · shebeGevurah · day 20 of 49,ראה · 69 of 72 · יָכִין 21 · וְיִשְׁמְרֶךָ,Fall · 69 of 91 · Left Kidney · Eicha 5,1st cycle 6 · day 4 of 13 · Ki Chafetz Chesed Hu,Cycle 2 · day 28 of 41 · Neshamah 8 of 10 · Do Not Steal,OC 137–138 · Orach Chaim · 137 of 728,Vayetzei · D4 · P1 · C2,set 3 · 13/28 · New Moon 7 · Passover 1,Torah 72 · Zohar I 155–156,§ 50 (p. 30) · Vayetzei,Lo Taaseh 109–110,Torah Ohr · Folio 68 · day 69 of 364,Prayer 34 — second half · day 69 of 364,"Tosefta Eruvin 1, 2, 3, 4 · Week 10 · Day 6",Kings II 15 & 16 · Week 10 · Day 6,Chapter 6 · cycle 6 · day 4 of 13,Sichos HaRan · §69 of 308 · day 69 of 369,OC 137–138 · half-days 137 & 138,Vayetzei,Rav Pe’alim · Vol I · Yoreh Deah 28 · Vol I · Yoreh Deah 29,Se’if ו׳ · day 4 of 13,וְהִנֵה ה׳ נִצָב עָלָיו וּמְלֹא כָל הָאָרֶץ כּבוֹדוֹ וּמַבִּיט עָלָיו וּבוֹחֵן כְּלָיוֹת וָלֵב אִם עוֹבְדוֹ כָּרָאוּי · תניא פרק מא,New Moon 7 · Passover 1,Sukkah · 4a · Kislev / Chanukah,Strengthening — 9/17 · Strengthening — 10/17,Story 13 · 14 · Vayetzei,Bekhorot 61 · בְּכוֹרוֹת,Class 68 · of 118,Vayetzei · Day 4,Day 69 · of 369,Chapter 6 · cycle 6,The Garden of Riches · cycle 6 of 13,Phase 6 · day 4 of 13,Gate 10 · Gate 11 · Gate 12 · day 4 of 13,Terumot · Ma'aserot · Ma'aser Sheni v'Neta Revai · set 3 of 14 · day 13 of 28,Bekhorot 61 · review,Story 69 · Parshat Vayetzei
70,2026-11-19,9 Kislev,Vayetzei,Torah 73 · KST § 51 (p. 31) · Lo Taaseh 108–111,ד Dalet · חד · set 4 · day 4 of 22,Malchut shebeTiferet · shebeGevurah · day 21 of 49,יבמ · 70 of 72 · גָּמוּל 22 · וְיִשְׁמְרֶךָ,Fall · 70 of 91 · Shov · F4 letter 1 · Eicha 4:1 · א,1st cycle 6 · day 5 of 13 · Ki Chafetz Chesed Hu,Cycle 2 · day 29 of 41 · Neshamah 9 of 10 · Truth / No False Witness,OC 139–140 · Orach Chaim · 139 of 728,Vayetzei · D5 · P1 · C2,set 3 · 14/28 · Passover 2–3,Torah 73 · Zohar I 157–160,§ 51 (p. 31) · Vayetzei,Lo Taaseh 108–111,Torah Ohr · Folio 69 · day 70 of 364,Prayer 35 — first half · day 70 of 364,"Tosefta Eruvin 5, 6, 7, 8 · Week 10 · Day 7",Kings II 17 & 18 · Week 10 · Day 7,Chapter 6 · cycle 6 · day 5 of 13,Sichos HaRan · §70 of 308 · day 70 of 369,OC 139–140 · half-days 139 & 140,Vayetzei,Rav Pe’alim · Vol I · Yoreh Deah 30 · Vol I · Yoreh Deah 31,Se’if ז׳ · day 5 of 13,בְּרֵאשִׁית בָּרָא אֶלֹקִים אֵת הַשָׁמַיִם וְאֵת הָאָרֶץ · בראשית א:א,Passover 2–3,Sukkah · 4a · Kislev / Chanukah,Strengthening — 9/17 · Strengthening — 10/17,Story 13 · 14 · Vayetzei,Arakhin 2 · עֶרְכִין,Class 69 · of 118,Vayetzei · Day 5,Day 70 · of 369,Chapter 6 · cycle 6,The Garden of Riches · cycle 6 of 13,Phase 6 · day 5 of 13,Gate 13 · Gate 14 · Gate 15 · day 5 of 13,Bikkurim · Shemitah v'Yovel · Beit HaBechirah · set 3 of 14 · day 14 of 28,Arakhin 2 · review,Story 70 · Parshat Vayetzei
71,2026-11-20,10 Kislev,Vayetzei,Torah 74 · KST § 52 (p. 32) · Lo Taaseh 112–113,ה Heh · זה · set 4 · day 5 of 22,Chesed shebeNetzach · shebeGevurah · day 22 of 49,היי · 71 of 72 · דְּלָיָהוּ 23 · וְיִשְׁמְרֶךָ,Fall · 71 of 91 · Shov · F4 letter 2 · Eicha 4:2 · ב,1st cycle 6 · day 6 of 13 · Ki Chafetz Chesed Hu,Cycle 2 · day 30 of 41 · Neshamah 10 of 10 · Do Not Covet,OC 141–142 · Orach Chaim · 141 of 728,Vayetzei · D6 · P1 · C2,set 3 · 15/28 · Passover 4–5,Torah 74 · Zohar I 161–162,§ 52 (p. 32) · Vayetzei,Lo Taaseh 112–113,Torah Ohr · Folio 70 · day 71 of 364,Prayer 35 — second half · day 71 of 364,Eruvin 2 & 3 · Week 11 · Day 1,Kings II 19 & 20 · Week 11 · Day 1,Chapter 6 · cycle 6 · day 6 of 13,Sichos HaRan · §71 of 308 · day 71 of 369,OC 141–142 · half-days 141 & 142,Vayetzei,Ben Ish Chai · Halachot,Se’if ח׳ · day 6 of 13,וְשִׁנַנְתָּם לְבָנֶיךָ וְדִבַּרְתָּ בָּם בְּשִׁבְתְּךָ בְּבֵיתֶךָ וּבְלֶכְתְּךָ בַדֶרֶךְ וּבְשָׁכְבְּךָ וּבְקוּמֶךָ · דברים ו:ז,Passover 4–5,Sukkah · 4a · Kislev / Chanukah,Strengthening — 9/17 · Strengthening — 10/17,Story 13 · 14 · Vayetzei,Arakhin 3 · עֶרְכִין,Class 70 · of 118,Vayetzei · Day 6,Day 71 · of 369,Chapter 6 · cycle 6,The Garden of Riches · cycle 6 of 13,Phase 6 · day 6 of 13,Gate 16 · Gate 17 · Gate 18 · day 6 of 13,Klei HaMikdash · Biat HaMikdash · Issurei Mizbe'ach · set 3 of 14 · day 15 of 28,Arakhin 3 · review,Story 71 · Parshat Vayetzei
72,2026-11-21,11 Kislev,Vayetzei,Torah 75 · KST § 53–54 (p. 32) · Lo Taaseh 111–114,ו Vav · חו · set 4 · day 6 of 22,Gevurah shebeNetzach · shebeGevurah · day 23 of 49,מום · 72 of 72 · מַעַזְיָהוּ 24 · וְיִשְׁמְרֶךָ,Fall · 72 of 91 · Shov · F4 letter 3 · Eicha 4:3 · ג,1st cycle 6 · day 7 of 13 · Ki Chafetz Chesed Hu,Cycle 2 · day 31 of 41 · Chayah 1 of 10 · I Am the Lord,OC 143–144 · Orach Chaim · 143 of 728,Vayetzei · D7 · P1 · C2,set 3 · 16/28 · Passover 6–7 · Vayetzei,Torah 75 · Zohar I 163–164,§ 53–54 (p. 32) · Vayetzei,Lo Taaseh 111–114,Torah Ohr · Folio 71 · day 72 of 364,Prayer 36 — first half · day 72 of 364,Eruvin 4 & 5 · Week 11 · Day 2,Kings II 21 & 22 · Week 11 · Day 2,Chapter 6 · cycle 6 · day 7 of 13,Sichos HaRan · §72 of 308 · day 72 of 369,OC 143–144 · half-days 143 & 144,Vayetzei,Ben Ish Chai · Drash · Vayetzei · Drash,Se’if ט׳ · day 7 of 13,"יָגַעְתִּי וְלֹא מָצָאתִי אַל תַּאַמִין לֹא יָגַעְתִּי וּמָצָאתִי אַל תַּאַמִין יָגַעְתִּי וּמָצָאתִי תַּאַמִין · מגילה ו,ב",Passover 6–7,Sukkah · 4a · Kislev / Chanukah,Strengthening — 9/17 · Strengthening — 10/17,Story 13 · 14 · Vayetzei,Arakhin 4 · עֶרְכִין,Class 71 · of 118,Sefer Yetzirah · 1:7,Day 72 · of 369,Chapter 6 · cycle 6,The Garden of Riches · cycle 6 of 13,Phase 6 · day 7 of 13,Gate 19 · Gate 20 · Gate 21 · day 7 of 13,Ma'aseh HaKorbanot · Temidin u'Musafin · Pesulei HaMukdash · set 3 of 14 · day 16 of 28,Arakhin 4 · review,Story 72 · Parshat Vayetzei
73,2026-11-22,12 Kislev,Vayishlach,Torah 76 · KST § 55 (p. 33) · Lo Taaseh 115–116,ז Zayin · זח · set 4 · day 7 of 22,Tiferet shebeNetzach · shebeGevurah · day 24 of 49,,Fall · 73 of 91 · Shov · F4 letter 4 · Eicha 4:4 · ד,1st cycle 6 · day 8 of 13 · Ki Chafetz Chesed Hu,Cycle 2 · day 32 of 41 · Chayah 2 of 10 · No Other Gods,OC 145–146 · Orach Chaim · 145 of 728,Vayishlach · D1 · P2 · C2,set 3 · 17/28 · Passover 8–9,Torah 76 · Zohar I 165–166,§ 55 (p. 33) · Vayishlach,Lo Taaseh 115–116,Torah Ohr · Folio 72 · day 73 of 364,Prayer 36 — second half · day 73 of 364,Eruvin 6 & 7 · Week 11 · Day 3,Kings II 23 & 24 · Week 11 · Day 3,Chapter 6 · cycle 6 · day 8 of 13,Sichos HaRan · §73 of 308 · day 73 of 369,OC 145–146 · half-days 145 & 146,Vayishlach,Rav Pe’alim · Vol I · Yoreh Deah 32 · Vol I · Yoreh Deah 33,Se’if י׳ · day 8 of 13,וְאָהַבְתָּ לְרֵעַךָ כָּמוֹךָ – רַבִּי עַקִיבָא אוֹמֵר זֶה כְּלָל גָדוֹל בַּתּוֹרָה · ויקרא יט:יח,Passover 8–9,Sukkah · 4a · Kislev / Chanukah,Strengthening — 11/17 · Strengthening — 12/17,Story 15 · 16 · Vayishlach,Arakhin 5 · עֶרְכִין,Class 72 · of 118,Vayishlach · Day 1,Day 73 · of 369,Chapter 6 · cycle 6,The Garden of Riches · cycle 6 of 13,Phase 6 · day 8 of 13,Gate 22 · Gate 23 · Gate 24 · day 8 of 13,Avodat Yom HaKippurim · Me'ilah · Korban Pesach · set 3 of 14 · day 17 of 28,Arakhin 5 · review,Story 73 · Parshat Vayishlach
74,2026-11-23,13 Kislev,Vayishlach,Torah 77 · KST § 56 (p. 33) · Lo Taaseh 114–117,ח Chet · חז · set 4 · day 8 of 22,Netzach shebeNetzach · shebeGevurah · day 25 of 49,והו · 1 of 72 · יְהוֹיָרִיב 1 · יָאֵר,Fall · 74 of 91 · Shov · F4 letter 5 · Eicha 4:5 · ה,1st cycle 6 · day 9 of 13 · Ki Chafetz Chesed Hu,Cycle 2 · day 33 of 41 · Chayah 3 of 10 · Not to Profane G-d's Name,OC 147–148 · Orach Chaim · 147 of 728,Vayishlach · D2 · P2 · C2,set 3 · 18/28 · Counter the Omer 1–2,Torah 77 · Zohar I 167–168,§ 56 (p. 33) · Vayishlach,Lo Taaseh 114–117,Torah Ohr · Folio 73 · day 74 of 364,Prayer 37 — first half · day 74 of 364,Eruvin 8 & 9 · Week 11 · Day 4,Kings II 25 &amp; Isaiah 1 · Week 11 · Day 4,Chapter 6 · cycle 6 · day 9 of 13,Sichos HaRan · §74 of 308 · day 74 of 369,OC 147–148 · half-days 147 & 148,Vayishlach,Rav Pe’alim · Vol I · Yoreh Deah 34 · Vol I · Yoreh Deah 35,Se’if י״א · day 9 of 13,וְזֶה כָּל הָאָדָם וְתַכְלִית בְּרִיאָתוֹ וּבְרִיאַת כָּל הָעוֹלָמוֹת עֶלְיוֹנִים וְתַּחְתּוֹנִים לִהְיוֹת לוֹ דִירָה זוֹ בְּתַּחְתּוֹנִים · תניא פרק לג,Counter the Omer 1–2,Sukkah · 4a · Kislev / Chanukah,Strengthening — 11/17 · Strengthening — 12/17,Story 15 · 16 · Vayishlach,Arakhin 6 · עֶרְכִין,Class 73 · of 118,Vayishlach · Day 2,Day 74 · of 369,Chapter 6 · cycle 6,The Garden of Riches · cycle 6 of 13,Phase 6 · day 9 of 13,Gate 25 · Gate 26 · Gate 27 · day 9 of 13,Chagigah · Bechorot · Shegagot · set 3 of 14 · day 18 of 28,Arakhin 6 · review,Story 74 · Parshat Vayishlach
75,2026-11-24,14 Kislev,Vayishlach,Torah 78 · KST § 57 (p. 33) · Lo Taaseh 118–119,ט Tet · טח · set 4 · day 9 of 22,Hod shebeNetzach · shebeGevurah · day 26 of 49,ילי · 2 of 72 · יְדַעְיָה 2 · יָאֵר,Fall · 75 of 91 · Shov · F4 letter 6 · Eicha 4:6 · ו,1st cycle 6 · day 10 of 13 · Ki Chafetz Chesed Hu,Cycle 2 · day 34 of 41 · Chayah 4 of 10 · The Sabbath,OC 149–150 · Orach Chaim · 149 of 728,Vayishlach · D3 · P2 · C2,set 3 · 19/28 · Shavuot Festival 1–2,Torah 78 · Zohar I 169–170,§ 57 (p. 33) · Vayishlach,Lo Taaseh 118–119,Torah Ohr · Folio 74 · day 75 of 364,Prayer 37 — second half · day 75 of 364,Eruvin 10 &amp; Pesachim 1 · Week 11 · Day 5,Isaiah 2 & 3 · Week 11 · Day 5,Chapter 6 · cycle 6 · day 10 of 13,Sichos HaRan · §75 of 308 · day 75 of 369,OC 149–150 · half-days 149 & 150,Vayishlach,Rav Pe’alim · Vol I · Yoreh Deah 36 · Vol I · Yoreh Deah 37,Se’if י״ב · day 10 of 13,יִשְׂמַח יִשְׂרָאֵל בְּעוֹשָׂיו פֵּירוּש שֶׁכָּל מִי שֶׁהוּא מִזֶרַע יִשְׂרָאֵל יֵשׁ לוֹ לִשְׂמוֹחַ בְּשִׂמְחַת ה׳ אַשֶׁר שָׂשׂ וְשָׂמֵחַ בְּדִירָתוֹ בְּתַּחְתּוֹנִים · תניא פרק לג,Shavuot Festival 1–2,Sukkah · 4a · Kislev / Chanukah,Strengthening — 11/17 · Strengthening — 12/17,Story 15 · 16 · Vayishlach,Arakhin 7 · עֶרְכִין,Class 74 · of 118,Vayishlach · Day 3,Day 75 · of 369,Chapter 6 · cycle 6,The Garden of Riches · cycle 6 of 13,Phase 6 · day 10 of 13,Gate 28 · Gate 29 · Gate 30 · day 10 of 13,Mechusrei Kapparah · Temurah · Tumat Met · set 3 of 14 · day 19 of 28,Arakhin 7 · review,Story 75 · Parshat Vayishlach
76,2026-11-25,15 Kislev,Vayishlach,Torah 79 · KST § 58 (p. 34) · Lo Taaseh 117–120,י Yud · יז · set 4 · day 10 of 22,Yesod shebeNetzach · shebeGevurah · day 27 of 49,סיט · 3 of 72 · חָרִם 3 · יָאֵר,Fall · 76 of 91 · Shov · F4 letter 7 · Eicha 4:7 · ז,1st cycle 6 · day 11 of 13 · Ki Chafetz Chesed Hu,Cycle 2 · day 35 of 41 · Chayah 5 of 10 · Honor Parents,OC 151–152 · Orach Chaim · 151 of 728,Vayishlach · D4 · P2 · C2,set 3 · 20/28 · Festival Day 1–2,Torah 79 · Zohar I 171–172,§ 58 (p. 34) · Vayishlach,Lo Taaseh 117–120,Torah Ohr · Folio 75 · day 76 of 364,Prayer 38 — first half · day 76 of 364,"Tosefta Pesachim 1, 2, 3, 4 · Week 11 · Day 6",Isaiah 4 & 5 · Week 11 · Day 6,Chapter 6 · cycle 6 · day 11 of 13,Sichos HaRan · §76 of 308 · day 76 of 369,OC 151–152 · half-days 151 & 152,Vayishlach,Rav Pe’alim · Vol I · Yoreh Deah 38 · Vol I · Yoreh Deah 39,Overview · day 11 of 13,"All twelve · Mivtza Chinuch, 5736",Festival Day 1–2,Sukkah · 4a · Kislev / Chanukah,Strengthening — 11/17 · Strengthening — 12/17,Story 15 · 16 · Vayishlach,Arakhin 8 · עֶרְכִין,Class 75 · of 118,Vayishlach · Day 4,Day 76 · of 369,Chapter 6 · cycle 6,The Garden of Riches · cycle 6 of 13,Phase 6 · day 11 of 13,Gate 31 · Gate 32 · Ohr Ne’erav I · day 11 of 13,Parah Adumah · Tumat Tzara'at · Metamei Mishkav u'Moshav · set 3 of 14 · day 20 of 28,Arakhin 8 · review,Story 76 · Parshat Vayishlach
77,2026-11-26,16 Kislev,Vayishlach,Torah 80 · KST § 59 (p. 34) · Lo Taaseh 121–122,כ Kaf · כח · set 4 · day 11 of 22,Malchut shebeNetzach · shebeGevurah · day 28 of 49,עלם · 4 of 72 · שְׂעֹרִים 4 · יָאֵר,Fall · 77 of 91 · Shov · F4 letter 8 · Eicha 4:8 · ח,1st cycle 6 · day 12 of 13 · Ki Chafetz Chesed Hu,Cycle 2 · day 36 of 41 · Chayah 6 of 10 · Do Not Murder,OC 153–154 · Orach Chaim · 153 of 728,Vayishlach · D5 · P2 · C2,set 3 · 21/28 · Festival Day 3–4,Torah 80 · Zohar I 173–176,§ 59 (p. 34) · Vayishlach,Lo Taaseh 121–122,Torah Ohr · Folio 76 · day 77 of 364,Prayer 38 — second half · day 77 of 364,"Tosefta Pesachim 5, 6, 7, 8 · Week 11 · Day 7",Isaiah 6 & 7 · Week 11 · Day 7,Chapter 6 · cycle 6 · day 12 of 13,Sichos HaRan · §77 of 308 · day 77 of 369,OC 153–154 · half-days 153 & 154,Vayishlach,Rav Pe’alim · Vol I · Yoreh Deah 40 · Vol I · Yoreh Deah 41,Se’if א׳ · day 12 of 13,תּוֹרָה צִוָה לָנוּ מֹשֶׁה מוֹרָשָׁה קְהִלַת יַעֲקֹב · דברים לג:ד,Festival Day 3–4,Sukkah · 4a · Kislev / Chanukah,Strengthening — 11/17 · Strengthening — 12/17,Story 15 · 16 · Vayishlach,Arakhin 9 · עֶרְכִין,Class 76 · of 118,Vayishlach · Day 5,Day 77 · of 369,Chapter 6 · cycle 6,The Garden of Riches · cycle 6 of 13,Phase 6 · day 12 of 13,Ohr Ne’erav II · Ohr Ne’erav III · Ohr Ne’erav IV · day 12 of 13,She'ar Avot HaTumot · Tumat Ochlin · Kelim · set 3 of 14 · day 21 of 28,Arakhin 9 · review,Story 77 · Parshat Vayishlach
78,2026-11-27,17 Kislev,Vayishlach,Torah 81 · KST § 60 (p. 34) · Lo Taaseh 120–123,ל Lamed · לז · set 4 · day 12 of 22,Chesed shebeHod · shebeGevurah · day 29 of 49,מהש · 5 of 72 · מַלְכִּיָּה 5 · יָאֵר,Fall · 78 of 91 · Shov · F4 letter 9 · Eicha 4:9 · ט,1st cycle 6 · day 13 of 13 · Ki Chafetz Chesed Hu,Cycle 2 · day 37 of 41 · Chayah 7 of 10 · Faithfulness,OC 155–156 · Orach Chaim · 155 of 728,Vayishlach · D6 · P2 · C2,set 3 · 22/28 · Festival Day 5 · Week Days of a Festival 1,Torah 81 · Zohar I 177–178,§ 60 (p. 34) · Vayishlach,Lo Taaseh 120–123,Torah Ohr · Folio 77 · day 78 of 364,Prayer 39 — first half · day 78 of 364,Pesachim 2 & 3 · Week 12 · Day 1,Isaiah 8 & 9 · Week 12 · Day 1,Chapter 6 · cycle 6 · day 13 of 13,Sichos HaRan · §78 of 308 · day 78 of 369,OC 155–156 · half-days 155 & 156,Vayishlach,Ben Ish Chai · Halachot,Se’if ב׳ · day 13 of 13,שְׁמַע יִשְׂרָאֵל ה׳ אֶלֹקֵינוּ ה׳ אֶחָד · דברים ו:ד,Festival Day 5 · Week Days of a Festival 1,Beitzah · 4b · Kislev / Chanukah,Strengthening — 11/17 · Strengthening — 12/17,Story 15 · 16 · Vayishlach,Arakhin 10 · עֶרְכִין,Class 77 · of 118,Vayishlach · Day 6,Day 78 · of 369,Chapter 6 · cycle 6,The Garden of Riches · cycle 6 of 13,Phase 6 · day 13 of 13,Ohr Ne’erav V · Ohr Ne’erav VI · Ohr Ne’erav VII · day 13 of 13,Mikvaot · Nizkei Mamon · Genevah · set 3 of 14 · day 22 of 28,Arakhin 10 · review,Story 78 · Parshat Vayishlach
79,2026-11-28,18 Kislev,Vayishlach,Torah 82 · KST § 61–62 (p. 34) · Lo Taaseh 124–125,מ Mem · מח · set 4 · day 13 of 22,Gevurah shebeHod · shebeGevurah · day 30 of 49,ללה · 6 of 72 · מִיָּמִן 6 · יָאֵר,Fall · 79 of 91 · Shov · F4 letter 10 · Eicha 4:10 · י,1st cycle 7 · day 1 of 13 · Yashuv Yerachamenu,Cycle 2 · day 38 of 41 · Chayah 8 of 10 · Do Not Steal,OC 157–158 · Orach Chaim · 157 of 728,Vayishlach · D7 · P2 · C2,set 3 · 23/28 · Week Days of a Festival 2–3 · Vayishlach,Torah 82 · Zohar I 179–180,§ 61–62 (p. 34) · Vayishlach,Lo Taaseh 124–125,Torah Ohr · Folio 78 · day 79 of 364,Prayer 39 — second half · day 79 of 364,Pesachim 4 & 5 · Week 12 · Day 2,Isaiah 10 & 11 · Week 12 · Day 2,Chapter 7 · cycle 7 · day 1 of 13,Sichos HaRan · §79 of 308 · day 79 of 369,OC 157–158 · half-days 157 & 158,Vayishlach,Ben Ish Chai · Drash · Vayishlach · Drash,Se’if ג׳ · day 1 of 13,"בְּכָל דוֹר וָדוֹר חַיָיב אָדָם לִרְאוֹת אֶת עַצְמוֹ כְּאִלוּ הוּא יָצָא מִמִצְרָיִם · פסחים קטז,ב",Week Days of a Festival 2–3,Beitzah · 4b · Kislev / Chanukah,Strengthening — 11/17 · Strengthening — 12/17,Story 15 · 16 · Vayishlach,Arakhin 11 · עֶרְכִין,Class 78 · of 118,Sefer Yetzirah · 1:8,Day 79 · of 369,Chapter 7 · cycle 7,The Garden of Gratitude · cycle 7 of 13,Phase 7 · day 1 of 13,Gate 1 · Gate 2 · Gate 3 · day 1 of 13,Gezelah v'Avedah · Chovel u'Mazik · Rotze'ach u'Shmirat Ne · set 3 of 14 · day 23 of 28,Arakhin 11 · review,Story 79 · Parshat Vayishlach
80,2026-11-29,19 Kislev,Vayeshev,Torah 83 · KST § 63 (p. 35) · Lo Taaseh 123–126,נ Nun · נז · set 4 · day 14 of 22,Tiferet shebeHod · shebeGevurah · day 31 of 49,אכא · 7 of 72 · הַקּוֹץ 7 · יָאֵר,Fall · 80 of 91 · Shov · F4 letter 11 · Eicha 4:11 · כ,1st cycle 7 · day 2 of 13 · Yashuv Yerachamenu,Cycle 2 · day 39 of 41 · Chayah 9 of 10 · Truth / No False Witness,OC 159–160 · Orach Chaim · 159 of 728,Vayeshev · D1 · P3 · C2,set 3 · 24/28 · Week Days of a Festival 4 · Ninth of Av and Other Fast Days 1,Torah 83 · Zohar I 181–182,§ 63 (p. 35) · Vayeshev,Lo Taaseh 123–126,Torah Ohr · Folio 79 · day 80 of 364,Prayer 40 — first half · day 80 of 364,Pesachim 6 & 7 · Week 12 · Day 3,Isaiah 12 & 13 · Week 12 · Day 3,Chapter 7 · cycle 7 · day 2 of 13,Sichos HaRan · §80 of 308 · day 80 of 369,OC 159–160 · half-days 159 & 160,Vayeshev,Rav Pe’alim · Vol I · Yoreh Deah 42 · Vol I · Yoreh Deah 43,Se’if ד׳ · day 2 of 13,"כָּל יִשְׂרָאֵל יֵשׁ לָהֶם חֵלֶק לְעוֹלָם הַבָּא שֶׁנֶאֱמַר וְעַמֵךְ כּוּלָם צַדִיקִים לְעוֹלָם יִירְשׁוּ אָרֶץ נֵצֶר מַטָעַי מַעֲשֵׂה יָדַי לְהִתְפָּאֵר · סנהדרין צ,א",Week Days of a Festival 4 · Ninth of Av and Other Fast Days 1,Beitzah · 4b · Kislev / Chanukah,Strengthening — 13/17 · Strengthening — 14/17,Story 17 · 18 · Vayeshev,Arakhin 12 · עֶרְכִין,Class 79 · of 118,Vayeshev · Day 1,Day 80 · of 369,Chapter 7 · cycle 7,The Garden of Gratitude · cycle 7 of 13,Phase 7 · day 2 of 13,Gate 4 · Gate 5 · Gate 6 · day 2 of 13,Mechirah · Zechiyah u'Matanah · Shecheinim · set 3 of 14 · day 24 of 28,Arakhin 12 · review,Story 80 · Parshat Vayeshev
81,2026-11-30,20 Kislev,Vayeshev,Torah 84 · KST § 64 (p. 36) · Lo Taaseh 127–128,ס Samech · סח · set 4 · day 15 of 22,Netzach shebeHod · shebeGevurah · day 32 of 49,כהת · 8 of 72 · אֲבִיָּה 8 · יָאֵר,Fall · 81 of 91 · Shov · F4 letter 12 · Eicha 4:12 · ל,1st cycle 7 · day 3 of 13 · Yashuv Yerachamenu,Cycle 2 · day 40 of 41 · Chayah 10 of 10 · Do Not Covet,OC 161–162 · Orach Chaim · 161 of 728,Vayeshev · D2 · P3 · C2,set 3 · 25/28 · Ninth of Av and Other Fast Days 2–3,Torah 84 · Zohar I 183–184,§ 64 (p. 36) · Vayeshev,Lo Taaseh 127–128,Torah Ohr · Folio 80 · day 81 of 364,Prayer 40 — second half · day 81 of 364,Pesachim 8 & 9 · Week 12 · Day 4,Isaiah 14 & 15 · Week 12 · Day 4,Chapter 7 · cycle 7 · day 3 of 13,Sichos HaRan · §81 of 308 · day 81 of 369,OC 161–162 · half-days 161 & 162,Vayeshev,Rav Pe’alim · Vol I · Yoreh Deah 44 · Vol I · Yoreh Deah 45,Se’if ה׳ · day 3 of 13,כִּי קָרוֹב אֵלֶיךָ הַדָבָר מְאֹד בְּפִיךָ וּבִּלְבָבְךָ לַעֲשׂוֹתוֹ · דברים ל:יד,Ninth of Av and Other Fast Days 2–3,Beitzah · 4b · Kislev / Chanukah,Strengthening — 13/17 · Strengthening — 14/17,Story 17 · 18 · Vayeshev,Arakhin 13 · עֶרְכִין,Class 80 · of 118,Vayeshev · Day 2,Day 81 · of 369,Chapter 7 · cycle 7,The Garden of Gratitude · cycle 7 of 13,Phase 7 · day 3 of 13,Gate 7 · Gate 8 · Gate 9 · day 3 of 13,Shluchin v'Shutafin · Avadim · Sechirut · set 3 of 14 · day 25 of 28,Arakhin 13 · review,Story 81 · Parshat Vayeshev
82,2026-12-01,21 Kislev,Vayeshev,Torah 85 · KST § 65 (p. 36) · Lo Taaseh 126–129,ע Ayin · עז · set 4 · day 16 of 22,Hod shebeHod · shebeGevurah · day 33 of 49,הזי · 9 of 72 · יֵשׁוּעַ 9 · יָאֵר,Fall · 82 of 91 · Shov · F4 letter 13 · Eicha 4:13 · מ,1st cycle 7 · day 4 of 13 · Yashuv Yerachamenu,,OC 163–164 · Orach Chaim · 163 of 728,Vayeshev · D3 · P3 · C2,set 3 · 26/28 · Ninth of Av and Other Fast Days 4–5,Torah 85 · Zohar I 185–186,§ 65 (p. 36) · Vayeshev,Lo Taaseh 126–129,Torah Ohr · Folio 81 · day 82 of 364,Prayer 41 — first half · day 82 of 364,Pesachim 10 &amp; Shekalim 1 · Week 12 · Day 5,Isaiah 16 & 17 · Week 12 · Day 5,Chapter 7 · cycle 7 · day 4 of 13,Sichos HaRan · §82 of 308 · day 82 of 369,OC 163–164 · half-days 163 & 164,Vayeshev,Rav Pe’alim · Vol I · Yoreh Deah 46 · Vol I · Yoreh Deah 47,Se’if ו׳ · day 4 of 13,וְהִנֵה ה׳ נִצָב עָלָיו וּמְלֹא כָל הָאָרֶץ כּבוֹדוֹ וּמַבִּיט עָלָיו וּבוֹחֵן כְּלָיוֹת וָלֵב אִם עוֹבְדוֹ כָּרָאוּי · תניא פרק מא,Ninth of Av and Other Fast Days 4–5,Beitzah · 4b · Kislev / Chanukah,Strengthening — 13/17 · Strengthening — 14/17,Story 17 · 18 · Vayeshev,Arakhin 14 · עֶרְכִין,Class 81 · of 118,Vayeshev · Day 3,Day 82 · of 369,Chapter 7 · cycle 7,The Garden of Gratitude · cycle 7 of 13,Phase 7 · day 4 of 13,Gate 10 · Gate 11 · Gate 12 · day 4 of 13,She'elah u'Fikadon · Malveh v'Loveh · To'en v'Nit'an · set 3 of 14 · day 26 of 28,Arakhin 14 · review,Story 82 · Parshat Vayeshev
83,2026-12-02,22 Kislev,Vayeshev,Torah 86 · KST § 66 (p. 36) · Lo Taaseh 130–131,פ Peh · פח · set 4 · day 17 of 22,Yesod shebeHod · shebeGevurah · day 34 of 49,אלד · 10 of 72 · שְׁכַנְיָהוּ 10 · יָאֵר,Fall · 83 of 91 · Shov · F4 letter 14 · Eicha 4:14 · נ,1st cycle 7 · day 5 of 13 · Yashuv Yerachamenu,Cycle 3 · day 1 of 41 · Nefesh 1 of 10 · I Am the Lord,OC 165–166 · Orach Chaim · 165 of 728,Vayeshev · D4 · P3 · C2,set 3 · 27/28 · New Year 1–2,Torah 86 · Zohar I 187–188,§ 66 (p. 36) · Vayeshev,Lo Taaseh 130–131,Torah Ohr · Folio 82 · day 83 of 364,Prayer 41 — second half · day 83 of 364,"Tosefta Pesachim 9, 10 &amp; Tosefta Shekalim 1, 2 · Week 12 · Day 6",Isaiah 18 & 19 · Week 12 · Day 6,Chapter 7 · cycle 7 · day 5 of 13,Sichos HaRan · §83 of 308 · day 83 of 369,OC 165–166 · half-days 165 & 166,Vayeshev,Rav Pe’alim · Vol I · Yoreh Deah 48 · Vol I · Yoreh Deah 49,Se’if ז׳ · day 5 of 13,בְּרֵאשִׁית בָּרָא אֶלֹקִים אֵת הַשָׁמַיִם וְאֵת הָאָרֶץ · בראשית א:א,New Year 1–2,Beitzah · 4b · Kislev / Chanukah,Strengthening — 13/17 · Strengthening — 14/17,Story 17 · 18 · Vayeshev,Arakhin 15 · עֶרְכִין,Class 82 · of 118,Vayeshev · Day 4,Day 83 · of 369,Chapter 7 · cycle 7,The Garden of Gratitude · cycle 7 of 13,Phase 7 · day 5 of 13,Gate 13 · Gate 14 · Gate 15 · day 5 of 13,Nachalot · Sanhedrin · Edut · set 3 of 14 · day 27 of 28,Arakhin 15 · review,Story 83 · Parshat Vayeshev
84,2026-12-03,23 Kislev,Vayeshev,Torah 87 · KST § 67 (p. 36) · Lo Taaseh 129–132,צ Tzaddik · צז · set 4 · day 18 of 22,Malchut shebeHod · shebeGevurah · day 35 of 49,לאו · 11 of 72 · אֶלְיָשִׁיב 11 · יָאֵר,Fall · 84 of 91 · Shov · F4 letter 15 · Eicha 4:15 · ס,1st cycle 7 · day 6 of 13 · Yashuv Yerachamenu,Cycle 3 · day 2 of 41 · Nefesh 2 of 10 · No Other Gods,OC 167–168 · Orach Chaim · 167 of 728,Vayeshev · D5 · P3 · C2,set 3 · 28/28 · New Year 3–4,Torah 87 · Zohar I 189–192,§ 67 (p. 36) · Vayeshev,Lo Taaseh 129–132,Torah Ohr · Folio 83 · day 84 of 364,Prayer 42 — first half · day 84 of 364,"Tosefta Shekalim 3 &amp; Tosefta Yoma 1, 2, 3 · Week 12 · Day 7",Isaiah 20 & 21 · Week 12 · Day 7,Chapter 7 · cycle 7 · day 6 of 13,Sichos HaRan · §84 of 308 · day 84 of 369,OC 167–168 · half-days 167 & 168,Vayeshev,Rav Pe’alim · Vol I · Yoreh Deah 50 · Vol I · Yoreh Deah 51,Se’if ח׳ · day 6 of 13,וְשִׁנַנְתָּם לְבָנֶיךָ וְדִבַּרְתָּ בָּם בְּשִׁבְתְּךָ בְּבֵיתֶךָ וּבְלֶכְתְּךָ בַדֶרֶךְ וּבְשָׁכְבְּךָ וּבְקוּמֶךָ · דברים ו:ז,New Year 3–4,Beitzah · 4b · Kislev / Chanukah,Strengthening — 13/17 · Strengthening — 14/17,Story 17 · 18 · Vayeshev,Arakhin 16 · עֶרְכִין,Class 83 · of 118,Vayeshev · Day 5,Day 84 · of 369,Chapter 7 · cycle 7,The Garden of Gratitude · cycle 7 of 13,Phase 7 · day 6 of 13,Gate 16 · Gate 17 · Gate 18 · day 6 of 13,Mamrim · Evel · Melachim u'Milchamos · set 3 of 14 · day 28 of 28,Arakhin 16 · review,Story 84 · Parshat Vayeshev
85,2026-12-04,24 Kislev,Vayeshev,Torah 88 · KST § 68 (p. 37) · Lo Taaseh 133–134,ק Kuf · קח · set 4 · day 19 of 22,Chesed shebeYesod · shebeGevurah · day 36 of 49,ההע · 12 of 72 · יָקִים 12 · יָאֵר,Fall · 85 of 91 · Shov · F4 letter 16 · Eicha 4:16 · פ,1st cycle 7 · day 7 of 13 · Yashuv Yerachamenu,Cycle 3 · day 3 of 41 · Nefesh 3 of 10 · Not to Profane G-d's Name,OC 169–170 · Orach Chaim · 169 of 728,Vayeshev · D6 · P3 · C2,set 4 · 1/28 · New Year 5–6,Torah 88 · Zohar I 193–194,§ 68 (p. 37) · Vayeshev,Lo Taaseh 133–134,Torah Ohr · Folio 84 · day 85 of 364,Prayer 42 — second half · day 85 of 364,Shekalim 2 & 3 · Week 13 · Day 1,Isaiah 22 & 23 · Week 13 · Day 1,Chapter 7 · cycle 7 · day 7 of 13,Sichos HaRan · §85 of 308 · day 85 of 369,OC 169–170 · half-days 169 & 170,Vayeshev,Ben Ish Chai · Halachot,Se’if ט׳ · day 7 of 13,"יָגַעְתִּי וְלֹא מָצָאתִי אַל תַּאַמִין לֹא יָגַעְתִּי וּמָצָאתִי אַל תַּאַמִין יָגַעְתִּי וּמָצָאתִי תַּאַמִין · מגילה ו,ב",New Year 5–6,Beitzah · 4b · Kislev / Chanukah,Strengthening — 13/17 · Strengthening — 14/17,Story 17 · 18 · Vayeshev,Arakhin 17 · עֶרְכִין,Class 84 · of 118,Vayeshev · Day 6,Day 85 · of 369,Chapter 7 · cycle 7,The Garden of Gratitude · cycle 7 of 13,Phase 7 · day 7 of 13,Gate 19 · Gate 20 · Gate 21 · day 7 of 13,Enumeration of the 613 Mitzvos · Yesodei HaTorah · De'ot · set 4 of 14 · day 1 of 28,Arakhin 17 · review,Story 85 · Parshat Vayeshev
86,2026-12-05,25 Kislev,Vayeshev,Torah 89 · KST § 69–70 (p. 38) · Lo Taaseh 132–135,ר Reish · רז · set 4 · day 20 of 22,Gevurah shebeYesod · shebeGevurah · day 37 of 49,יזל · 13 of 72 · חֻפָּה 13 · יָאֵר,Fall · 86 of 91 · Shov · F4 letter 17 · Eicha 4:17 · ע,1st cycle 7 · day 8 of 13 · Yashuv Yerachamenu,Cycle 3 · day 4 of 41 · Nefesh 4 of 10 · The Sabbath,OC 171–172 · Orach Chaim · 171 of 728,Vayeshev · D7 · P3 · C2,set 4 · 2/28 · New Year 7 · Day of Atonement 1 · Vayeshev,Torah 89 · Zohar I 195–196,§ 69–70 (p. 38) · Vayeshev,Lo Taaseh 132–135,Torah Ohr · Folio 85 · day 86 of 364,Prayer 43 — first half · day 86 of 364,Shekalim 4 & 5 · Week 13 · Day 2,Isaiah 24 & 25 · Week 13 · Day 2,Chapter 7 · cycle 7 · day 8 of 13,Sichos HaRan · §86 of 308 · day 86 of 369,OC 171–172 · half-days 171 & 172,Vayeshev,Ben Ish Chai · Drash · Vayeshev · Drash,Se’if י׳ · day 8 of 13,וְאָהַבְתָּ לְרֵעַךָ כָּמוֹךָ – רַבִּי עַקִיבָא אוֹמֵר זֶה כְּלָל גָדוֹל בַּתּוֹרָה · ויקרא יט:יח,New Year 7 · Day of Atonement 1,Beitzah · 4b · Kislev / Chanukah,Strengthening — 13/17 · Strengthening — 14/17,Story 17 · 18 · Vayeshev,Arakhin 18 · עֶרְכִין,Class 85 · of 118,Sefer Yetzirah · 1:9,Day 86 · of 369,Chapter 7 · cycle 7,The Garden of Gratitude · cycle 7 of 13,Phase 7 · day 8 of 13,Gate 22 · Gate 23 · Gate 24 · day 8 of 13,Talmud Torah · Avodah Zarah · Teshuvah · set 4 of 14 · day 2 of 28,Arakhin 18 · review,Story 86 · Parshat Vayeshev
87,2026-12-06,26 Kislev,Miketz,Torah 90 · KST § 71 (p. 39) · Lo Taaseh 136–137,ש Shin · שח · set 4 · day 21 of 22,Tiferet shebeYesod · shebeGevurah · day 38 of 49,מבה · 14 of 72 · יֶשֶׁבְאָב 14 · יָאֵר,Fall · 87 of 91 · Shov · F4 letter 18 · Eicha 4:18 · צ,1st cycle 7 · day 9 of 13 · Yashuv Yerachamenu,Cycle 3 · day 5 of 41 · Nefesh 5 of 10 · Honor Parents,OC 173–174 · Orach Chaim · 173 of 728,Miketz · D1 · P4 · C2,set 4 · 3/28 · Day of Atonement 2 · Festival of Booths 1,Torah 90 · Zohar I 197–198,§ 71 (p. 39) · Miketz,Lo Taaseh 136–137,Torah Ohr · Folio 86 · day 87 of 364,Prayer 43 — second half · day 87 of 364,Shekalim 6 & 7 · Week 13 · Day 3,Isaiah 26 & 27 · Week 13 · Day 3,Chapter 7 · cycle 7 · day 9 of 13,Sichos HaRan · §87 of 308 · day 87 of 369,OC 173–174 · half-days 173 & 174,Miketz,Rav Pe’alim · Vol I · Yoreh Deah 52 · Vol I · Yoreh Deah 53,Se’if י״א · day 9 of 13,וְזֶה כָּל הָאָדָם וְתַכְלִית בְּרִיאָתוֹ וּבְרִיאַת כָּל הָעוֹלָמוֹת עֶלְיוֹנִים וְתַּחְתּוֹנִים לִהְיוֹת לוֹ דִירָה זוֹ בְּתַּחְתּוֹנִים · תניא פרק לג,Day of Atonement 2 · Festival of Booths 1,Beitzah · 4b · Kislev / Chanukah,Strengthening — 15/17 · Strengthening — 16/17,Story 19 · 20 · Miketz,Arakhin 19 · עֶרְכִין,Class 86 · of 118,Miketz · Day 1,Day 87 · of 369,Chapter 7 · cycle 7,The Garden of Gratitude · cycle 7 of 13,Phase 7 · day 9 of 13,Gate 25 · Gate 26 · Gate 27 · day 9 of 13,"Kriat Shema · Tefilah u'Birkat Kohanim · Tefillin, Mezuzah · set 4 of 14 · day 3 of 28",Arakhin 19 · review,Story 87 · Parshat Miketz
88,2026-12-07,27 Kislev,Miketz,Torah 91 · KST § 72 (p. 39) · Lo Taaseh 135–138,ת Tav · תז · set 4 · day 22 of 22,Netzach shebeYesod · shebeGevurah · day 39 of 49,הרי · 15 of 72 · בִּלְגָּה 15 · יָאֵר,Fall · 88 of 91 · Shov · F4 letter 19 · Eicha 4:19 · ק,1st cycle 7 · day 10 of 13 · Yashuv Yerachamenu,Cycle 3 · day 6 of 41 · Nefesh 6 of 10 · Do Not Murder,OC 175–176 · Orach Chaim · 175 of 728,Miketz · D2 · P4 · C2,set 4 · 4/28 · Festival of Booths 2–3,Torah 91 · Zohar I 199–200,§ 72 (p. 39) · Miketz,Lo Taaseh 135–138,Torah Ohr · Folio 87 · day 88 of 364,Prayer 44 — first half · day 88 of 364,Shekalim 8 &amp; Yoma 1 · Week 13 · Day 4,Isaiah 28 & 29 · Week 13 · Day 4,Chapter 7 · cycle 7 · day 10 of 13,Sichos HaRan · §88 of 308 · day 88 of 369,OC 175–176 · half-days 175 & 176,Miketz,Rav Pe’alim · Vol I · Yoreh Deah 54 · Vol I · Yoreh Deah 55,Se’if י״ב · day 10 of 13,יִשְׂמַח יִשְׂרָאֵל בְּעוֹשָׂיו פֵּירוּש שֶׁכָּל מִי שֶׁהוּא מִזֶרַע יִשְׂרָאֵל יֵשׁ לוֹ לִשְׂמוֹחַ בְּשִׂמְחַת ה׳ אַשֶׁר שָׂשׂ וְשָׂמֵחַ בְּדִירָתוֹ בְּתַּחְתּוֹנִים · תניא פרק לג,Festival of Booths 2–3,Beitzah · 4b · Kislev / Chanukah,Strengthening — 15/17 · Strengthening — 16/17,Story 19 · 20 · Miketz,Arakhin 20 · עֶרְכִין,Class 87 · of 118,Miketz · Day 2,Day 88 · of 369,Chapter 7 · cycle 7,The Garden of Gratitude · cycle 7 of 13,Phase 7 · day 10 of 13,Gate 28 · Gate 29 · Gate 30 · day 10 of 13,Tzitzit · Berachot · Milah · set 4 of 14 · day 4 of 28,Arakhin 20 · review,Story 88 · Parshat Miketz
89,2026-12-08,28 Kislev,Miketz,Torah 92 · KST § 73 (p. 39) · Lo Taaseh 139–140,א Alef · טא · set 5 · day 1 of 22,Hod shebeYesod · shebeGevurah · day 40 of 49,הקם · 16 of 72 · אִמֵּר 16 · יָאֵר,Fall · 89 of 91 · Shov · F4 letter 20 · Eicha 4:20 · ר,1st cycle 7 · day 11 of 13 · Yashuv Yerachamenu,Cycle 3 · day 7 of 41 · Nefesh 7 of 10 · Faithfulness,OC 177–178 · Orach Chaim · 177 of 728,Miketz · D3 · P4 · C2,set 4 · 5/28 · Festival of Booths 4–5,Torah 92 · Zohar I 201–202,§ 73 (p. 39) · Miketz,Lo Taaseh 139–140,Torah Ohr · Folio 88 · day 89 of 364,Prayer 44 — second half · day 89 of 364,Yoma 2 & 3 · Week 13 · Day 5,Isaiah 30 & 31 · Week 13 · Day 5,Chapter 7 · cycle 7 · day 11 of 13,Sichos HaRan · §89 of 308 · day 89 of 369,OC 177–178 · half-days 177 & 178,Miketz,Rav Pe’alim · Vol I · Yoreh Deah 56 · Vol I · Yoreh Deah 57,Overview · day 11 of 13,"All twelve · Mivtza Chinuch, 5736",Festival of Booths 4–5,Rosh Hashanah · 5a · Chanukah / Tevet,Strengthening — 15/17 · Strengthening — 16/17,Story 19 · 20 · Miketz,Arakhin 21 · עֶרְכִין,Class 88 · of 118,Miketz · Day 3,Day 89 · of 369,Chapter 7 · cycle 7,The Garden of Gratitude · cycle 7 of 13,Phase 7 · day 11 of 13,Gate 31 · Gate 32 · Ohr Ne’erav I · day 11 of 13,Shabbat · Eruvin · Shevitat Asor · set 4 of 14 · day 5 of 28,Arakhin 21 · review,Story 89 · Parshat Miketz
90,2026-12-09,29 Kislev,Miketz,Torah 93 · KST § 74 (p. 40) · Lo Taaseh 138–141,ב Bet · יב · set 5 · day 2 of 22,Yesod shebeYesod · shebeGevurah · day 41 of 49,לאו · 17 of 72 · חֵזִיר 17 · יָאֵר,Fall · 90 of 91 · Shov · F4 letter 21 · Eicha 4:21 · ש,1st cycle 7 · day 12 of 13 · Yashuv Yerachamenu,Cycle 3 · day 8 of 41 · Nefesh 8 of 10 · Do Not Steal,OC 179–180 · Orach Chaim · 179 of 728,Miketz · D4 · P4 · C2,set 4 · 6/28 · Festival of Booths 6–7,Torah 93 · Zohar I 203–204,§ 74 (p. 40) · Miketz,Lo Taaseh 138–141,Torah Ohr · Folio 89 · day 90 of 364,Prayer 45 — first half · day 90 of 364,"Tosefta Yoma 4 &amp; Tosefta Sukkah 1, 2, 3 · Week 13 · Day 6",Isaiah 32 & 33 · Week 13 · Day 6,Chapter 7 · cycle 7 · day 12 of 13,Sichos HaRan · §90 of 308 · day 90 of 369,OC 179–180 · half-days 179 & 180,Miketz,Rav Pe’alim · Vol I · Even HaEzer 1 · Vol I · Even HaEzer 2,Se’if א׳ · day 12 of 13,תּוֹרָה צִוָה לָנוּ מֹשֶׁה מוֹרָשָׁה קְהִלַת יַעֲקֹב · דברים לג:ד,Festival of Booths 6–7,Rosh Hashanah · 5a · Chanukah / Tevet,Strengthening — 15/17 · Strengthening — 16/17,Story 19 · 20 · Miketz,Arakhin 22 · עֶרְכִין,Class 89 · of 118,Miketz · Day 4,Day 90 · of 369,Chapter 7 · cycle 7,The Garden of Gratitude · cycle 7 of 13,Phase 7 · day 12 of 13,Ohr Ne’erav II · Ohr Ne’erav III · Ohr Ne’erav IV · day 12 of 13,"Shevitat Yom Tov · Chametz u'Matzah · Shofar, Sukkah v'Lul · set 4 of 14 · day 6 of 28",Arakhin 22 · review,Story 90 · Parshat Miketz
91,2026-12-10,30 Kislev,Miketz,Torah 94 · KST § 75 (p. 40) · Lo Taaseh 142–143,ג Gimmel · טג · set 5 · day 3 of 22,Malchut shebeYesod · shebeGevurah · day 42 of 49,כלי · 18 of 72 · הַפִּצֵּץ 18 · יָאֵר,Fall · 91 of 91 · Shov · F4 letter 22 · Eicha 4:22 · ת,1st cycle 7 · day 13 of 13 · Yashuv Yerachamenu,Cycle 3 · day 9 of 41 · Nefesh 9 of 10 · Truth / No False Witness,OC 181–182 · Orach Chaim · 181 of 728,Miketz · D5 · P4 · C2,set 4 · 7/28 · Palm Branch 1–2,Torah 94 · Zohar I 205–208,§ 75 (p. 40) · Miketz,Lo Taaseh 142–143,Torah Ohr · Folio 90 · day 91 of 364,Prayer 45 — second half · day 91 of 364,"Tosefta Sukkah 4 &amp; Tosefta Yom Tov 1, 2, 3 · Week 13 · Day 7",Isaiah 34 & 35 · Week 13 · Day 7,Chapter 7 · cycle 7 · day 13 of 13,Sichos HaRan · §91 of 308 · day 91 of 369,OC 181–182 · half-days 181 & 182,Miketz,Rav Pe’alim · Vol I · Even HaEzer 3 · Vol I · Even HaEzer 4,Se’if ב׳ · day 13 of 13,שְׁמַע יִשְׂרָאֵל ה׳ אֶלֹקֵינוּ ה׳ אֶחָד · דברים ו:ד,Palm Branch 1–2,Rosh Hashanah · 5a · Chanukah / Tevet,Strengthening — 15/17 · Strengthening — 16/17,Story 19 · 20 · Miketz,Arakhin 23 · עֶרְכִין,Class 90 · of 118,Miketz · Day 5,Day 91 · of 369,Chapter 7 · cycle 7,The Garden of Gratitude · cycle 7 of 13,Phase 7 · day 13 of 13,Ohr Ne’erav V · Ohr Ne’erav VI · Ohr Ne’erav VII · day 13 of 13,Shekalim · Kiddush HaChodesh · Ta'aniyot · set 4 of 14 · day 7 of 28,Arakhin 23 · review,Story 91 · Parshat Miketz
92,2026-12-11,1 Tevet,Miketz,Torah 94 · KST § 76 (p. 41) · Lo Taaseh 141–144,ד Dalet · יד · set 5 · day 4 of 22,Chesed shebeMalchut · shebeGevurah · day 43 of 49,לוו · 19 of 72 · פְּתַחְיָה 19 · יָאֵר,Winter · 1 of 91 · Ratzo · F1 letter 1 · Eicha 1:1 · א,1st cycle 8 · day 1 of 13 · Yichbosh Avonoteinu,Cycle 3 · day 10 of 41 · Nefesh 10 of 10 · Do Not Covet,OC 183–184 · Orach Chaim · 183 of 728,Miketz · D6 · P4 · C2,set 4 · 8/28 · Hoshana Rabba Festival 1–2,Torah 94 · Zohar I 209–210,§ 76 (p. 41) · Miketz,Lo Taaseh 141–144,Torah Ohr · Folio 91 · day 92 of 364,Prayer 46 — first half · day 92 of 364,Yoma 4 & 5 · Week 14 · Day 1,Isaiah 36 & 37 · Week 14 · Day 1,Chapter 8 · cycle 8 · day 1 of 13,Sichos HaRan · §92 of 308 · day 92 of 369,OC 183–184 · half-days 183 & 184,Miketz,Ben Ish Chai · Halachot,Se’if ג׳ · day 1 of 13,"בְּכָל דוֹר וָדוֹר חַיָיב אָדָם לִרְאוֹת אֶת עַצְמוֹ כְּאִלוּ הוּא יָצָא מִמִצְרָיִם · פסחים קטז,ב",Hoshana Rabba Festival 1–2,Rosh Hashanah · 5a · Chanukah / Tevet,Strengthening — 15/17 · Strengthening — 16/17,Story 19 · 20 · Miketz,Arakhin 24 · עֶרְכִין,Class 91 · of 118,Miketz · Day 6,Day 92 · of 369,Chapter 8 · cycle 8,The Garden of Education · cycle 8 of 13,Phase 8 · day 1 of 13,Gate 1 · Gate 2 · Gate 3 · day 1 of 13,Megillah v'Chanukah · Ishut · Geirushin · set 4 of 14 · day 8 of 28,Arakhin 24 · review,Story 92 · Parshat Miketz
93,2026-12-12,2 Tevet,Miketz,Torah 95 · KST § 77–78 (p. 41) · Lo Taaseh 145–146,ה Heh · טה · set 5 · day 5 of 22,Gevurah shebeMalchut · shebeGevurah · day 44 of 49,פהל · 20 of 72 · יְחֶזְקֵאל 20 · יָאֵר,Winter · 2 of 91 · Ratzo · F1 letter 2 · Eicha 1:2 · ב,1st cycle 8 · day 2 of 13 · Yichbosh Avonoteinu,Cycle 3 · day 11 of 41 · Ruach 1 of 10 · I Am the Lord,OC 185–186 · Orach Chaim · 185 of 728,Miketz · D7 · P4 · C2,set 4 · 9/28 · Hannukah Festival 1–2 · Miketz,Torah 95 · Zohar I 211–212,§ 77–78 (p. 41) · Miketz,Lo Taaseh 145–146,Torah Ohr · Folio 92 · day 93 of 364,Prayer 46 — second half · day 93 of 364,Yoma 6 & 7 · Week 14 · Day 2,Isaiah 38 & 39 · Week 14 · Day 2,Chapter 8 · cycle 8 · day 2 of 13,Sichos HaRan · §93 of 308 · day 93 of 369,OC 185–186 · half-days 185 & 186,Miketz,Ben Ish Chai · Drash · Miketz · Drash,Se’if ד׳ · day 2 of 13,"כָּל יִשְׂרָאֵל יֵשׁ לָהֶם חֵלֶק לְעוֹלָם הַבָּא שֶׁנֶאֱמַר וְעַמֵךְ כּוּלָם צַדִיקִים לְעוֹלָם יִירְשׁוּ אָרֶץ נֵצֶר מַטָעַי מַעֲשֵׂה יָדַי לְהִתְפָּאֵר · סנהדרין צ,א",Hannukah Festival 1–2,Rosh Hashanah · 5a · Chanukah / Tevet,Strengthening — 15/17 · Strengthening — 16/17,Story 19 · 20 · Miketz,Arakhin 25 · עֶרְכִין,Class 92 · of 118,Sefer Yetzirah · 1:10,Day 93 · of 369,Chapter 8 · cycle 8,The Garden of Education · cycle 8 of 13,Phase 8 · day 2 of 13,Gate 4 · Gate 5 · Gate 6 · day 2 of 13,Yibum v'Chalitzah · Na'arah Betulah · Sotah · set 4 of 14 · day 9 of 28,Arakhin 25 · review,Story 93 · Parshat Miketz
94,2026-12-13,3 Tevet,Vayigash,Torah 96 · KST § 79 (p. 42) · Lo Taaseh 144–147,ו Vav · יו · set 5 · day 6 of 22,Tiferet shebeMalchut · shebeGevurah · day 45 of 49,נלך · 21 of 72 · יָכִין 21 · יָאֵר,Winter · 3 of 91 · Ratzo · F1 letter 3 · Eicha 1:3 · ג,1st cycle 8 · day 3 of 13 · Yichbosh Avonoteinu,Cycle 3 · day 12 of 41 · Ruach 2 of 10 · No Other Gods,OC 187–188 · Orach Chaim · 187 of 728,Vayigash · D1 · P5 · C2,set 4 · 10/28 · Hannukah Festival 3–4,Torah 96 · Zohar I 213–214,§ 79 (p. 42) · Vayigash,Lo Taaseh 144–147,Torah Ohr · Folio 93 · day 94 of 364,Prayer 47 — first half · day 94 of 364,Yoma 8 &amp; Sukkah 1 · Week 14 · Day 3,Isaiah 40 & 41 · Week 14 · Day 3,Chapter 8 · cycle 8 · day 3 of 13,Sichos HaRan · §94 of 308 · day 94 of 369,OC 187–188 · half-days 187 & 188,Vayigash,Rav Pe’alim · Vol I · Even HaEzer 5 · Vol I · Even HaEzer 6,Se’if ה׳ · day 3 of 13,כִּי קָרוֹב אֵלֶיךָ הַדָבָר מְאֹד בְּפִיךָ וּבִּלְבָבְךָ לַעֲשׂוֹתוֹ · דברים ל:יד,Hannukah Festival 3–4,Rosh Hashanah · 5a · Chanukah / Tevet,Strengthening — 17/17 · Emunah — 1/27,Story 21 · 22 · Vayigash,Arakhin 26 · עֶרְכִין,Class 93 · of 118,Vayigash · Day 1,Day 94 · of 369,Chapter 8 · cycle 8,The Garden of Education · cycle 8 of 13,Phase 8 · day 3 of 13,Gate 7 · Gate 8 · Gate 9 · day 3 of 13,Issurei Biah · Ma'achalot Assurot · Shechitah · set 4 of 14 · day 10 of 28,Arakhin 26 · review,Story 94 · Parshat Vayigash
95,2026-12-14,4 Tevet,Vayigash,Torah 97 · KST § 80 (p. 43) · Lo Taaseh 148–149,ז Zayin · טז · set 5 · day 7 of 22,Netzach shebeMalchut · shebeGevurah · day 46 of 49,ייי · 22 of 72 · גָּמוּל 22 · יָאֵר,Winter · 4 of 91 · Ratzo · F1 letter 4 · Eicha 1:4 · ד,1st cycle 8 · day 4 of 13 · Yichbosh Avonoteinu,Cycle 3 · day 13 of 41 · Ruach 3 of 10 · Not to Profane G-d's Name,OC 189–190 · Orach Chaim · 189 of 728,Vayigash · D2 · P5 · C2,set 4 · 11/28 · Hannukah Festival 5–6,Torah 97 · Zohar I 215–216,§ 80 (p. 43) · Vayigash,Lo Taaseh 148–149,Torah Ohr · Folio 94 · day 95 of 364,Prayer 47 — second half · day 95 of 364,Sukkah 2 & 3 · Week 14 · Day 4,Isaiah 42 & 43 · Week 14 · Day 4,Chapter 8 · cycle 8 · day 4 of 13,Sichos HaRan · §95 of 308 · day 95 of 369,OC 189–190 · half-days 189 & 190,Vayigash,Rav Pe’alim · Vol I · Even HaEzer 7 · Vol I · Even HaEzer 8,Se’if ו׳ · day 4 of 13,וְהִנֵה ה׳ נִצָב עָלָיו וּמְלֹא כָל הָאָרֶץ כּבוֹדוֹ וּמַבִּיט עָלָיו וּבוֹחֵן כְּלָיוֹת וָלֵב אִם עוֹבְדוֹ כָּרָאוּי · תניא פרק מא,Hannukah Festival 5–6,Rosh Hashanah · 5a · Chanukah / Tevet,Strengthening — 17/17 · Emunah — 1/27,Story 21 · 22 · Vayigash,Arakhin 27 · עֶרְכִין,Class 94 · of 118,Vayigash · Day 2,Day 95 · of 369,Chapter 8 · cycle 8,The Garden of Education · cycle 8 of 13,Phase 8 · day 4 of 13,Gate 10 · Gate 11 · Gate 12 · day 4 of 13,Shevuot · Nedarim · Nezirut · set 4 of 14 · day 11 of 28,Arakhin 27 · review,Story 95 · Parshat Vayigash
96,2026-12-15,5 Tevet,Vayigash,Torah 98 · KST § 81 (p. 43) · Lo Taaseh 147–150,ח Chet · יח · set 5 · day 8 of 22,Hod shebeMalchut · shebeGevurah · day 47 of 49,מלה · 23 of 72 · דְּלָיָהוּ 23 · יָאֵר,Winter · 5 of 91 · Ratzo · F1 letter 5 · Eicha 1:5 · ה,1st cycle 8 · day 5 of 13 · Yichbosh Avonoteinu,Cycle 3 · day 14 of 41 · Ruach 4 of 10 · The Sabbath,OC 191–192 · Orach Chaim · 191 of 728,Vayigash · D3 · P5 · C2,set 4 · 12/28 · Four Festive Torah Portions 1 · Purim 1,Torah 98 · Zohar I 217–218,§ 81 (p. 43) · Vayigash,Lo Taaseh 147–150,Torah Ohr · Folio 95 · day 96 of 364,Prayer 48 — first half · day 96 of 364,Sukkah 4 & 5 · Week 14 · Day 5,Isaiah 44 & 45 · Week 14 · Day 5,Chapter 8 · cycle 8 · day 5 of 13,Sichos HaRan · §96 of 308 · day 96 of 369,OC 191–192 · half-days 191 & 192,Vayigash,Rav Pe’alim · Vol I · Even HaEzer 9 · Vol I · Even HaEzer 10,Se’if ז׳ · day 5 of 13,בְּרֵאשִׁית בָּרָא אֶלֹקִים אֵת הַשָׁמַיִם וְאֵת הָאָרֶץ · בראשית א:א,Four Festive Torah Portions 1 · Purim 1,Rosh Hashanah · 5a · Chanukah / Tevet,Strengthening — 17/17 · Emunah — 1/27,Story 21 · 22 · Vayigash,Arakhin 28 · עֶרְכִין,Class 95 · of 118,Vayigash · Day 3,Day 96 · of 369,Chapter 8 · cycle 8,The Garden of Education · cycle 8 of 13,Phase 8 · day 5 of 13,Gate 13 · Gate 14 · Gate 15 · day 5 of 13,Erchin v'Charamin · Kilayim · Matnot Aniyim · set 4 of 14 · day 12 of 28,Arakhin 28 · review,Story 96 · Parshat Vayigash
97,2026-12-16,6 Tevet,Vayigash,Torah 99 · KST § 82 (p. 44) · Lo Taaseh 151–152,ט Tet · טי · set 5 · day 9 of 22,Yesod shebeMalchut · shebeGevurah · day 48 of 49,חהו · 24 of 72 · מַעַזְיָהוּ 24 · יָאֵר,Winter · 6 of 91 · Ratzo · F1 letter 6 · Eicha 1:6 · ו,1st cycle 8 · day 6 of 13 · Yichbosh Avonoteinu,Cycle 3 · day 15 of 41 · Ruach 5 of 10 · Honor Parents,OC 193–194 · Orach Chaim · 193 of 728,Vayigash · D4 · P5 · C2,set 4 · 13/28 · Purim 2–3,Torah 99 · Zohar I 219–220,§ 82 (p. 44) · Vayigash,Lo Taaseh 151–152,Torah Ohr · Folio 96 · day 97 of 364,Prayer 48 — second half · day 97 of 364,"Tosefta Yom Tov 4 &amp; Tosefta Rosh Hashana 1, 2 &amp; Tosefta Taanit 1 · Week 14 · Day 6",Isaiah 46 & 47 · Week 14 · Day 6,Chapter 8 · cycle 8 · day 6 of 13,Sichos HaRan · §97 of 308 · day 97 of 369,OC 193–194 · half-days 193 & 194,Vayigash,Rav Pe’alim · Vol I · Even HaEzer 11 · Vol I · Even HaEzer 12,Se’if ח׳ · day 6 of 13,וְשִׁנַנְתָּם לְבָנֶיךָ וְדִבַּרְתָּ בָּם בְּשִׁבְתְּךָ בְּבֵיתֶךָ וּבְלֶכְתְּךָ בַדֶרֶךְ וּבְשָׁכְבְּךָ וּבְקוּמֶךָ · דברים ו:ז,Purim 2–3,Rosh Hashanah · 5a · Chanukah / Tevet,Strengthening — 17/17 · Emunah — 1/27,Story 21 · 22 · Vayigash,Arakhin 29 · עֶרְכִין,Class 96 · of 118,Vayigash · Day 4,Day 97 · of 369,Chapter 8 · cycle 8,The Garden of Education · cycle 8 of 13,Phase 8 · day 6 of 13,Gate 16 · Gate 17 · Gate 18 · day 6 of 13,Terumot · Ma'aserot · Ma'aser Sheni v'Neta Revai · set 4 of 14 · day 13 of 28,Arakhin 29 · review,Story 97 · Parshat Vayigash
98,2026-12-17,7 Tevet,Vayigash,Torah 100 · KST § 83 (p. 45) · Lo Taaseh 150–153,י Yud · יט · set 5 · day 10 of 22,Malchut shebeMalchut · shebeGevurah · day 49 of 49,נתה · 25 of 72 · יְהוֹיָרִיב 1 · ה׳,Winter · 7 of 91 · Ratzo · F1 letter 7 · Eicha 1:7 · ז,1st cycle 8 · day 7 of 13 · Yichbosh Avonoteinu,Cycle 3 · day 16 of 41 · Ruach 6 of 10 · Do Not Murder,OC 195–196 · Orach Chaim · 195 of 728,Vayigash · D5 · P5 · C2,set 4 · 14/28 · Purim 4–5,Torah 100 · Zohar I 221–224,§ 83 (p. 45) · Vayigash,Lo Taaseh 150–153,Torah Ohr · Folio 97 · day 98 of 364,Prayer 49 — first half · day 98 of 364,"Tosefta Taanit 2, 3 &amp; Tosefta Megillah 1, 2 · Week 14 · Day 7",Isaiah 48 & 49 · Week 14 · Day 7,Chapter 8 · cycle 8 · day 7 of 13,Sichos HaRan · §98 of 308 · day 98 of 369,OC 195–196 · half-days 195 & 196,Vayigash,Rav Pe’alim · Vol I · Even HaEzer 13 · Vol I · Sod Yesharim 1,Se’if ט׳ · day 7 of 13,"יָגַעְתִּי וְלֹא מָצָאתִי אַל תַּאַמִין לֹא יָגַעְתִּי וּמָצָאתִי אַל תַּאַמִין יָגַעְתִּי וּמָצָאתִי תַּאַמִין · מגילה ו,ב",Purim 4–5,Rosh Hashanah · 5a · Chanukah / Tevet,Strengthening — 17/17 · Emunah — 1/27,Story 21 · 22 · Vayigash,Arakhin 30 · עֶרְכִין,Class 97 · of 118,Vayigash · Day 5,Day 98 · of 369,Chapter 8 · cycle 8,The Garden of Education · cycle 8 of 13,Phase 8 · day 7 of 13,Gate 19 · Gate 20 · Gate 21 · day 7 of 13,Bikkurim · Shemitah v'Yovel · Beit HaBechirah · set 4 of 14 · day 14 of 28,Arakhin 30 · review,Story 98 · Parshat Vayigash
99,2026-12-18,8 Tevet,Vayigash,Torah 101 · KST § 84 (p. 45) · Lo Taaseh 154–155,כ Kaf · כי · set 5 · day 11 of 22,Chesed shebeChesed · shebeTiferet · day 1 of 49,האא · 26 of 72 · יְדַעְיָה 2 · ה׳,Winter · 8 of 91 · Ratzo · F1 letter 8 · Eicha 1:8 · ח,1st cycle 8 · day 8 of 13 · Yichbosh Avonoteinu,Cycle 3 · day 17 of 41 · Ruach 7 of 10 · Faithfulness,OC 197–198 · Orach Chaim · 197 of 728,Vayigash · D6 · P5 · C2,set 4 · 15/28 · Purim 6 · Slaughtering 1,Torah 101 · Zohar I 225–226,§ 84 (p. 45) · Vayigash,Lo Taaseh 154–155,Torah Ohr · Folio 98 · day 99 of 364,Prayer 49 — second half · day 99 of 364,Beitzah 1 & 2 · Week 15 · Day 1,Isaiah 50 & 51 · Week 15 · Day 1,Chapter 8 · cycle 8 · day 8 of 13,Sichos HaRan · §99 of 308 · day 99 of 369,OC 197–198 · half-days 197 & 198,Vayigash,Ben Ish Chai · Halachot,Se’if י׳ · day 8 of 13,וְאָהַבְתָּ לְרֵעַךָ כָּמוֹךָ – רַבִּי עַקִיבָא אוֹמֵר זֶה כְּלָל גָדוֹל בַּתּוֹרָה · ויקרא יט:יח,Purim 6 · Slaughtering 1,Rosh Hashanah · 5a · Chanukah / Tevet,Strengthening — 17/17 · Emunah — 1/27,Story 21 · 22 · Vayigash,Arakhin 31 · עֶרְכִין,Class 98 · of 118,Vayigash · Day 6,Day 99 · of 369,Chapter 8 · cycle 8,The Garden of Education · cycle 8 of 13,Phase 8 · day 8 of 13,Gate 22 · Gate 23 · Gate 24 · day 8 of 13,Klei HaMikdash · Biat HaMikdash · Issurei Mizbe'ach · set 4 of 14 · day 15 of 28,Arakhin 31 · review,Story 99 · Parshat Vayigash
100,2026-12-19,9 Tevet,Vayigash,Torah 102 · KST § 85–86 (p. 49) · Lo Taaseh 153–156,ל Lamed · לט · set 5 · day 12 of 22,Gevurah shebeChesed · shebeTiferet · day 2 of 49,ירת · 27 of 72 · חָרִם 3 · ה׳,Winter · 9 of 91 · Ratzo · F1 letter 9 · Eicha 1:9 · ט,1st cycle 8 · day 9 of 13 · Yichbosh Avonoteinu,Cycle 3 · day 18 of 41 · Ruach 8 of 10 · Do Not Steal,OC 199–200 · Orach Chaim · 199 of 728,Vayigash · D7 · P5 · C2,set 4 · 16/28 · Slaughtering 2–3 · Vayigash,Torah 102 · Zohar I 227–228,§ 85–86 (p. 49) · Vayigash,Lo Taaseh 153–156,Torah Ohr · Folio 99 · day 100 of 364,Prayer 50 — first half · day 100 of 364,Beitzah 3 & 4 · Week 15 · Day 2,Isaiah 52 & 53 · Week 15 · Day 2,Chapter 8 · cycle 8 · day 9 of 13,Sichos HaRan · §100 of 308 · day 100 of 369,OC 199–200 · half-days 199 & 200,Vayigash,Ben Ish Chai · Drash · Vayigash · Drash,Se’if י״א · day 9 of 13,וְזֶה כָּל הָאָדָם וְתַכְלִית בְּרִיאָתוֹ וּבְרִיאַת כָּל הָעוֹלָמוֹת עֶלְיוֹנִים וְתַּחְתּוֹנִים לִהְיוֹת לוֹ דִירָה זוֹ בְּתַּחְתּוֹנִים · תניא פרק לג,Slaughtering 2–3,Ta'anit · 5b · Tevet / Fast of Tevet,Strengthening — 17/17 · Emunah — 1/27,Story 21 · 22 · Vayigash,Arakhin 32 · עֶרְכִין,Class 99 · of 118,Sefer Yetzirah · 1:11,Day 100 · of 369,Chapter 8 · cycle 8,The Garden of Education · cycle 8 of 13,Phase 8 · day 9 of 13,Gate 25 · Gate 26 · Gate 27 · day 9 of 13,Ma'aseh HaKorbanot · Temidin u'Musafin · Pesulei HaMukdash · set 4 of 14 · day 16 of 28,Arakhin 32 · review,Story 100 · Parshat Vayigash
101,2026-12-20,10 Tevet,Vayechi,Torah 103 · KST § 87 (p. 50) · Lo Taaseh 157–158,מ Mem · מי · set 5 · day 13 of 22,Tiferet shebeChesed · shebeTiferet · day 3 of 49,שאה · 28 of 72 · שְׂעֹרִים 4 · ה׳,Winter · 10 of 91 · Ratzo · F1 letter 10 · Eicha 1:10 · י,1st cycle 8 · day 10 of 13 · Yichbosh Avonoteinu,Cycle 3 · day 19 of 41 · Ruach 9 of 10 · Truth / No False Witness,OC 201–202 · Orach Chaim · 201 of 728,Vayechi · D1 · P6 · C2,set 4 · 17/28 · Slaughtering 4–5,Torah 103 · Zohar I 229–230,§ 87 (p. 50) · Vayechi,Lo Taaseh 157–158,LT Vayikra · Folio 1 · day 101 of 364,Prayer 50 — second half · day 101 of 364,Beitzah 5 &amp; Rosh Hashana 1 · Week 15 · Day 3,Isaiah 54 & 55 · Week 15 · Day 3,Chapter 8 · cycle 8 · day 10 of 13,Sichos HaRan · §101 of 308 · day 101 of 369,OC 201–202 · half-days 201 & 202,Vayechi,Rav Pe’alim · Vol I · Sod Yesharim 2 · Vol I · Sod Yesharim 3,Se’if י״ב · day 10 of 13,יִשְׂמַח יִשְׂרָאֵל בְּעוֹשָׂיו פֵּירוּש שֶׁכָּל מִי שֶׁהוּא מִזֶרַע יִשְׂרָאֵל יֵשׁ לוֹ לִשְׂמוֹחַ בְּשִׂמְחַת ה׳ אַשֶׁר שָׂשׂ וְשָׂמֵחַ בְּדִירָתוֹ בְּתַּחְתּוֹנִים · תניא פרק לג,Slaughtering 4–5,Ta'anit · 5b · Tevet / Fast of Tevet,Emunah — 2/27 · Emunah — 3/27,Story 23 · 24 · Vayechi,Arakhin 33 · עֶרְכִין,Class 100 · of 118,Vayechi · Day 1,Day 101 · of 369,Chapter 8 · cycle 8,The Garden of Education · cycle 8 of 13,Phase 8 · day 10 of 13,Gate 28 · Gate 29 · Gate 30 · day 10 of 13,Avodat Yom HaKippurim · Me'ilah · Korban Pesach · set 4 of 14 · day 17 of 28,Arakhin 33 · review,Story 101 · Parshat Vayechi
102,2026-12-21,11 Tevet,Vayechi,Torah 104 · KST § 88 (p. 51) · Lo Taaseh 156–159,נ Nun · נט · set 5 · day 14 of 22,Netzach shebeChesed · shebeTiferet · day 4 of 49,ריי · 29 of 72 · מַלְכִּיָּה 5 · ה׳,Winter · 11 of 91 · Ratzo · F1 letter 11 · Eicha 1:11 · כ,1st cycle 8 · day 11 of 13 · Yichbosh Avonoteinu,Cycle 3 · day 20 of 41 · Ruach 10 of 10 · Do Not Covet,OC 203–204 · Orach Chaim · 203 of 728,Vayechi · D2 · P6 · C2,set 4 · 18/28 · Unfit Animals 1–2,Torah 104 · Zohar I 231–232,§ 88 (p. 51) · Vayechi,Lo Taaseh 156–159,LT Vayikra · Folio 2 · day 102 of 364,Prayer 51 — first half · day 102 of 364,Rosh Hashana 2 & 3 · Week 15 · Day 4,Isaiah 56 & 57 · Week 15 · Day 4,Chapter 8 · cycle 8 · day 11 of 13,Sichos HaRan · §102 of 308 · day 102 of 369,OC 203–204 · half-days 203 & 204,Vayechi,Rav Pe’alim · Vol I · Sod Yesharim 4 · Vol I · Sod Yesharim 5,Overview · day 11 of 13,"All twelve · Mivtza Chinuch, 5736",Unfit Animals 1–2,Ta'anit · 5b · Tevet / Fast of Tevet,Emunah — 2/27 · Emunah — 3/27,Story 23 · 24 · Vayechi,Arakhin 34 · עֶרְכִין,Class 101 · of 118,Vayechi · Day 2,Day 102 · of 369,Chapter 8 · cycle 8,The Garden of Education · cycle 8 of 13,Phase 8 · day 11 of 13,Gate 31 · Gate 32 · Ohr Ne’erav I · day 11 of 13,Chagigah · Bechorot · Shegagot · set 4 of 14 · day 18 of 28,Arakhin 34 · review,Story 102 · Parshat Vayechi
103,2026-12-22,12 Tevet,Vayechi,Torah 105 · KST § 89 (p. 52) · Lo Taaseh 160–161,ס Samech · סי · set 5 · day 15 of 22,Hod shebeChesed · shebeTiferet · day 5 of 49,אום · 30 of 72 · מִיָּמִן 6 · ה׳,Winter · 12 of 91 · Ratzo · F1 letter 12 · Eicha 1:12 · ל,1st cycle 8 · day 12 of 13 · Yichbosh Avonoteinu,Cycle 3 · day 21 of 41 · Neshamah 1 of 10 · I Am the Lord,OC 205–206 · Orach Chaim · 205 of 728,Vayechi · D3 · P6 · C2,set 4 · 19/28 · Unfit Animals 3 · Priestly Gifts 1,Torah 105 · Zohar I 233–234,§ 89 (p. 52) · Vayechi,Lo Taaseh 160–161,LT Vayikra · Folio 3 · day 103 of 364,Prayer 51 — second half · day 103 of 364,Rosh Hashana 4 &amp; Taanit 1 · Week 15 · Day 5,Isaiah 58 & 59 · Week 15 · Day 5,Chapter 8 · cycle 8 · day 12 of 13,Sichos HaRan · §103 of 308 · day 103 of 369,OC 205–206 · half-days 205 & 206,Vayechi,Rav Pe’alim · Vol I · Sod Yesharim 6 · Vol I · Sod Yesharim 7,Se’if א׳ · day 12 of 13,תּוֹרָה צִוָה לָנוּ מֹשֶׁה מוֹרָשָׁה קְהִלַת יַעֲקֹב · דברים לג:ד,Unfit Animals 3 · Priestly Gifts 1,Ta'anit · 5b · Tevet / Fast of Tevet,Emunah — 2/27 · Emunah — 3/27,Story 23 · 24 · Vayechi,Temurah 2 · תְּמוּרָה,Class 102 · of 118,Vayechi · Day 3,Day 103 · of 369,Chapter 8 · cycle 8,The Garden of Education · cycle 8 of 13,Phase 8 · day 12 of 13,Ohr Ne’erav II · Ohr Ne’erav III · Ohr Ne’erav IV · day 12 of 13,Mechusrei Kapparah · Temurah · Tumat Met · set 4 of 14 · day 19 of 28,Temurah 2 · review,Story 103 · Parshat Vayechi
104,2026-12-23,13 Tevet,Vayechi,Torah 106 · KST § 90 (p. 52) · Lo Taaseh 159–162,ע Ayin · עט · set 5 · day 16 of 22,Yesod shebeChesed · shebeTiferet · day 6 of 49,לכב · 31 of 72 · הַקּוֹץ 7 · ה׳,Winter · 13 of 91 · Ratzo · F1 letter 13 · Eicha 1:13 · מ,1st cycle 8 · day 13 of 13 · Yichbosh Avonoteinu,Cycle 3 · day 22 of 41 · Neshamah 2 of 10 · No Other Gods,OC 207–208 · Orach Chaim · 207 of 728,Vayechi · D4 · P6 · C2,set 4 · 20/28 · Priestly Gifts 2 · Limb from a Live Animal 1,Torah 106 · Zohar I 235–236,§ 90 (p. 52) · Vayechi,Lo Taaseh 159–162,LT Vayikra · Folio 4 · day 104 of 364,Prayer 52 — first half · day 104 of 364,"Tosefta Megillah 3 &amp; Tosefta Moed Katan 1, 2 &amp; Tosefta Chagigah 1, 2 · Week 15 · Day 6",Isaiah 60 & 61 · Week 15 · Day 6,Chapter 8 · cycle 8 · day 13 of 13,Sichos HaRan · §104 of 308 · day 104 of 369,OC 207–208 · half-days 207 & 208,Vayechi,Rav Pe’alim · Vol I · Sod Yesharim 8 · Vol I · Sod Yesharim 9,Se’if ב׳ · day 13 of 13,שְׁמַע יִשְׂרָאֵל ה׳ אֶלֹקֵינוּ ה׳ אֶחָד · דברים ו:ד,Priestly Gifts 2 · Limb from a Live Animal 1,Ta'anit · 5b · Tevet / Fast of Tevet,Emunah — 2/27 · Emunah — 3/27,Story 23 · 24 · Vayechi,Temurah 3 · תְּמוּרָה,Class 103 · of 118,Vayechi · Day 4,Day 104 · of 369,Chapter 8 · cycle 8,The Garden of Education · cycle 8 of 13,Phase 8 · day 13 of 13,Ohr Ne’erav V · Ohr Ne’erav VI · Ohr Ne’erav VII · day 13 of 13,Parah Adumah · Tumat Tzara'at · Metamei Mishkav u'Moshav · set 4 of 14 · day 20 of 28,Temurah 3 · review,Story 104 · Parshat Vayechi
105,2026-12-24,14 Tevet,Vayechi,Torah 107 · KST § 91 (p. 52) · Lo Taaseh 163–164,פ Peh · פי · set 5 · day 17 of 22,Malchut shebeChesed · shebeTiferet · day 7 of 49,ושר · 32 of 72 · אֲבִיָּה 8 · ה׳,Winter · 14 of 91 · Ratzo · F1 letter 14 · Eicha 1:14 · נ,1st cycle 9 · day 1 of 13 · Vetashlich Bimtzulot Yam,Cycle 3 · day 23 of 41 · Neshamah 3 of 10 · Not to Profane G-d's Name,OC 209–210 · Orach Chaim · 209 of 728,Vayechi · D5 · P6 · C2,set 4 · 21/28 · Limb from a Live Animal 2–3,Torah 107 · Zohar I 237–240,§ 91 (p. 52) · Vayechi,Lo Taaseh 163–164,LT Vayikra · Folio 5 · day 105 of 364,Prayer 52 — second half · day 105 of 364,"Tosefta Chagigah 3 &amp; Tosefta Yevamot 1, 2, 3 · Week 15 · Day 7",Isaiah 62 & 63 · Week 15 · Day 7,Chapter 9 · cycle 9 · day 1 of 13,Sichos HaRan · §105 of 308 · day 105 of 369,OC 209–210 · half-days 209 & 210,Vayechi,Rav Pe’alim · Vol I · Sod Yesharim 10 · Vol I · Sod Yesharim 11,Se’if ג׳ · day 1 of 13,"בְּכָל דוֹר וָדוֹר חַיָיב אָדָם לִרְאוֹת אֶת עַצְמוֹ כְּאִלוּ הוּא יָצָא מִמִצְרָיִם · פסחים קטז,ב",Limb from a Live Animal 2–3,Ta'anit · 5b · Tevet / Fast of Tevet,Emunah — 2/27 · Emunah — 3/27,Story 23 · 24 · Vayechi,Temurah 4 · תְּמוּרָה,Class 104 · of 118,Vayechi · Day 5,Day 105 · of 369,Chapter 9 · cycle 9,The Garden of Wisdom · cycle 9 of 13,Phase 9 · day 1 of 13,Gate 1 · Gate 2 · Gate 3 · day 1 of 13,She'ar Avot HaTumot · Tumat Ochlin · Kelim · set 4 of 14 · day 21 of 28,Temurah 4 · review,Story 105 · Parshat Vayechi
106,2026-12-25,15 Tevet,Vayechi,Torah 108 · KST § 92 (p. 53) · Lo Taaseh 162–165,צ Tzaddik · צט · set 5 · day 18 of 22,Chesed shebeGevurah · shebeTiferet · day 8 of 49,יחו · 33 of 72 · יֵשׁוּעַ 9 · ה׳,Winter · 15 of 91 · Ratzo · F1 letter 15 · Eicha 1:15 · ס,1st cycle 9 · day 2 of 13 · Vetashlich Bimtzulot Yam,Cycle 3 · day 24 of 41 · Neshamah 4 of 10 · The Sabbath,OC 211–212 · Orach Chaim · 211 of 728,Vayechi · D6 · P6 · C2,set 4 · 22/28 · Meat that was Unobserved 1–2,Torah 108 · Zohar I 241–242,§ 92 (p. 53) · Vayechi,Lo Taaseh 162–165,LT Vayikra · Folio 6 · day 106 of 364,Prayer 53 — first half · day 106 of 364,Taanit 2 & 3 · Week 16 · Day 1,Isaiah 64 & 65 · Week 16 · Day 1,Chapter 9 · cycle 9 · day 2 of 13,Sichos HaRan · §106 of 308 · day 106 of 369,OC 211–212 · half-days 211 & 212,Vayechi,Ben Ish Chai · Halachot,Se’if ד׳ · day 2 of 13,"כָּל יִשְׂרָאֵל יֵשׁ לָהֶם חֵלֶק לְעוֹלָם הַבָּא שֶׁנֶאֱמַר וְעַמֵךְ כּוּלָם צַדִיקִים לְעוֹלָם יִירְשׁוּ אָרֶץ נֵצֶר מַטָעַי מַעֲשֵׂה יָדַי לְהִתְפָּאֵר · סנהדרין צ,א",Meat that was Unobserved 1–2,Ta'anit · 5b · Tevet / Fast of Tevet,Emunah — 2/27 · Emunah — 3/27,Story 23 · 24 · Vayechi,Temurah 5 · תְּמוּרָה,Class 105 · of 118,Vayechi · Day 6,Day 106 · of 369,Chapter 9 · cycle 9,The Garden of Wisdom · cycle 9 of 13,Phase 9 · day 2 of 13,Gate 4 · Gate 5 · Gate 6 · day 2 of 13,Mikvaot · Nizkei Mamon · Genevah · set 4 of 14 · day 22 of 28,Temurah 5 · review,Story 106 · Parshat Vayechi
107,2026-12-26,16 Tevet,Vayechi,Torah 109 · KST § 93–94 (p. 53) · Lo Taaseh 166–167,ק Kuf · קי · set 5 · day 19 of 22,Gevurah shebeGevurah · shebeTiferet · day 9 of 49,להח · 34 of 72 · שְׁכַנְיָהוּ 10 · ה׳,Winter · 16 of 91 · Ratzo · F1 letter 16 · Eicha 1:16 · ע,1st cycle 9 · day 3 of 13 · Vetashlich Bimtzulot Yam,Cycle 3 · day 25 of 41 · Neshamah 5 of 10 · Honor Parents,OC 213–214 · Orach Chaim · 213 of 728,Vayechi · D7 · P6 · C2,set 4 · 23/28 · Meat that was Unobserved 3 · Fat and Blood 1 · Vayechi,Torah 109 · Zohar I 243–244,§ 93–94 (p. 53) · Vayechi,Lo Taaseh 166–167,LT Vayikra · Folio 7 · day 107 of 364,Prayer 53 — second half · day 107 of 364,Taanit 4 &amp; Megillah 1 · Week 16 · Day 2,Isaiah 66 &amp; Jeremiah 1 · Week 16 · Day 2,Chapter 9 · cycle 9 · day 3 of 13,Sichos HaRan · §107 of 308 · day 107 of 369,OC 213–214 · half-days 213 & 214,Vayechi,Ben Ish Chai · Drash · Vayechi · Drash,Se’if ה׳ · day 3 of 13,כִּי קָרוֹב אֵלֶיךָ הַדָבָר מְאֹד בְּפִיךָ וּבִּלְבָבְךָ לַעֲשׂוֹתוֹ · דברים ל:יד,Meat that was Unobserved 3 · Fat and Blood 1,Ta'anit · 5b · Tevet / Fast of Tevet,Emunah — 2/27 · Emunah — 3/27,Story 23 · 24 · Vayechi,Temurah 6 · תְּמוּרָה,Class 106 · of 118,Sefer Yetzirah · 1:12,Day 107 · of 369,Chapter 9 · cycle 9,The Garden of Wisdom · cycle 9 of 13,Phase 9 · day 3 of 13,Gate 7 · Gate 8 · Gate 9 · day 3 of 13,Gezelah v'Avedah · Chovel u'Mazik · Rotze'ach u'Shmirat Ne · set 4 of 14 · day 23 of 28,Temurah 6 · review,Story 107 · Parshat Vayechi
108,2026-12-27,17 Tevet,Shemot,Torah 110 · KST § 95 (p. 55) · Lo Taaseh 165–168,ר Reish · רט · set 5 · day 20 of 22,Tiferet shebeGevurah · shebeTiferet · day 10 of 49,כוק · 35 of 72 · אֶלְיָשִׁיב 11 · ה׳,Winter · 17 of 91 · Ratzo · F1 letter 17 · Eicha 1:17 · פ,1st cycle 9 · day 4 of 13 · Vetashlich Bimtzulot Yam,Cycle 3 · day 26 of 41 · Neshamah 6 of 10 · Do Not Murder,OC 215–216 · Orach Chaim · 215 of 728,Shemot · D1 · P1 · C3,set 4 · 24/28 · Fat and Blood 2–3,Torah 110 · Zohar I 245–246,§ 95 (p. 55) · Shemot,Lo Taaseh 165–168,LT Vayikra · Folio 8 · day 108 of 364,Prayer 54 — first half · day 108 of 364,Megillah 2 & 3 · Week 16 · Day 3,Jeremiah 2 & 3 · Week 16 · Day 3,Chapter 9 · cycle 9 · day 4 of 13,Sichos HaRan · §108 of 308 · day 108 of 369,OC 215–216 · half-days 215 & 216,Shemot,Rav Pe’alim · Vol I · Sod Yesharim 12 · Vol I · Sod Yesharim 13,Se’if ו׳ · day 4 of 13,וְהִנֵה ה׳ נִצָב עָלָיו וּמְלֹא כָל הָאָרֶץ כּבוֹדוֹ וּמַבִּיט עָלָיו וּבוֹחֵן כְּלָיוֹת וָלֵב אִם עוֹבְדוֹ כָּרָאוּי · תניא פרק מא,Fat and Blood 2–3,Ta'anit · 5b · Tevet / Fast of Tevet,Emunah — 4/27 · Emunah — 5/27,Story 25 · 26 · Shemot,Temurah 7 · תְּמוּרָה,Class 107 · of 118,Shemot · Day 1,Day 108 · of 369,Chapter 9 · cycle 9,The Garden of Wisdom · cycle 9 of 13,Phase 9 · day 4 of 13,Gate 10 · Gate 11 · Gate 12 · day 4 of 13,Mechirah · Zechiyah u'Matanah · Shecheinim · set 4 of 14 · day 24 of 28,Temurah 7 · review,Story 108 · Parshat Shemot
109,2026-12-28,18 Tevet,Shemot,Torah 111 · KST § 96 (p. 56) · Lo Taaseh 169–170,ש Shin · שי · set 5 · day 21 of 22,Netzach shebeGevurah · shebeTiferet · day 11 of 49,מנד · 36 of 72 · יָקִים 12 · ה׳,Winter · 18 of 91 · Ratzo · F1 letter 18 · Eicha 1:18 · צ,1st cycle 9 · day 5 of 13 · Vetashlich Bimtzulot Yam,Cycle 3 · day 27 of 41 · Neshamah 7 of 10 · Faithfulness,OC 217–218 · Orach Chaim · 217 of 728,Shemot · D2 · P1 · C3,set 4 · 25/28 · Fat and Blood 4 · Blood 1,Torah 111 · Zohar I 247–248,§ 96 (p. 56) · Shemot,Lo Taaseh 169–170,LT Vayikra · Folio 9 · day 109 of 364,Prayer 54 — second half · day 109 of 364,Megillah 4 &amp; Moed Katan 1 · Week 16 · Day 4,Jeremiah 4 & 5 · Week 16 · Day 4,Chapter 9 · cycle 9 · day 5 of 13,Sichos HaRan · §109 of 308 · day 109 of 369,OC 217–218 · half-days 217 & 218,Shemot,Rav Pe’alim · Vol I · Sod Yesharim 14 · Vol I · Sod Yesharim 15,Se’if ז׳ · day 5 of 13,בְּרֵאשִׁית בָּרָא אֶלֹקִים אֵת הַשָׁמַיִם וְאֵת הָאָרֶץ · בראשית א:א,Fat and Blood 4 · Blood 1,Ta'anit · 5b · Tevet / Fast of Tevet,Emunah — 4/27 · Emunah — 5/27,Story 25 · 26 · Shemot,Temurah 8 · תְּמוּרָה,Class 108 · of 118,Shemot · Day 2,Day 109 · of 369,Chapter 9 · cycle 9,The Garden of Wisdom · cycle 9 of 13,Phase 9 · day 5 of 13,Gate 13 · Gate 14 · Gate 15 · day 5 of 13,Shluchin v'Shutafin · Avadim · Sechirut · set 4 of 14 · day 25 of 28,Temurah 8 · review,Story 109 · Parshat Shemot
110,2026-12-29,19 Tevet,Shemot,Torah 112 · KST § 97 (p. 57) · Lo Taaseh 168–171,ת Tav · תט · set 5 · day 22 of 22,Hod shebeGevurah · shebeTiferet · day 12 of 49,אני · 37 of 72 · חֻפָּה 13 · ה׳,Winter · 19 of 91 · Ratzo · F1 letter 19 · Eicha 1:19 · ק,1st cycle 9 · day 6 of 13 · Vetashlich Bimtzulot Yam,Cycle 3 · day 28 of 41 · Neshamah 8 of 10 · Do Not Steal,OC 219–220 · Orach Chaim · 219 of 728,Shemot · D3 · P1 · C3,set 4 · 26/28 · Salting 1 · Domesticated and Undomesticated Animals 1,Torah 112 · Zohar I 249–250,§ 97 (p. 57) · Shemot,Lo Taaseh 168–171,LT Vayikra · Folio 10 · day 110 of 364,Prayer 55 — first half · day 110 of 364,Moed Katan 2 & 3 · Week 16 · Day 5,Jeremiah 6 & 7 · Week 16 · Day 5,Chapter 9 · cycle 9 · day 6 of 13,Sichos HaRan · §110 of 308 · day 110 of 369,OC 219–220 · half-days 219 & 220,Shemot,Rav Pe’alim · Vol I · Sod Yesharim 16 · Vol I · Sod Yesharim 17,Se’if ח׳ · day 6 of 13,וְשִׁנַנְתָּם לְבָנֶיךָ וְדִבַּרְתָּ בָּם בְּשִׁבְתְּךָ בְּבֵיתֶךָ וּבְלֶכְתְּךָ בַדֶרֶךְ וּבְשָׁכְבְּךָ וּבְקוּמֶךָ · דברים ו:ז,Salting 1 · Domesticated and Undomesticated Animals 1,Ta'anit · 5b · Tevet / Fast of Tevet,Emunah — 4/27 · Emunah — 5/27,Story 25 · 26 · Shemot,Temurah 9 · תְּמוּרָה,Class 109 · of 118,Shemot · Day 3,Day 110 · of 369,Chapter 9 · cycle 9,The Garden of Wisdom · cycle 9 of 13,Phase 9 · day 6 of 13,Gate 16 · Gate 17 · Gate 18 · day 6 of 13,She'elah u'Fikadon · Malveh v'Loveh · To'en v'Nit'an · set 4 of 14 · day 26 of 28,Temurah 9 · review,Story 110 · Parshat Shemot
111,2026-12-30,20 Tevet,Shemot,Torah 113 · KST § 98 (p. 57) · Lo Taaseh 172–173,א Alef · כא · set 6 · day 1 of 22,Yesod shebeGevurah · shebeTiferet · day 13 of 49,חעם · 38 of 72 · יֶשֶׁבְאָב 14 · ה׳,Winter · 20 of 91 · Ratzo · F1 letter 20 · Eicha 1:20 · ר,1st cycle 9 · day 7 of 13 · Vetashlich Bimtzulot Yam,Cycle 3 · day 29 of 41 · Neshamah 9 of 10 · Truth / No False Witness,OC 221–222 · Orach Chaim · 221 of 728,Shemot · D4 · P1 · C3,set 4 · 27/28 · Domesticated and Undomesticated Animals 2–3,Torah 113 · Zohar I 251 – II 1,§ 98 (p. 57) · Shemot,Lo Taaseh 172–173,LT Vayikra · Folio 11 · day 111 of 364,Prayer 55 — second half · day 111 of 364,"Tosefta Yevamot 4, 5, 6, 7 · Week 16 · Day 6",Jeremiah 8 & 9 · Week 16 · Day 6,Chapter 9 · cycle 9 · day 7 of 13,Sichos HaRan · §111 of 308 · day 111 of 369,OC 221–222 · half-days 221 & 222,Shemot,Rav Pe’alim · Vol II · Index 1 · Vol II · Index 2,Se’if ט׳ · day 7 of 13,"יָגַעְתִּי וְלֹא מָצָאתִי אַל תַּאַמִין לֹא יָגַעְתִּי וּמָצָאתִי אַל תַּאַמִין יָגַעְתִּי וּמָצָאתִי תַּאַמִין · מגילה ו,ב",Domesticated and Undomesticated Animals 2–3,Megillah · 6a · Tevet,Emunah — 4/27 · Emunah — 5/27,Story 25 · 26 · Shemot,Temurah 10 · תְּמוּרָה,Class 110 · of 118,Shemot · Day 4,Day 111 · of 369,Chapter 9 · cycle 9,The Garden of Wisdom · cycle 9 of 13,Phase 9 · day 7 of 13,Gate 19 · Gate 20 · Gate 21 · day 7 of 13,Nachalot · Sanhedrin · Edut · set 4 of 14 · day 27 of 28,Temurah 10 · review,Story 111 · Parshat Shemot
112,2026-12-31,21 Tevet,Shemot,Torah 114 · KST § 99 (p. 58) · Lo Taaseh 171–174,ב Bet · לב · set 6 · day 2 of 22,Malchut shebeGevurah · shebeTiferet · day 14 of 49,רעה · 39 of 72 · בִּלְגָּה 15 · ה׳,Winter · 21 of 91 · Ratzo · F1 letter 21 · Eicha 1:21 · ש,1st cycle 9 · day 8 of 13 · Vetashlich Bimtzulot Yam,Cycle 3 · day 30 of 41 · Neshamah 10 of 10 · Do Not Covet,OC 223–224 · Orach Chaim · 223 of 728,Shemot · D5 · P1 · C3,set 4 · 28/28 · Domesticated and Undomesticated Animals 4 · Things that Come from a Live Animal 1,Torah 114 · Zohar II 2–5,§ 99 (p. 58) · Shemot,Lo Taaseh 171–174,LT Vayikra · Folio 12 · day 112 of 364,Prayer 56 — first half · day 112 of 364,"Tosefta Yevamot 8, 9, 10, 11 · Week 16 · Day 7",Jeremiah 10 & 11 · Week 16 · Day 7,Chapter 9 · cycle 9 · day 8 of 13,Sichos HaRan · §112 of 308 · day 112 of 369,OC 223–224 · half-days 223 & 224,Shemot,Rav Pe’alim · Vol II · Index 3 · Vol II · Index 4,Se’if י׳ · day 8 of 13,וְאָהַבְתָּ לְרֵעַךָ כָּמוֹךָ – רַבִּי עַקִיבָא אוֹמֵר זֶה כְּלָל גָדוֹל בַּתּוֹרָה · ויקרא יט:יח,Domesticated and Undomesticated Animals 4 · Things that Come from a Live Animal 1,Megillah · 6a · Tevet,Emunah — 4/27 · Emunah — 5/27,Story 25 · 26 · Shemot,Temurah 11 · תְּמוּרָה,Class 111 · of 118,Shemot · Day 5,Day 112 · of 369,Chapter 9 · cycle 9,The Garden of Wisdom · cycle 9 of 13,Phase 9 · day 8 of 13,Gate 22 · Gate 23 · Gate 24 · day 8 of 13,Mamrim · Evel · Melachim u'Milchamos · set 4 of 14 · day 28 of 28,Temurah 11 · review,Story 112 · Parshat Shemot
113,2027-01-01,22 Tevet,Shemot,Torah 115 · KST § 100 (p. 58) · Lo Taaseh 175–176,ג Gimmel · כג · set 6 · day 3 of 22,Chesed shebeTiferet · shebeTiferet · day 15 of 49,ייז · 40 of 72 · אִמֵּר 16 · ה׳,Winter · 22 of 91 · Ratzo · F1 letter 22 · Eicha 1:22 · ת,1st cycle 9 · day 9 of 13 · Vetashlich Bimtzulot Yam,Cycle 3 · day 31 of 41 · Chayah 1 of 10 · I Am the Lord,OC 225–226 · Orach Chaim · 225 of 728,Shemot · D6 · P1 · C3,set 5 · 1/28 · Things that Come from a Live Animal 2 · Birds 1,Torah 115 · Zohar II 6–7,§ 100 (p. 58) · Shemot,Lo Taaseh 175–176,LT Vayikra · Folio 13 · day 113 of 364,Prayer 56 — second half · day 113 of 364,Chagigah 1 & 2 · Week 17 · Day 1,Jeremiah 12 & 13 · Week 17 · Day 1,Chapter 9 · cycle 9 · day 9 of 13,Sichos HaRan · §113 of 308 · day 113 of 369,OC 225–226 · half-days 225 & 226,Shemot,Ben Ish Chai · Halachot,Se’if י״א · day 9 of 13,וְזֶה כָּל הָאָדָם וְתַכְלִית בְּרִיאָתוֹ וּבְרִיאַת כָּל הָעוֹלָמוֹת עֶלְיוֹנִים וְתַּחְתּוֹנִים לִהְיוֹת לוֹ דִירָה זוֹ בְּתַּחְתּוֹנִים · תניא פרק לג,Things that Come from a Live Animal 2 · Birds 1,Megillah · 6a · Tevet,Emunah — 4/27 · Emunah — 5/27,Story 25 · 26 · Shemot,Temurah 12 · תְּמוּרָה,Class 112 · of 118,Shemot · Day 6,Day 113 · of 369,Chapter 9 · cycle 9,The Garden of Wisdom · cycle 9 of 13,Phase 9 · day 9 of 13,Gate 25 · Gate 26 · Gate 27 · day 9 of 13,Enumeration of the 613 Mitzvos · Yesodei HaTorah · De'ot · set 5 of 14 · day 1 of 28,Temurah 12 · review,Story 113 · Parshat Shemot
114,2027-01-02,23 Tevet,Shemot,Torah 116 · KST § 101–102 (p. 59) · Lo Taaseh 174–177,ד Dalet · לד · set 6 · day 4 of 22,Gevurah shebeTiferet · shebeTiferet · day 16 of 49,ההה · 41 of 72 · חֵזִיר 17 · ה׳,Winter · 23 of 91 · Right Kidney · Eicha 5,1st cycle 9 · day 10 of 13 · Vetashlich Bimtzulot Yam,Cycle 3 · day 32 of 41 · Chayah 2 of 10 · No Other Gods,OC 227–228 · Orach Chaim · 227 of 728,Shemot · D7 · P1 · C3,set 5 · 2/28 · Birds 2–3 · Shemot,Torah 116 · Zohar II 8–9,§ 101–102 (p. 59) · Shemot,Lo Taaseh 174–177,LT Vayikra · Folio 14 · day 114 of 364,Prayer 57 — first half · day 114 of 364,Chagigah 3 &amp; Yevamot 1 · Week 17 · Day 2,Jeremiah 14 & 15 · Week 17 · Day 2,Chapter 9 · cycle 9 · day 10 of 13,Sichos HaRan · §114 of 308 · day 114 of 369,OC 227–228 · half-days 227 & 228,Shemot,Ben Ish Chai · Drash · Shemot · Drash,Se’if י״ב · day 10 of 13,יִשְׂמַח יִשְׂרָאֵל בְּעוֹשָׂיו פֵּירוּש שֶׁכָּל מִי שֶׁהוּא מִזֶרַע יִשְׂרָאֵל יֵשׁ לוֹ לִשְׂמוֹחַ בְּשִׂמְחַת ה׳ אַשֶׁר שָׂשׂ וְשָׂמֵחַ בְּדִירָתוֹ בְּתַּחְתּוֹנִים · תניא פרק לג,Birds 2–3,Megillah · 6a · Tevet,Emunah — 4/27 · Emunah — 5/27,Story 25 · 26 · Shemot,Temurah 13 · תְּמוּרָה,Class 113 · of 118,Sefer Yetzirah · 1:13,Day 114 · of 369,Chapter 9 · cycle 9,The Garden of Wisdom · cycle 9 of 13,Phase 9 · day 10 of 13,Gate 28 · Gate 29 · Gate 30 · day 10 of 13,Talmud Torah · Avodah Zarah · Teshuvah · set 5 of 14 · day 2 of 28,Temurah 13 · review,Story 114 · Parshat Shemot
115,2027-01-03,24 Tevet,Vaera,Torah 117 · KST § 103 (p. 60) · Lo Taaseh 178–179,ה Heh · כה · set 6 · day 5 of 22,Tiferet shebeTiferet · shebeTiferet · day 17 of 49,מיכ · 42 of 72 · הַפִּצֵּץ 18 · ה׳,Winter · 24 of 91 · Ratzo · F2 letter 1 · Eicha 2:1 · א,1st cycle 9 · day 11 of 13 · Vetashlich Bimtzulot Yam,Cycle 3 · day 33 of 41 · Chayah 3 of 10 · Not to Profane G-d's Name,OC 229–230 · Orach Chaim · 229 of 728,Vaera · D1 · P2 · C3,set 5 · 3/28 · Birds 4 · Fish 1,Torah 117 · Zohar II 10–11,§ 103 (p. 60) · Vaera,Lo Taaseh 178–179,LT Vayikra · Folio 15 · day 115 of 364,Prayer 57 — second half · day 115 of 364,Yevamot 2 & 3 · Week 17 · Day 3,Jeremiah 16 & 17 · Week 17 · Day 3,Chapter 9 · cycle 9 · day 11 of 13,Sichos HaRan · §115 of 308 · day 115 of 369,OC 229–230 · half-days 229 & 230,Vaera,Rav Pe’alim · Vol II · Index 5 · Vol II · Orach Chayim 1,Overview · day 11 of 13,"All twelve · Mivtza Chinuch, 5736",Birds 4 · Fish 1,Megillah · 6a · Tevet,Emunah — 6/27 · Emunah — 7/27,Story 27 · 28 · Vaera,Temurah 14 · תְּמוּרָה,Class 114 · of 118,Vaera · Day 1,Day 115 · of 369,Chapter 9 · cycle 9,The Garden of Wisdom · cycle 9 of 13,Phase 9 · day 11 of 13,Gate 31 · Gate 32 · Ohr Ne’erav I · day 11 of 13,"Kriat Shema · Tefilah u'Birkat Kohanim · Tefillin, Mezuzah · set 5 of 14 · day 3 of 28",Temurah 14 · review,Story 115 · Parshat Vaera
116,2027-01-04,25 Tevet,Vaera,Torah 118 · KST § 104 (p. 60) · Lo Taaseh 177–180,ו Vav · לו · set 6 · day 6 of 22,Netzach shebeTiferet · shebeTiferet · day 18 of 49,וול · 43 of 72 · פְּתַחְיָה 19 · ה׳,Winter · 25 of 91 · Ratzo · F2 letter 2 · Eicha 2:2 · ב,1st cycle 9 · day 12 of 13 · Vetashlich Bimtzulot Yam,Cycle 3 · day 34 of 41 · Chayah 4 of 10 · The Sabbath,OC 231–232 · Orach Chaim · 231 of 728,Vaera · D2 · P2 · C3,set 5 · 4/28 · Fish 2–3,Torah 118 · Zohar II 12–13,§ 104 (p. 60) · Vaera,Lo Taaseh 177–180,LT Vayikra · Folio 16 · day 116 of 364,Prayer 58 — first half · day 116 of 364,Yevamot 4 & 5 · Week 17 · Day 4,Jeremiah 18 & 19 · Week 17 · Day 4,Chapter 9 · cycle 9 · day 12 of 13,Sichos HaRan · §116 of 308 · day 116 of 369,OC 231–232 · half-days 231 & 232,Vaera,Rav Pe’alim · Vol II · Orach Chayim 2 · Vol II · Orach Chayim 3,Se’if א׳ · day 12 of 13,תּוֹרָה צִוָה לָנוּ מֹשֶׁה מוֹרָשָׁה קְהִלַת יַעֲקֹב · דברים לג:ד,Fish 2–3,Megillah · 6a · Tevet,Emunah — 6/27 · Emunah — 7/27,Story 27 · 28 · Vaera,Temurah 15 · תְּמוּרָה,Class 115 · of 118,Vaera · Day 2,Day 116 · of 369,Chapter 9 · cycle 9,The Garden of Wisdom · cycle 9 of 13,Phase 9 · day 12 of 13,Ohr Ne’erav II · Ohr Ne’erav III · Ohr Ne’erav IV · day 12 of 13,Tzitzit · Berachot · Milah · set 5 of 14 · day 4 of 28,Temurah 15 · review,Story 116 · Parshat Vaera
117,2027-01-05,26 Tevet,Vaera,Torah 119 · KST § 105 (p. 60) · Lo Taaseh 181–182,ז Zayin · כז · set 6 · day 7 of 22,Hod shebeTiferet · shebeTiferet · day 19 of 49,ילה · 44 of 72 · יְחֶזְקֵאל 20 · ה׳,Winter · 26 of 91 · Ratzo · F2 letter 3 · Eicha 2:3 · ג,1st cycle 9 · day 13 of 13 · Vetashlich Bimtzulot Yam,Cycle 3 · day 35 of 41 · Chayah 5 of 10 · Honor Parents,OC 233–234 · Orach Chaim · 233 of 728,Vaera · D3 · P2 · C3,set 5 · 5/28 · Fish 4–5,Torah 119 · Zohar II 14–15,§ 105 (p. 60) · Vaera,Lo Taaseh 181–182,LT Vayikra · Folio 17 · day 117 of 364,Prayer 58 — second half · day 117 of 364,Yevamot 6 & 7 · Week 17 · Day 5,Jeremiah 20 & 21 · Week 17 · Day 5,Chapter 9 · cycle 9 · day 13 of 13,Sichos HaRan · §117 of 308 · day 117 of 369,OC 233–234 · half-days 233 & 234,Vaera,Rav Pe’alim · Vol II · Orach Chayim 4 · Vol II · Orach Chayim 5,Se’if ב׳ · day 13 of 13,שְׁמַע יִשְׂרָאֵל ה׳ אֶלֹקֵינוּ ה׳ אֶחָד · דברים ו:ד,Fish 4–5,Megillah · 6a · Tevet,Emunah — 6/27 · Emunah — 7/27,Story 27 · 28 · Vaera,Temurah 16 · תְּמוּרָה,Class 116 · of 118,Vaera · Day 3,Day 117 · of 369,Chapter 9 · cycle 9,The Garden of Wisdom · cycle 9 of 13,Phase 9 · day 13 of 13,Ohr Ne’erav V · Ohr Ne’erav VI · Ohr Ne’erav VII · day 13 of 13,Shabbat · Eruvin · Shevitat Asor · set 5 of 14 · day 5 of 28,Temurah 16 · review,Story 117 · Parshat Vaera
118,2027-01-06,27 Tevet,Vaera,Torah 120 · KST § 106 (p. 60) · Lo Taaseh 180–183,ח Chet · לח · set 6 · day 8 of 22,Yesod shebeTiferet · shebeTiferet · day 20 of 49,סאל · 45 of 72 · יָכִין 21 · ה׳,Winter · 27 of 91 · Ratzo · F2 letter 4 · Eicha 2:4 · ד,1st cycle 10 · day 1 of 13 · Titein Emet Le'Yaakov,Cycle 3 · day 36 of 41 · Chayah 6 of 10 · Do Not Murder,OC 235–236 · Orach Chaim · 235 of 728,Vaera · D4 · P2 · C3,set 5 · 6/28 · Insects 1–2,Torah 120 · Zohar II 16–17,§ 106 (p. 60) · Vaera,Lo Taaseh 180–183,LT Vayikra · Folio 18 · day 118 of 364,Prayer 59 — first half · day 118 of 364,"Tosefta Yevamot 12, 13, 14 &amp; Tosefta Ketubot 1 · Week 17 · Day 6",Jeremiah 22 & 23 · Week 17 · Day 6,Chapter 10 · cycle 10 · day 1 of 13,Sichos HaRan · §118 of 308 · day 118 of 369,OC 235–236 · half-days 235 & 236,Vaera,Rav Pe’alim · Vol II · Orach Chayim 6 · Vol II · Orach Chayim 7,Se’if ג׳ · day 1 of 13,"בְּכָל דוֹר וָדוֹר חַיָיב אָדָם לִרְאוֹת אֶת עַצְמוֹ כְּאִלוּ הוּא יָצָא מִמִצְרָיִם · פסחים קטז,ב",Insects 1–2,Megillah · 6a · Tevet,Emunah — 6/27 · Emunah — 7/27,Story 27 · 28 · Vaera,Temurah 17 · תְּמוּרָה,Class 117 · of 118,Vaera · Day 4,Day 118 · of 369,Chapter 10 · cycle 10,The Garden of Purity · cycle 10 of 13,Phase 10 · day 1 of 13,Gate 1 · Gate 2 · Gate 3 · day 1 of 13,"Shevitat Yom Tov · Chametz u'Matzah · Shofar, Sukkah v'Lul · set 5 of 14 · day 6 of 28",Temurah 17 · review,Story 118 · Parshat Vaera
119,2027-01-07,28 Tevet,Vaera,Torah 121 · KST § 107 (p. 61) · Lo Taaseh 184–185,ט Tet · כט · set 6 · day 9 of 22,Malchut shebeTiferet · shebeTiferet · day 21 of 49,ערי · 46 of 72 · גָּמוּל 22 · ה׳,Winter · 28 of 91 · Ratzo · F2 letter 5 · Eicha 2:5 · ה,1st cycle 10 · day 2 of 13 · Titein Emet Le'Yaakov,Cycle 3 · day 37 of 41 · Chayah 7 of 10 · Faithfulness,OC 237–238 · Orach Chaim · 237 of 728,Vaera · D5 · P2 · C3,set 5 · 7/28 · Insects 3–4,Torah 121 · Zohar II 18–21,§ 107 (p. 61) · Vaera,Lo Taaseh 184–185,LT Vayikra · Folio 19 · day 119 of 364,Prayer 59 — second half · day 119 of 364,"Tosefta Ketubot 2, 3, 4, 5 · Week 17 · Day 7",Jeremiah 24 & 25 · Week 17 · Day 7,Chapter 10 · cycle 10 · day 2 of 13,Sichos HaRan · §119 of 308 · day 119 of 369,OC 237–238 · half-days 237 & 238,Vaera,Rav Pe’alim · Vol II · Orach Chayim 8 · Vol II · Orach Chayim 9,Se’if ד׳ · day 2 of 13,"כָּל יִשְׂרָאֵל יֵשׁ לָהֶם חֵלֶק לְעוֹלָם הַבָּא שֶׁנֶאֱמַר וְעַמֵךְ כּוּלָם צַדִיקִים לְעוֹלָם יִירְשׁוּ אָרֶץ נֵצֶר מַטָעַי מַעֲשֵׂה יָדַי לְהִתְפָּאֵר · סנהדרין צ,א",Insects 3–4,Megillah · 6a · Tevet,Emunah — 6/27 · Emunah — 7/27,Story 27 · 28 · Vaera,Temurah 18 · תְּמוּרָה,Class 118 · of 118,Vaera · Day 5,Day 119 · of 369,Chapter 10 · cycle 10,The Garden of Purity · cycle 10 of 13,Phase 10 · day 2 of 13,Gate 4 · Gate 5 · Gate 6 · day 2 of 13,Shekalim · Kiddush HaChodesh · Ta'aniyot · set 5 of 14 · day 7 of 28,Temurah 18 · review,Story 119 · Parshat Vaera
120,2027-01-08,29 Tevet,Vaera,Torah 122 · KST § 108 (p. 61) · Lo Taaseh 183–186,י Yud · לי · set 6 · day 10 of 22,Chesed shebeNetzach · shebeTiferet · day 22 of 49,עשל · 47 of 72 · דְּלָיָהוּ 23 · ה׳,Winter · 29 of 91 · Ratzo · F2 letter 6 · Eicha 2:6 · ו,1st cycle 10 · day 3 of 13 · Titein Emet Le'Yaakov,Cycle 3 · day 38 of 41 · Chayah 8 of 10 · Do Not Steal,OC 239–240 · Orach Chaim · 239 of 728,Vaera · D6 · P2 · C3,set 5 · 8/28 · Eggs 1–2,Torah 122 · Zohar II 22–23,§ 108 (p. 61) · Vaera,Lo Taaseh 183–186,LT Vayikra · Folio 20 · day 120 of 364,Prayer 60 — first half · day 120 of 364,Yevamot 8 & 9 · Week 18 · Day 1,Jeremiah 26 & 27 · Week 18 · Day 1,Chapter 10 · cycle 10 · day 3 of 13,Sichos HaRan · §120 of 308 · day 120 of 369,OC 239–240 · half-days 239 & 240,Vaera,Ben Ish Chai · Halachot,Se’if ה׳ · day 3 of 13,כִּי קָרוֹב אֵלֶיךָ הַדָבָר מְאֹד בְּפִיךָ וּבִּלְבָבְךָ לַעֲשׂוֹתוֹ · דברים ל:יד,Eggs 1–2,Megillah · 6a · Tevet,Emunah — 6/27 · Emunah — 7/27,Story 27 · 28 · Vaera,Temurah 19 · תְּמוּרָה,Class 1 · of 118,Vaera · Day 6,Day 120 · of 369,Chapter 10 · cycle 10,The Garden of Purity · cycle 10 of 13,Phase 10 · day 3 of 13,Gate 7 · Gate 8 · Gate 9 · day 3 of 13,Megillah v'Chanukah · Ishut · Geirushin · set 5 of 14 · day 8 of 28,Temurah 19 · review,Story 120 · Parshat Vaera
121,2027-01-09,1 Shevat,Vaera,Torah 123 · KST § 109–110 (p. 62) · Lo Taaseh 187–188,כ Kaf · כל · set 6 · day 11 of 22,Gevurah shebeNetzach · shebeTiferet · day 23 of 49,מיה · 48 of 72 · מַעַזְיָהוּ 24 · ה׳,Winter · 30 of 91 · Ratzo · F2 letter 7 · Eicha 2:7 · ז,1st cycle 10 · day 4 of 13 · Titein Emet Le'Yaakov,Cycle 3 · day 39 of 41 · Chayah 9 of 10 · Truth / No False Witness,OC 241–242 · Orach Chaim · 241 of 728,Vaera · D7 · P2 · C3,set 5 · 9/28 · Eggs 3–4 · Vaera,Torah 123 · Zohar II 24–25,§ 109–110 (p. 62) · Vaera,Lo Taaseh 187–188,LT Vayikra · Folio 21 · day 121 of 364,Prayer 60 — second half · day 121 of 364,Yevamot 10 & 11 · Week 18 · Day 2,Jeremiah 28 & 29 · Week 18 · Day 2,Chapter 10 · cycle 10 · day 4 of 13,Sichos HaRan · §121 of 308 · day 121 of 369,OC 241–242 · half-days 241 & 242,Vaera,Ben Ish Chai · Drash · Vaera · Drash,Se’if ו׳ · day 4 of 13,וְהִנֵה ה׳ נִצָב עָלָיו וּמְלֹא כָל הָאָרֶץ כּבוֹדוֹ וּמַבִּיט עָלָיו וּבוֹחֵן כְּלָיוֹת וָלֵב אִם עוֹבְדוֹ כָּרָאוּי · תניא פרק מא,Eggs 3–4,Megillah · 6a · Tevet,Emunah — 6/27 · Emunah — 7/27,Story 27 · 28 · Vaera,Temurah 20 · תְּמוּרָה,Class 2 · of 118,Sefer Yetzirah · 1:14,Day 121 · of 369,Chapter 10 · cycle 10,The Garden of Purity · cycle 10 of 13,Phase 10 · day 4 of 13,Gate 10 · Gate 11 · Gate 12 · day 4 of 13,Yibum v'Chalitzah · Na'arah Betulah · Sotah · set 5 of 14 · day 9 of 28,Temurah 20 · review,Story 121 · Parshat Vaera
122,2027-01-10,2 Shevat,Bo,Torah 124 · KST § 111 (p. 64) · Lo Taaseh 186–189,ל Lamed · לכ · set 6 · day 12 of 22,Tiferet shebeNetzach · shebeTiferet · day 24 of 49,והו · 49 of 72 · יְהוֹיָרִיב 1 · פָּנָיו,Winter · 31 of 91 · Ratzo · F2 letter 8 · Eicha 2:8 · ח,1st cycle 10 · day 5 of 13 · Titein Emet Le'Yaakov,Cycle 3 · day 40 of 41 · Chayah 10 of 10 · Do Not Covet,OC 243–244 · Orach Chaim · 243 of 728,Bo · D1 · P3 · C3,set 5 · 10/28 · Eggs 5 · Meat and Milk 1,Torah 124 · Zohar II 26–27,§ 111 (p. 64) · Bo,Lo Taaseh 186–189,LT Vayikra · Folio 22 · day 122 of 364,Prayer 61 — first half · day 122 of 364,Yevamot 12 & 13 · Week 18 · Day 3,Jeremiah 30 & 31 · Week 18 · Day 3,Chapter 10 · cycle 10 · day 5 of 13,Sichos HaRan · §122 of 308 · day 122 of 369,OC 243–244 · half-days 243 & 244,Bo,Rav Pe’alim · Vol II · Orach Chayim 10 · Vol II · Orach Chayim 11,Se’if ז׳ · day 5 of 13,בְּרֵאשִׁית בָּרָא אֶלֹקִים אֵת הַשָׁמַיִם וְאֵת הָאָרֶץ · בראשית א:א,Eggs 5 · Meat and Milk 1,Moed Katan · 6b · Yud Shvat,Emunah — 8/27 · Emunah — 9/27,Story 29 · 30 · Bo,Temurah 21 · תְּמוּרָה,Class 3 · of 118,Bo · Day 1,Day 122 · of 369,Chapter 10 · cycle 10,The Garden of Purity · cycle 10 of 13,Phase 10 · day 5 of 13,Gate 13 · Gate 14 · Gate 15 · day 5 of 13,Issurei Biah · Ma'achalot Assurot · Shechitah · set 5 of 14 · day 10 of 28,Temurah 21 · review,Story 122 · Parshat Bo
123,2027-01-11,3 Shevat,Bo,Torah 125 · KST § 112 (p. 65) · Lo Taaseh 190–191,מ Mem · מל · set 6 · day 13 of 22,Netzach shebeNetzach · shebeTiferet · day 25 of 49,דני · 50 of 72 · יְדַעְיָה 2 · פָּנָיו,Winter · 32 of 91 · Ratzo · F2 letter 9 · Eicha 2:9 · ט,1st cycle 10 · day 6 of 13 · Titein Emet Le'Yaakov,,OC 245–246 · Orach Chaim · 245 of 728,Bo · D2 · P3 · C3,set 5 · 11/28 · Meat and Milk 2–3,Torah 125 · Zohar II 28–29,§ 112 (p. 65) · Bo,Lo Taaseh 190–191,LT Vayikra · Folio 23 · day 123 of 364,Prayer 61 — second half · day 123 of 364,Yevamot 14 & 15 · Week 18 · Day 4,Jeremiah 32 & 33 · Week 18 · Day 4,Chapter 10 · cycle 10 · day 6 of 13,Sichos HaRan · §123 of 308 · day 123 of 369,OC 245–246 · half-days 245 & 246,Bo,Rav Pe’alim · Vol II · Orach Chayim 12 · Vol II · Orach Chayim 13,Se’if ח׳ · day 6 of 13,וְשִׁנַנְתָּם לְבָנֶיךָ וְדִבַּרְתָּ בָּם בְּשִׁבְתְּךָ בְּבֵיתֶךָ וּבְלֶכְתְּךָ בַדֶרֶךְ וּבְשָׁכְבְּךָ וּבְקוּמֶךָ · דברים ו:ז,Meat and Milk 2–3,Moed Katan · 6b · Yud Shvat,Emunah — 8/27 · Emunah — 9/27,Story 29 · 30 · Bo,Temurah 22 · תְּמוּרָה,Class 4 · of 118,Bo · Day 2,Day 123 · of 369,Chapter 10 · cycle 10,The Garden of Purity · cycle 10 of 13,Phase 10 · day 6 of 13,Gate 16 · Gate 17 · Gate 18 · day 6 of 13,Shevuot · Nedarim · Nezirut · set 5 of 14 · day 11 of 28,Temurah 22 · review,Story 123 · Parshat Bo
124,2027-01-12,4 Shevat,Bo,Torah 126 · KST § 113 (p. 65) · Lo Taaseh 189–192,נ Nun · נכ · set 6 · day 14 of 22,Hod shebeNetzach · shebeTiferet · day 26 of 49,החש · 51 of 72 · חָרִם 3 · פָּנָיו,Winter · 33 of 91 · Ratzo · F2 letter 10 · Eicha 2:10 · י,1st cycle 10 · day 7 of 13 · Titein Emet Le'Yaakov,Year-Cycle 4 · day 1 of 55,OC 247–248 · Orach Chaim · 247 of 728,Bo · D3 · P3 · C3,set 5 · 12/28 · Meat and Milk 4–5,Torah 126 · Zohar II 30–31,§ 113 (p. 65) · Bo,Lo Taaseh 189–192,LT Vayikra · Folio 24 · day 124 of 364,Prayer 62 — first half · day 124 of 364,Yevamot 16 &amp; Ketubot 1 · Week 18 · Day 5,Jeremiah 34 & 35 · Week 18 · Day 5,Chapter 10 · cycle 10 · day 7 of 13,Sichos HaRan · §124 of 308 · day 124 of 369,OC 247–248 · half-days 247 & 248,Bo,Rav Pe’alim · Vol II · Orach Chayim 14 · Vol II · Orach Chayim 15,Se’if ט׳ · day 7 of 13,"יָגַעְתִּי וְלֹא מָצָאתִי אַל תַּאַמִין לֹא יָגַעְתִּי וּמָצָאתִי אַל תַּאַמִין יָגַעְתִּי וּמָצָאתִי תַּאַמִין · מגילה ו,ב",Meat and Milk 4–5,Moed Katan · 6b · Yud Shvat,Emunah — 8/27 · Emunah — 9/27,Story 29 · 30 · Bo,Temurah 23 · תְּמוּרָה,Class 5 · of 118,Bo · Day 3,Day 124 · of 369,Chapter 10 · cycle 10,The Garden of Purity · cycle 10 of 13,Phase 10 · day 7 of 13,Gate 19 · Gate 20 · Gate 21 · day 7 of 13,Erchin v'Charamin · Kilayim · Matnot Aniyim · set 5 of 14 · day 12 of 28,Temurah 23 · review,Story 124 · Parshat Bo
125,2027-01-13,5 Shevat,Bo,Torah 127 · KST § 114 (p. 66) · Lo Taaseh 193–194,ס Samech · סל · set 6 · day 15 of 22,Yesod shebeNetzach · shebeTiferet · day 27 of 49,עמם · 52 of 72 · שְׂעֹרִים 4 · פָּנָיו,Winter · 34 of 91 · Ratzo · F2 letter 11 · Eicha 2:11 · כ,1st cycle 10 · day 8 of 13 · Titein Emet Le'Yaakov,Year-Cycle 4 · day 2 of 55,OC 249–250 · Orach Chaim · 249 of 728,Bo · D4 · P3 · C3,set 5 · 13/28 · Mixtures 1–2,Torah 127 · Zohar II 32–33,§ 114 (p. 66) · Bo,Lo Taaseh 193–194,LT Vayikra · Folio 25 · day 125 of 364,Prayer 62 — second half · day 125 of 364,"Tosefta Ketubot 6, 7, 8, 9 · Week 18 · Day 6",Jeremiah 36 & 37 · Week 18 · Day 6,Chapter 10 · cycle 10 · day 8 of 13,Sichos HaRan · §125 of 308 · day 125 of 369,OC 249–250 · half-days 249 & 250,Bo,Rav Pe’alim · Vol II · Orach Chayim 16 · Vol II · Orach Chayim 17,Se’if י׳ · day 8 of 13,וְאָהַבְתָּ לְרֵעַךָ כָּמוֹךָ – רַבִּי עַקִיבָא אוֹמֵר זֶה כְּלָל גָדוֹל בַּתּוֹרָה · ויקרא יט:יח,Mixtures 1–2,Moed Katan · 6b · Yud Shvat,Emunah — 8/27 · Emunah — 9/27,Story 29 · 30 · Bo,Temurah 24 · תְּמוּרָה,Class 6 · of 118,Bo · Day 4,Day 125 · of 369,Chapter 10 · cycle 10,The Garden of Purity · cycle 10 of 13,Phase 10 · day 8 of 13,Gate 22 · Gate 23 · Gate 24 · day 8 of 13,Terumot · Ma'aserot · Ma'aser Sheni v'Neta Revai · set 5 of 14 · day 13 of 28,Temurah 24 · review,Story 125 · Parshat Bo
126,2027-01-14,6 Shevat,Bo,Torah 128 · KST § 115 (p. 67) · Lo Taaseh 192–195,ע Ayin · עכ · set 6 · day 16 of 22,Malchut shebeNetzach · shebeTiferet · day 28 of 49,ננא · 53 of 72 · מַלְכִּיָּה 5 · פָּנָיו,Winter · 35 of 91 · Ratzo · F2 letter 12 · Eicha 2:12 · ל,1st cycle 10 · day 9 of 13 · Titein Emet Le'Yaakov,Year-Cycle 4 · day 3 of 55,OC 251–252 · Orach Chaim · 251 of 728,Bo · D5 · P3 · C3,set 5 · 14/28 · Mixtures 3–4,Torah 128 · Zohar II 34–37,§ 115 (p. 67) · Bo,Lo Taaseh 192–195,LT Vayikra · Folio 26 · day 126 of 364,Prayer 63 — first half · day 126 of 364,"Tosefta Ketubot 10, 11, 12 &amp; Tosefta Nedarim 1 · Week 18 · Day 7",Jeremiah 38 & 39 · Week 18 · Day 7,Chapter 10 · cycle 10 · day 9 of 13,Sichos HaRan · §126 of 308 · day 126 of 369,OC 251–252 · half-days 251 & 252,Bo,Rav Pe’alim · Vol II · Orach Chayim 18 · Vol II · Orach Chayim 19,Se’if י״א · day 9 of 13,וְזֶה כָּל הָאָדָם וְתַכְלִית בְּרִיאָתוֹ וּבְרִיאַת כָּל הָעוֹלָמוֹת עֶלְיוֹנִים וְתַּחְתּוֹנִים לִהְיוֹת לוֹ דִירָה זוֹ בְּתַּחְתּוֹנִים · תניא פרק לג,Mixtures 3–4,Moed Katan · 6b · Yud Shvat,Emunah — 8/27 · Emunah — 9/27,Story 29 · 30 · Bo,Temurah 25 · תְּמוּרָה,Class 7 · of 118,Bo · Day 5,Day 126 · of 369,Chapter 10 · cycle 10,The Garden of Purity · cycle 10 of 13,Phase 10 · day 9 of 13,Gate 25 · Gate 26 · Gate 27 · day 9 of 13,Bikkurim · Shemitah v'Yovel · Beit HaBechirah · set 5 of 14 · day 14 of 28,Temurah 25 · review,Story 126 · Parshat Bo
127,2027-01-15,7 Shevat,Bo,Torah 129 · KST § 116 (p. 67) · Lo Taaseh 196–197,פ Peh · פל · set 6 · day 17 of 22,Chesed shebeHod · shebeTiferet · day 29 of 49,נית · 54 of 72 · מִיָּמִן 6 · פָּנָיו,Winter · 36 of 91 · Ratzo · F2 letter 13 · Eicha 2:13 · מ,1st cycle 10 · day 10 of 13 · Titein Emet Le'Yaakov,Year-Cycle 4 · day 4 of 55,OC 253–254 · Orach Chaim · 253 of 728,Bo · D6 · P3 · C3,set 5 · 15/28 · Mixtures 5 · Non Jewish Food 1,Torah 129 · Zohar II 38–39,§ 116 (p. 67) · Bo,Lo Taaseh 196–197,LT Vayikra · Folio 27 · day 127 of 364,Prayer 63 — second half · day 127 of 364,Ketubot 2 & 3 · Week 19 · Day 1,Jeremiah 40 & 41 · Week 19 · Day 1,Chapter 10 · cycle 10 · day 10 of 13,Sichos HaRan · §127 of 308 · day 127 of 369,OC 253–254 · half-days 253 & 254,Bo,Ben Ish Chai · Halachot,Se’if י״ב · day 10 of 13,יִשְׂמַח יִשְׂרָאֵל בְּעוֹשָׂיו פֵּירוּש שֶׁכָּל מִי שֶׁהוּא מִזֶרַע יִשְׂרָאֵל יֵשׁ לוֹ לִשְׂמוֹחַ בְּשִׂמְחַת ה׳ אַשֶׁר שָׂשׂ וְשָׂמֵחַ בְּדִירָתוֹ בְּתַּחְתּוֹנִים · תניא פרק לג,Mixtures 5 · Non Jewish Food 1,Moed Katan · 6b · Yud Shvat,Emunah — 8/27 · Emunah — 9/27,Story 29 · 30 · Bo,Temurah 26 · תְּמוּרָה,Class 8 · of 118,Bo · Day 6,Day 127 · of 369,Chapter 10 · cycle 10,The Garden of Purity · cycle 10 of 13,Phase 10 · day 10 of 13,Gate 28 · Gate 29 · Gate 30 · day 10 of 13,Klei HaMikdash · Biat HaMikdash · Issurei Mizbe'ach · set 5 of 14 · day 15 of 28,Temurah 26 · review,Story 127 · Parshat Bo
128,2027-01-16,8 Shevat,Bo,Torah 130 · KST § 117–118 (p. 67) · Lo Taaseh 195–198,צ Tzaddik · צכ · set 6 · day 18 of 22,Gevurah shebeHod · shebeTiferet · day 30 of 49,מבה · 55 of 72 · הַקּוֹץ 7 · פָּנָיו,Winter · 37 of 91 · Ratzo · F2 letter 14 · Eicha 2:14 · נ,1st cycle 10 · day 11 of 13 · Titein Emet Le'Yaakov,Year-Cycle 4 · day 5 of 55,OC 255–256 · Orach Chaim · 255 of 728,Bo · D7 · P3 · C3,set 5 · 16/28 · Non Jewish Food 2–3 · Bo,Torah 130 · Zohar II 40–41,§ 117–118 (p. 67) · Bo,Lo Taaseh 195–198,LT Vayikra · Folio 28 · day 128 of 364,Prayer 64 — first half · day 128 of 364,Ketubot 4 & 5 · Week 19 · Day 2,Jeremiah 42 & 43 · Week 19 · Day 2,Chapter 10 · cycle 10 · day 11 of 13,Sichos HaRan · §128 of 308 · day 128 of 369,OC 255–256 · half-days 255 & 256,Bo,Ben Ish Chai · Drash · Bo · Drash,Overview · day 11 of 13,"All twelve · Mivtza Chinuch, 5736",Non Jewish Food 2–3,Moed Katan · 6b · Yud Shvat,Emunah — 8/27 · Emunah — 9/27,Story 29 · 30 · Bo,Temurah 27 · תְּמוּרָה,Class 9 · of 118,Sefer Yetzirah · 2:1,Day 128 · of 369,Chapter 10 · cycle 10,The Garden of Purity · cycle 10 of 13,Phase 10 · day 11 of 13,Gate 31 · Gate 32 · Ohr Ne’erav I · day 11 of 13,Ma'aseh HaKorbanot · Temidin u'Musafin · Pesulei HaMukdash · set 5 of 14 · day 16 of 28,Temurah 27 · review,Story 128 · Parshat Bo
129,2027-01-17,9 Shevat,Beshalach,Torah 131 · KST § 119 (p. 68) · Lo Taaseh 199–200,ק Kuf · קל · set 6 · day 19 of 22,Tiferet shebeHod · shebeTiferet · day 31 of 49,פוי · 56 of 72 · אֲבִיָּה 8 · פָּנָיו,Winter · 38 of 91 · Ratzo · F2 letter 15 · Eicha 2:15 · ס,1st cycle 10 · day 12 of 13 · Titein Emet Le'Yaakov,Year-Cycle 4 · day 6 of 55,OC 257–258 · Orach Chaim · 257 of 728,Beshalach · D1 · P4 · C3,set 5 · 17/28 · Kashering Vessels 1–2,Torah 131 · Zohar II 42–43,§ 119 (p. 68) · Beshalach,Lo Taaseh 199–200,LT Vayikra · Folio 29 · day 129 of 364,Prayer 64 — second half · day 129 of 364,Ketubot 6 & 7 · Week 19 · Day 3,Jeremiah 44 & 45 · Week 19 · Day 3,Chapter 10 · cycle 10 · day 12 of 13,Sichos HaRan · §129 of 308 · day 129 of 369,OC 257–258 · half-days 257 & 258,Beshalach,Rav Pe’alim · Vol II · Orach Chayim 20 · Vol II · Orach Chayim 21,Se’if א׳ · day 12 of 13,תּוֹרָה צִוָה לָנוּ מֹשֶׁה מוֹרָשָׁה קְהִלַת יַעֲקֹב · דברים לג:ד,Kashering Vessels 1–2,Moed Katan · 6b · Yud Shvat,Emunah — 10/27 · Emunah — 11/27,Story 31 · 32 · Beshalach,Temurah 28 · תְּמוּרָה,Class 10 · of 118,Beshalach · Day 1,Day 129 · of 369,Chapter 10 · cycle 10,The Garden of Purity · cycle 10 of 13,Phase 10 · day 12 of 13,Ohr Ne’erav II · Ohr Ne’erav III · Ohr Ne’erav IV · day 12 of 13,Avodat Yom HaKippurim · Me'ilah · Korban Pesach · set 5 of 14 · day 17 of 28,Temurah 28 · review,Story 129 · Parshat Beshalach
130,2027-01-18,10 Shevat,Beshalach,Torah 132 · KST § 120 (p. 68) · Lo Taaseh 198–201,ר Reish · רכ · set 6 · day 20 of 22,Netzach shebeHod · shebeTiferet · day 32 of 49,נמם · 57 of 72 · יֵשׁוּעַ 9 · פָּנָיו,Winter · 39 of 91 · Ratzo · F2 letter 16 · Eicha 2:16 · פ,1st cycle 10 · day 13 of 13 · Titein Emet Le'Yaakov,Year-Cycle 4 · day 7 of 55,OC 259–260 · Orach Chaim · 259 of 728,Beshalach · D2 · P4 · C3,set 5 · 18/28 · Kashering Vessels 3–4,Torah 132 · Zohar II 44–45,§ 120 (p. 68) · Beshalach,Lo Taaseh 198–201,LT Vayikra · Folio 30 · day 130 of 364,Prayer 65 — first half · day 130 of 364,Ketubot 8 & 9 · Week 19 · Day 4,Jeremiah 46 & 47 · Week 19 · Day 4,Chapter 10 · cycle 10 · day 13 of 13,Sichos HaRan · §130 of 308 · day 130 of 369,OC 259–260 · half-days 259 & 260,Beshalach,Rav Pe’alim · Vol II · Orach Chayim 22 · Vol II · Orach Chayim 23,Se’if ב׳ · day 13 of 13,שְׁמַע יִשְׂרָאֵל ה׳ אֶלֹקֵינוּ ה׳ אֶחָד · דברים ו:ד,Kashering Vessels 3–4,Moed Katan · 6b · Yud Shvat,Emunah — 10/27 · Emunah — 11/27,Story 31 · 32 · Beshalach,Temurah 29 · תְּמוּרָה,Class 11 · of 118,Beshalach · Day 2,Day 130 · of 369,Chapter 10 · cycle 10,The Garden of Purity · cycle 10 of 13,Phase 10 · day 13 of 13,Ohr Ne’erav V · Ohr Ne’erav VI · Ohr Ne’erav VII · day 13 of 13,Chagigah · Bechorot · Shegagot · set 5 of 14 · day 18 of 28,Temurah 29 · review,Story 130 · Parshat Beshalach
131,2027-01-19,11 Shevat,Beshalach,Torah 133 · KST § 121 (p. 69) · Lo Taaseh 202–203,ש Shin · של · set 6 · day 21 of 22,Hod shebeHod · shebeTiferet · day 33 of 49,ייל · 58 of 72 · שְׁכַנְיָהוּ 10 · פָּנָיו,Winter · 40 of 91 · Ratzo · F2 letter 17 · Eicha 2:17 · ע,1st cycle 11 · day 1 of 13 · Chesed Le'Avraham,Year-Cycle 4 · day 8 of 55,OC 261–262 · Orach Chaim · 261 of 728,Beshalach · D3 · P4 · C3,set 5 · 19/28 · Taste Transfer 1–2,Torah 133 · Zohar II 46–47,§ 121 (p. 69) · Beshalach,Lo Taaseh 202–203,LT Vayikra · Folio 31 · day 131 of 364,Prayer 65 — second half · day 131 of 364,Ketubot 10 & 11 · Week 19 · Day 5,Jeremiah 48 & 49 · Week 19 · Day 5,Chapter 11 · cycle 11 · day 1 of 13,Sichos HaRan · §131 of 308 · day 131 of 369,OC 261–262 · half-days 261 & 262,Beshalach,Rav Pe’alim · Vol II · Orach Chayim 24 · Vol II · Orach Chayim 25,Se’if ג׳ · day 1 of 13,"בְּכָל דוֹר וָדוֹר חַיָיב אָדָם לִרְאוֹת אֶת עַצְמוֹ כְּאִלוּ הוּא יָצָא מִמִצְרָיִם · פסחים קטז,ב",Taste Transfer 1–2,Moed Katan · 6b · Yud Shvat,Emunah — 10/27 · Emunah — 11/27,Story 31 · 32 · Beshalach,Temurah 30 · תְּמוּרָה,Class 12 · of 118,Beshalach · Day 3,Day 131 · of 369,Chapter 11 · cycle 11,The Garden of Knowledge · cycle 11 of 13,Phase 11 · day 1 of 13,Gate 1 · Gate 2 · Gate 3 · day 1 of 13,Mechusrei Kapparah · Temurah · Tumat Met · set 5 of 14 · day 19 of 28,Temurah 30 · review,Story 131 · Parshat Beshalach
132,2027-01-20,12 Shevat,Beshalach,Torah 134 · KST § 122 (p. 70) · Lo Taaseh 201–204,ת Tav · תכ · set 6 · day 22 of 22,Yesod shebeHod · shebeTiferet · day 34 of 49,הרח · 59 of 72 · אֶלְיָשִׁיב 11 · פָּנָיו,Winter · 41 of 91 · Ratzo · F2 letter 18 · Eicha 2:18 · צ,1st cycle 11 · day 2 of 13 · Chesed Le'Avraham,Year-Cycle 4 · day 9 of 55,OC 263–264 · Orach Chaim · 263 of 728,Beshalach · D4 · P4 · C3,set 5 · 20/28 · Libational Wine 1–2,Torah 134 · Zohar II 48–49,§ 122 (p. 70) · Beshalach,Lo Taaseh 201–204,LT Vayikra · Folio 32 · day 132 of 364,Prayer 66 — first half · day 132 of 364,"Tosefta Nedarim 2, 3, 4, 5 · Week 19 · Day 6",Jeremiah 50 & 51 · Week 19 · Day 6,Chapter 11 · cycle 11 · day 2 of 13,Sichos HaRan · §132 of 308 · day 132 of 369,OC 263–264 · half-days 263 & 264,Beshalach,Rav Pe’alim · Vol II · Orach Chayim 26 · Vol II · Orach Chayim 27,Se’if ד׳ · day 2 of 13,"כָּל יִשְׂרָאֵל יֵשׁ לָהֶם חֵלֶק לְעוֹלָם הַבָּא שֶׁנֶאֱמַר וְעַמֵךְ כּוּלָם צַדִיקִים לְעוֹלָם יִירְשׁוּ אָרֶץ נֵצֶר מַטָעַי מַעֲשֵׂה יָדַי לְהִתְפָּאֵר · סנהדרין צ,א",Libational Wine 1–2,Moed Katan · 6b · Yud Shvat,Emunah — 10/27 · Emunah — 11/27,Story 31 · 32 · Beshalach,Temurah 31 · תְּמוּרָה,Class 13 · of 118,Beshalach · Day 4,Day 132 · of 369,Chapter 11 · cycle 11,The Garden of Knowledge · cycle 11 of 13,Phase 11 · day 2 of 13,Gate 4 · Gate 5 · Gate 6 · day 2 of 13,Parah Adumah · Tumat Tzara'at · Metamei Mishkav u'Moshav · set 5 of 14 · day 20 of 28,Temurah 31 · review,Story 132 · Parshat Beshalach
133,2027-01-21,13 Shevat,Beshalach,Torah 135 · KST § 123 (p. 70) · Lo Taaseh 205–206,א Alef · מא · set 7 · day 1 of 22,Malchut shebeHod · shebeTiferet · day 35 of 49,מצר · 60 of 72 · יָקִים 12 · פָּנָיו,Winter · 42 of 91 · Ratzo · F2 letter 19 · Eicha 2:19 · ק,1st cycle 11 · day 3 of 13 · Chesed Le'Avraham,Year-Cycle 4 · day 10 of 55,OC 265–266 · Orach Chaim · 265 of 728,Beshalach · D5 · P4 · C3,set 5 · 21/28 · Libational Wine 3–4,Torah 135 · Zohar II 50–53,§ 123 (p. 70) · Beshalach,Lo Taaseh 205–206,LT Vayikra · Folio 33 · day 133 of 364,Prayer 66 — second half · day 133 of 364,"Tosefta Nedarim 6, 7 &amp; Tosefta Nazir 1, 2 · Week 19 · Day 7",Jeremiah 52 &amp; Ezekiel 1 · Week 19 · Day 7,Chapter 11 · cycle 11 · day 3 of 13,Sichos HaRan · §133 of 308 · day 133 of 369,OC 265–266 · half-days 265 & 266,Beshalach,Rav Pe’alim · Vol II · Orach Chayim 28 · Vol II · Orach Chayim 29,Se’if ה׳ · day 3 of 13,כִּי קָרוֹב אֵלֶיךָ הַדָבָר מְאֹד בְּפִיךָ וּבִּלְבָבְךָ לַעֲשׂוֹתוֹ · דברים ל:יד,Libational Wine 3–4,Chagigah · 7a · Tu B'Shvat,Emunah — 10/27 · Emunah — 11/27,Story 31 · 32 · Beshalach,Temurah 32 · תְּמוּרָה,Class 14 · of 118,Beshalach · Day 5,Day 133 · of 369,Chapter 11 · cycle 11,The Garden of Knowledge · cycle 11 of 13,Phase 11 · day 3 of 13,Gate 7 · Gate 8 · Gate 9 · day 3 of 13,She'ar Avot HaTumot · Tumat Ochlin · Kelim · set 5 of 14 · day 21 of 28,Temurah 32 · review,Story 133 · Parshat Beshalach
134,2027-01-22,14 Shevat,Beshalach,Torah 136 · KST § 124 (p. 70) · Lo Taaseh 204–207,ב Bet · נב · set 7 · day 2 of 22,Chesed shebeYesod · shebeTiferet · day 36 of 49,ומב · 61 of 72 · חֻפָּה 13 · פָּנָיו,Winter · 43 of 91 · Ratzo · F2 letter 20 · Eicha 2:20 · ר,1st cycle 11 · day 4 of 13 · Chesed Le'Avraham,Year-Cycle 4 · day 11 of 55,OC 267–268 · Orach Chaim · 267 of 728,Beshalach · D6 · P4 · C3,set 5 · 22/28 · Wine Vessels 1 · Idol Worship 1,Torah 136 · Zohar II 54–55,§ 124 (p. 70) · Beshalach,Lo Taaseh 204–207,LT Vayikra · Folio 34 · day 134 of 364,Prayer 67 — first half · day 134 of 364,Ketubot 12 & 13 · Week 20 · Day 1,Ezekiel 2 & 3 · Week 20 · Day 1,Chapter 11 · cycle 11 · day 4 of 13,Sichos HaRan · §134 of 308 · day 134 of 369,OC 267–268 · half-days 267 & 268,Beshalach,Ben Ish Chai · Halachot,Se’if ו׳ · day 4 of 13,וְהִנֵה ה׳ נִצָב עָלָיו וּמְלֹא כָל הָאָרֶץ כּבוֹדוֹ וּמַבִּיט עָלָיו וּבוֹחֵן כְּלָיוֹת וָלֵב אִם עוֹבְדוֹ כָּרָאוּי · תניא פרק מא,Wine Vessels 1 · Idol Worship 1,Chagigah · 7a · Tu B'Shvat,Emunah — 10/27 · Emunah — 11/27,Story 31 · 32 · Beshalach,Temurah 33 · תְּמוּרָה,Class 15 · of 118,Beshalach · Day 6,Day 134 · of 369,Chapter 11 · cycle 11,The Garden of Knowledge · cycle 11 of 13,Phase 11 · day 4 of 13,Gate 10 · Gate 11 · Gate 12 · day 4 of 13,Mikvaot · Nizkei Mamon · Genevah · set 5 of 14 · day 22 of 28,Temurah 33 · review,Story 134 · Parshat Beshalach
135,2027-01-23,15 Shevat,Beshalach,Torah 137 · KST § 125–126 (p. 70) · Lo Taaseh 208–209,ג Gimmel · מג · set 7 · day 3 of 22,Gevurah shebeYesod · shebeTiferet · day 37 of 49,יהה · 62 of 72 · יֶשֶׁבְאָב 14 · פָּנָיו,Winter · 44 of 91 · Ratzo · F2 letter 21 · Eicha 2:21 · ש,1st cycle 11 · day 5 of 13 · Chesed Le'Avraham,Year-Cycle 4 · day 12 of 55,OC 269–270 · Orach Chaim · 269 of 728,Beshalach · D7 · P4 · C3,set 5 · 23/28 · Idol Worship 2–3 · Beshalach,Torah 137 · Zohar II 56–57,§ 125–126 (p. 70) · Beshalach,Lo Taaseh 208–209,LT Vayikra · Folio 35 · day 135 of 364,Prayer 67 — second half · day 135 of 364,Nedarim 1 & 2 · Week 20 · Day 2,Ezekiel 4 & 5 · Week 20 · Day 2,Chapter 11 · cycle 11 · day 5 of 13,Sichos HaRan · §135 of 308 · day 135 of 369,OC 269–270 · half-days 269 & 270,Beshalach,Ben Ish Chai · Drash · Beshalach · Drash,Se’if ז׳ · day 5 of 13,בְּרֵאשִׁית בָּרָא אֶלֹקִים אֵת הַשָׁמַיִם וְאֵת הָאָרֶץ · בראשית א:א,Idol Worship 2–3,Chagigah · 7a · Tu B'Shvat,Emunah — 10/27 · Emunah — 11/27,Story 31 · 32 · Beshalach,Temurah 34 · תְּמוּרָה,Class 16 · of 118,Sefer Yetzirah · 2:2,Day 135 · of 369,Chapter 11 · cycle 11,The Garden of Knowledge · cycle 11 of 13,Phase 11 · day 5 of 13,Gate 13 · Gate 14 · Gate 15 · day 5 of 13,Gezelah v'Avedah · Chovel u'Mazik · Rotze'ach u'Shmirat Ne · set 5 of 14 · day 23 of 28,Temurah 34 · review,Story 135 · Parshat Beshalach
136,2027-01-24,16 Shevat,Yitro,Torah 138 · KST § 127 (p. 71) · Lo Taaseh 207–210,ד Dalet · נד · set 7 · day 4 of 22,Tiferet shebeYesod · shebeTiferet · day 38 of 49,ענו · 63 of 72 · בִּלְגָּה 15 · פָּנָיו,Winter · 45 of 91 · Ratzo · F2 letter 22 · Eicha 2:22 · ת,1st cycle 11 · day 6 of 13 · Chesed Le'Avraham,Year-Cycle 4 · day 13 of 55,OC 271–272 · Orach Chaim · 271 of 728,Yitro · D1 · P5 · C3,set 5 · 24/28 · Interest 1–2,Torah 138 · Zohar II 58–59,§ 127 (p. 71) · Yitro,Lo Taaseh 207–210,LT Vayikra · Folio 36 · day 136 of 364,Prayer 68 — first half · day 136 of 364,Nedarim 3 & 4 · Week 20 · Day 3,Ezekiel 6 & 7 · Week 20 · Day 3,Chapter 11 · cycle 11 · day 6 of 13,Sichos HaRan · §136 of 308 · day 136 of 369,OC 271–272 · half-days 271 & 272,Yitro,Rav Pe’alim · Vol II · Orach Chayim 30 · Vol II · Orach Chayim 31,Se’if ח׳ · day 6 of 13,וְשִׁנַנְתָּם לְבָנֶיךָ וְדִבַּרְתָּ בָּם בְּשִׁבְתְּךָ בְּבֵיתֶךָ וּבְלֶכְתְּךָ בַדֶרֶךְ וּבְשָׁכְבְּךָ וּבְקוּמֶךָ · דברים ו:ז,Interest 1–2,Chagigah · 7a · Tu B'Shvat,Emunah — 12/27 · Emunah — 13/27,Story 33 · 34 · Yitro,Keritot 2 · כְּרִיתוֹת,Class 17 · of 118,Yitro · Day 1,Day 136 · of 369,Chapter 11 · cycle 11,The Garden of Knowledge · cycle 11 of 13,Phase 11 · day 6 of 13,Gate 16 · Gate 17 · Gate 18 · day 6 of 13,Mechirah · Zechiyah u'Matanah · Shecheinim · set 5 of 14 · day 24 of 28,Keritot 2 · review,Story 136 · Parshat Yitro
137,2027-01-25,17 Shevat,Yitro,Torah 139 · KST § 128 (p. 72) · Lo Taaseh 211–212,ה Heh · מה · set 7 · day 5 of 22,Netzach shebeYesod · shebeTiferet · day 39 of 49,מחי · 64 of 72 · אִמֵּר 16 · פָּנָיו,Winter · 46 of 91 · Heart of the season · Eicha 5,1st cycle 11 · day 7 of 13 · Chesed Le'Avraham,Year-Cycle 4 · day 14 of 55,OC 273–274 · Orach Chaim · 273 of 728,Yitro · D2 · P5 · C3,set 5 · 25/28 · Interest 3–4,Torah 139 · Zohar II 60–61,§ 128 (p. 72) · Yitro,Lo Taaseh 211–212,LT Vayikra · Folio 37 · day 137 of 364,Prayer 68 — second half · day 137 of 364,Nedarim 5 & 6 · Week 20 · Day 4,Ezekiel 8 & 9 · Week 20 · Day 4,Chapter 11 · cycle 11 · day 7 of 13,Sichos HaRan · §137 of 308 · day 137 of 369,OC 273–274 · half-days 273 & 274,Yitro,Rav Pe’alim · Vol II · Orach Chayim 32 · Vol II · Orach Chayim 33,Se’if ט׳ · day 7 of 13,"יָגַעְתִּי וְלֹא מָצָאתִי אַל תַּאַמִין לֹא יָגַעְתִּי וּמָצָאתִי אַל תַּאַמִין יָגַעְתִּי וּמָצָאתִי תַּאַמִין · מגילה ו,ב",Interest 3–4,Chagigah · 7a · Tu B'Shvat,Emunah — 12/27 · Emunah — 13/27,Story 33 · 34 · Yitro,Keritot 3 · כְּרִיתוֹת,Class 18 · of 118,Yitro · Day 2,Day 137 · of 369,Chapter 11 · cycle 11,The Garden of Knowledge · cycle 11 of 13,Phase 11 · day 7 of 13,Gate 19 · Gate 20 · Gate 21 · day 7 of 13,Shluchin v'Shutafin · Avadim · Sechirut · set 5 of 14 · day 25 of 28,Keritot 3 · review,Story 137 · Parshat Yitro
138,2027-01-26,18 Shevat,Yitro,Torah 140 · KST § 129 (p. 72) · Lo Taaseh 210–213,ו Vav · נו · set 7 · day 6 of 22,Hod shebeYesod · shebeTiferet · day 40 of 49,דמב · 65 of 72 · חֵזִיר 17 · פָּנָיו,Winter · 47 of 91 · Shov · F3 letter 1 · Eicha 3:1–3 · א,1st cycle 11 · day 8 of 13 · Chesed Le'Avraham,Year-Cycle 4 · day 15 of 55,OC 275–276 · Orach Chaim · 275 of 728,Yitro · D3 · P5 · C3,set 5 · 26/28 · Interest 5 · Idolatrous Practices 1,Torah 140 · Zohar II 62–63,§ 129 (p. 72) · Yitro,Lo Taaseh 210–213,LT Vayikra · Folio 38 · day 138 of 364,Prayer 69 — first half · day 138 of 364,Nedarim 7 & 8 · Week 20 · Day 5,Ezekiel 10 & 11 · Week 20 · Day 5,Chapter 11 · cycle 11 · day 8 of 13,Sichos HaRan · §138 of 308 · day 138 of 369,OC 275–276 · half-days 275 & 276,Yitro,Rav Pe’alim · Vol II · Orach Chayim 34 · Vol II · Orach Chayim 35,Se’if י׳ · day 8 of 13,וְאָהַבְתָּ לְרֵעַךָ כָּמוֹךָ – רַבִּי עַקִיבָא אוֹמֵר זֶה כְּלָל גָדוֹל בַּתּוֹרָה · ויקרא יט:יח,Interest 5 · Idolatrous Practices 1,Chagigah · 7a · Tu B'Shvat,Emunah — 12/27 · Emunah — 13/27,Story 33 · 34 · Yitro,Keritot 4 · כְּרִיתוֹת,Class 19 · of 118,Yitro · Day 3,Day 138 · of 369,Chapter 11 · cycle 11,The Garden of Knowledge · cycle 11 of 13,Phase 11 · day 8 of 13,Gate 22 · Gate 23 · Gate 24 · day 8 of 13,She'elah u'Fikadon · Malveh v'Loveh · To'en v'Nit'an · set 5 of 14 · day 26 of 28,Keritot 4 · review,Story 138 · Parshat Yitro
139,2027-01-27,19 Shevat,Yitro,Torah 141 · KST § 130 (p. 73) · Lo Taaseh 214–215,ז Zayin · מז · set 7 · day 7 of 22,Yesod shebeYesod · shebeTiferet · day 41 of 49,מנק · 66 of 72 · הַפִּצֵּץ 18 · פָּנָיו,Winter · 48 of 91 · Shov · F3 letter 2 · Eicha 3:4–6 · ב,1st cycle 11 · day 9 of 13 · Chesed Le'Avraham,Year-Cycle 4 · day 16 of 55,OC 277–278 · Orach Chaim · 277 of 728,Yitro · D4 · P5 · C3,set 5 · 27/28 · Idolatrous Practices 2–3,Torah 141 · Zohar II 64–65,§ 130 (p. 73) · Yitro,Lo Taaseh 214–215,LT Vayikra · Folio 39 · day 139 of 364,Prayer 69 — second half · day 139 of 364,"Tosefta Nazir 3, 4, 5, 6 · Week 20 · Day 6",Ezekiel 12 & 13 · Week 20 · Day 6,Chapter 11 · cycle 11 · day 9 of 13,Sichos HaRan · §139 of 308 · day 139 of 369,OC 277–278 · half-days 277 & 278,Yitro,Rav Pe’alim · Vol II · Orach Chayim 36 · Vol II · Orach Chayim 37,Se’if י״א · day 9 of 13,וְזֶה כָּל הָאָדָם וְתַכְלִית בְּרִיאָתוֹ וּבְרִיאַת כָּל הָעוֹלָמוֹת עֶלְיוֹנִים וְתַּחְתּוֹנִים לִהְיוֹת לוֹ דִירָה זוֹ בְּתַּחְתּוֹנִים · תניא פרק לג,Idolatrous Practices 2–3,Chagigah · 7a · Tu B'Shvat,Emunah — 12/27 · Emunah — 13/27,Story 33 · 34 · Yitro,Keritot 5 · כְּרִיתוֹת,Class 20 · of 118,Yitro · Day 4,Day 139 · of 369,Chapter 11 · cycle 11,The Garden of Knowledge · cycle 11 of 13,Phase 11 · day 9 of 13,Gate 25 · Gate 26 · Gate 27 · day 9 of 13,Nachalot · Sanhedrin · Edut · set 5 of 14 · day 27 of 28,Keritot 5 · review,Story 139 · Parshat Yitro
140,2027-01-28,20 Shevat,Yitro,Torah 142 · KST § 131 (p. 73) · Lo Taaseh 213–216,ח Chet · נח · set 7 · day 8 of 22,Malchut shebeYesod · shebeTiferet · day 42 of 49,איע · 67 of 72 · פְּתַחְיָה 19 · פָּנָיו,Winter · 49 of 91 · Shov · F3 letter 3 · Eicha 3:7–9 · ג,1st cycle 11 · day 10 of 13 · Chesed Le'Avraham,Year-Cycle 4 · day 17 of 55,OC 279–280 · Orach Chaim · 279 of 728,Yitro · D5 · P5 · C3,set 5 · 28/28 · Sourcerers and Enchanters 1–2,Torah 142 · Zohar II 66–69,§ 131 (p. 73) · Yitro,Lo Taaseh 213–216,LT Vayikra · Folio 40 · day 140 of 364,Prayer 70 — first half · day 140 of 364,"Tosefta Sotah 1, 2, 3, 4 · Week 20 · Day 7",Ezekiel 14 & 15 · Week 20 · Day 7,Chapter 11 · cycle 11 · day 10 of 13,Sichos HaRan · §140 of 308 · day 140 of 369,OC 279–280 · half-days 279 & 280,Yitro,Rav Pe’alim · Vol II · Orach Chayim 38 · Vol II · Orach Chayim 39,Se’if י״ב · day 10 of 13,יִשְׂמַח יִשְׂרָאֵל בְּעוֹשָׂיו פֵּירוּש שֶׁכָּל מִי שֶׁהוּא מִזֶרַע יִשְׂרָאֵל יֵשׁ לוֹ לִשְׂמוֹחַ בְּשִׂמְחַת ה׳ אַשֶׁר שָׂשׂ וְשָׂמֵחַ בְּדִירָתוֹ בְּתַּחְתּוֹנִים · תניא פרק לג,Sourcerers and Enchanters 1–2,Chagigah · 7a · Tu B'Shvat,Emunah — 12/27 · Emunah — 13/27,Story 33 · 34 · Yitro,Keritot 6 · כְּרִיתוֹת,Class 21 · of 118,Yitro · Day 5,Day 140 · of 369,Chapter 11 · cycle 11,The Garden of Knowledge · cycle 11 of 13,Phase 11 · day 10 of 13,Gate 28 · Gate 29 · Gate 30 · day 10 of 13,Mamrim · Evel · Melachim u'Milchamos · set 5 of 14 · day 28 of 28,Keritot 6 · review,Story 140 · Parshat Yitro
141,2027-01-29,21 Shevat,Yitro,Torah 143 · KST § 132 (p. 74) · Lo Taaseh 217–218,ט Tet · מט · set 7 · day 9 of 22,Chesed shebeMalchut · shebeTiferet · day 43 of 49,חבו · 68 of 72 · יְחֶזְקֵאל 20 · פָּנָיו,Winter · 50 of 91 · Shov · F3 letter 4 · Eicha 3:10–12 · ד,1st cycle 11 · day 11 of 13 · Chesed Le'Avraham,Year-Cycle 4 · day 18 of 55,OC 281–282 · Orach Chaim · 281 of 728,Yitro · D6 · P5 · C3,set 6 · 1/28 · Sourcerers and Enchanters 3 · Shaving and Tatooing 1,Torah 143 · Zohar II 70–71,§ 132 (p. 74) · Yitro,Lo Taaseh 217–218,LT Vayikra · Folio 41 · day 141 of 364,Prayer 70 — second half · day 141 of 364,Nedarim 9 & 10 · Week 21 · Day 1,Ezekiel 16 & 17 · Week 21 · Day 1,Chapter 11 · cycle 11 · day 11 of 13,Sichos HaRan · §141 of 308 · day 141 of 369,OC 281–282 · half-days 281 & 282,Yitro,Ben Ish Chai · Halachot,Overview · day 11 of 13,"All twelve · Mivtza Chinuch, 5736",Sourcerers and Enchanters 3 · Shaving and Tatooing 1,Chagigah · 7a · Tu B'Shvat,Emunah — 12/27 · Emunah — 13/27,Story 33 · 34 · Yitro,Keritot 7 · כְּרִיתוֹת,Class 22 · of 118,Yitro · Day 6,Day 141 · of 369,Chapter 11 · cycle 11,The Garden of Knowledge · cycle 11 of 13,Phase 11 · day 11 of 13,Gate 31 · Gate 32 · Ohr Ne’erav I · day 11 of 13,Enumeration of the 613 Mitzvos · Yesodei HaTorah · De'ot · set 6 of 14 · day 1 of 28,Keritot 7 · review,Story 141 · Parshat Yitro
142,2027-01-30,22 Shevat,Yitro,Torah 144 · KST § 133–134 (p. 74) · Lo Taaseh 216–219,י Yud · ני · set 7 · day 10 of 22,Gevurah shebeMalchut · shebeTiferet · day 44 of 49,ראה · 69 of 72 · יָכִין 21 · פָּנָיו,Winter · 51 of 91 · Shov · F3 letter 5 · Eicha 3:13–15 · ה,1st cycle 11 · day 12 of 13 · Chesed Le'Avraham,Year-Cycle 4 · day 19 of 55,OC 283–284 · Orach Chaim · 283 of 728,Yitro · D7 · P5 · C3,set 6 · 2/28 · Shaving and Tatooing 2–3 · Yitro,Torah 144 · Zohar II 72–73,§ 133–134 (p. 74) · Yitro,Lo Taaseh 216–219,LT Vayikra · Folio 42 · day 142 of 364,Prayer 71 — first half · day 142 of 364,Nedarim 11 &amp; Nazir 1 · Week 21 · Day 2,Ezekiel 18 & 19 · Week 21 · Day 2,Chapter 11 · cycle 11 · day 12 of 13,Sichos HaRan · §142 of 308 · day 142 of 369,OC 283–284 · half-days 283 & 284,Yitro,Ben Ish Chai · Drash · Yitro · Drash,Se’if א׳ · day 12 of 13,תּוֹרָה צִוָה לָנוּ מֹשֶׁה מוֹרָשָׁה קְהִלַת יַעֲקֹב · דברים לג:ד,Shaving and Tatooing 2–3,Chagigah · 7a · Tu B'Shvat,Emunah — 12/27 · Emunah — 13/27,Story 33 · 34 · Yitro,Keritot 8 · כְּרִיתוֹת,Class 23 · of 118,Sefer Yetzirah · 2:3,Day 142 · of 369,Chapter 11 · cycle 11,The Garden of Knowledge · cycle 11 of 13,Phase 11 · day 12 of 13,Ohr Ne’erav II · Ohr Ne’erav III · Ohr Ne’erav IV · day 12 of 13,Talmud Torah · Avodah Zarah · Teshuvah · set 6 of 14 · day 2 of 28,Keritot 8 · review,Story 142 · Parshat Yitro
143,2027-01-31,23 Shevat,Mishpatim,Torah 145 · KST § 135 (p. 75) · Lo Taaseh 220–221,כ Kaf · מכ · set 7 · day 11 of 22,Tiferet shebeMalchut · shebeTiferet · day 45 of 49,יבמ · 70 of 72 · גָּמוּל 22 · פָּנָיו,Winter · 52 of 91 · Shov · F3 letter 6 · Eicha 3:16–18 · ו,1st cycle 11 · day 13 of 13 · Chesed Le'Avraham,Year-Cycle 4 · day 20 of 55,OC 285–286 · Orach Chaim · 285 of 728,Mishpatim · D1 · P6 · C3,set 6 · 3/28 · Shaving 1–2,Torah 145 · Zohar II 74–75,§ 135 (p. 75) · Mishpatim,Lo Taaseh 220–221,LT Vayikra · Folio 43 · day 143 of 364,Prayer 71 — second half · day 143 of 364,Nazir 2 & 3 · Week 21 · Day 3,Ezekiel 20 & 21 · Week 21 · Day 3,Chapter 11 · cycle 11 · day 13 of 13,Sichos HaRan · §143 of 308 · day 143 of 369,OC 285–286 · half-days 285 & 286,Mishpatim,Rav Pe’alim · Vol II · Orach Chayim 40 · Vol II · Orach Chayim 41,Se’if ב׳ · day 13 of 13,שְׁמַע יִשְׂרָאֵל ה׳ אֶלֹקֵינוּ ה׳ אֶחָד · דברים ו:ד,Shaving 1–2,Chagigah · 7a · Tu B'Shvat,Emunah — 14/27 · Emunah — 15/27,Story 35 · 36 · Mishpatim,Keritot 9 · כְּרִיתוֹת,Class 24 · of 118,Mishpatim · Day 1,Day 143 · of 369,Chapter 11 · cycle 11,The Garden of Knowledge · cycle 11 of 13,Phase 11 · day 13 of 13,Ohr Ne’erav V · Ohr Ne’erav VI · Ohr Ne’erav VII · day 13 of 13,"Kriat Shema · Tefilah u'Birkat Kohanim · Tefillin, Mezuzah · set 6 of 14 · day 3 of 28",Keritot 9 · review,Story 143 · Parshat Mishpatim
144,2027-02-01,24 Shevat,Mishpatim,Torah 146 · KST § 136 (p. 75) · Lo Taaseh 219–222,ל Lamed · נל · set 7 · day 12 of 22,Netzach shebeMalchut · shebeTiferet · day 46 of 49,היי · 71 of 72 · דְּלָיָהוּ 23 · פָּנָיו,Winter · 53 of 91 · Shov · F3 letter 7 · Eicha 3:19–21 · ז,1st cycle 12 · day 1 of 13 · Asher Nishba'ta La'avoteinu,Year-Cycle 4 · day 21 of 55,OC 287–288 · Orach Chaim · 287 of 728,Mishpatim · D2 · P6 · C3,set 6 · 4/28 · Shaving 3–4,Torah 146 · Zohar II 76–77,§ 136 (p. 75) · Mishpatim,Lo Taaseh 219–222,LT Vayikra · Folio 44 · day 144 of 364,Prayer 72 — first half · day 144 of 364,Nazir 4 & 5 · Week 21 · Day 4,Ezekiel 22 & 23 · Week 21 · Day 4,Chapter 12 · cycle 12 · day 1 of 13,Sichos HaRan · §144 of 308 · day 144 of 369,OC 287–288 · half-days 287 & 288,Mishpatim,Rav Pe’alim · Vol II · Orach Chayim 42 · Vol II · Orach Chayim 43,Se’if ג׳ · day 1 of 13,"בְּכָל דוֹר וָדוֹר חַיָיב אָדָם לִרְאוֹת אֶת עַצְמוֹ כְּאִלוּ הוּא יָצָא מִמִצְרָיִם · פסחים קטז,ב",Shaving 3–4,Yevamot · 7b · 22nd Shvat,Emunah — 14/27 · Emunah — 15/27,Story 35 · 36 · Mishpatim,Keritot 10 · כְּרִיתוֹת,Class 25 · of 118,Mishpatim · Day 2,Day 144 · of 369,Chapter 12 · cycle 12,The Garden of Healing · cycle 12 of 13,Phase 12 · day 1 of 13,Gate 1 · Gate 2 · Gate 3 · day 1 of 13,Tzitzit · Berachot · Milah · set 6 of 14 · day 4 of 28,Keritot 10 · review,Story 144 · Parshat Mishpatim
145,2027-02-02,25 Shevat,Mishpatim,Torah 147 · KST § 137 (p. 76) · Lo Taaseh 223–224,מ Mem · מנ · set 7 · day 13 of 22,Hod shebeMalchut · shebeTiferet · day 47 of 49,מום · 72 of 72 · מַעַזְיָהוּ 24 · פָּנָיו,Winter · 54 of 91 · Shov · F3 letter 8 · Eicha 3:22–24 · ח,1st cycle 12 · day 2 of 13 · Asher Nishba'ta La'avoteinu,Year-Cycle 4 · day 22 of 55,OC 289–290 · Orach Chaim · 289 of 728,Mishpatim · D3 · P6 · C3,set 6 · 5/28 · Shaving 5 · Forbidden Dresss 1,Torah 147 · Zohar II 78–79,§ 137 (p. 76) · Mishpatim,Lo Taaseh 223–224,LT Vayikra · Folio 45 · day 145 of 364,Prayer 72 — second half · day 145 of 364,Nazir 6 & 7 · Week 21 · Day 5,Ezekiel 24 & 25 · Week 21 · Day 5,Chapter 12 · cycle 12 · day 2 of 13,Sichos HaRan · §145 of 308 · day 145 of 369,OC 289–290 · half-days 289 & 290,Mishpatim,Rav Pe’alim · Vol II · Orach Chayim 44 · Vol II · Orach Chayim 45,Se’if ד׳ · day 2 of 13,"כָּל יִשְׂרָאֵל יֵשׁ לָהֶם חֵלֶק לְעוֹלָם הַבָּא שֶׁנֶאֱמַר וְעַמֵךְ כּוּלָם צַדִיקִים לְעוֹלָם יִירְשׁוּ אָרֶץ נֵצֶר מַטָעַי מַעֲשֵׂה יָדַי לְהִתְפָּאֵר · סנהדרין צ,א",Shaving 5 · Forbidden Dresss 1,Yevamot · 7b · 22nd Shvat,Emunah — 14/27 · Emunah — 15/27,Story 35 · 36 · Mishpatim,Keritot 11 · כְּרִיתוֹת,Class 26 · of 118,Mishpatim · Day 3,Day 145 · of 369,Chapter 12 · cycle 12,The Garden of Healing · cycle 12 of 13,Phase 12 · day 2 of 13,Gate 4 · Gate 5 · Gate 6 · day 2 of 13,Shabbat · Eruvin · Shevitat Asor · set 6 of 14 · day 5 of 28,Keritot 11 · review,Story 145 · Parshat Mishpatim
146,2027-02-03,26 Shevat,Mishpatim,Torah 148 · KST § 138 (p. 76) · Lo Taaseh 222–225,נ Nun · נמ · set 7 · day 14 of 22,Yesod shebeMalchut · shebeTiferet · day 48 of 49,,Winter · 55 of 91 · Shov · F3 letter 9 · Eicha 3:25–27 · ט,1st cycle 12 · day 3 of 13 · Asher Nishba'ta La'avoteinu,Year-Cycle 4 · day 23 of 55,OC 291–292 · Orach Chaim · 291 of 728,Mishpatim · D4 · P6 · C3,set 6 · 6/28 · Forbidden Dresss 2–3,Torah 148 · Zohar II 80–81,§ 138 (p. 76) · Mishpatim,Lo Taaseh 222–225,LT Vayikra · Folio 46 · day 146 of 364,Prayer 73 — first half · day 146 of 364,"Tosefta Sotah 5, 6, 7, 8 · Week 21 · Day 6",Ezekiel 26 & 27 · Week 21 · Day 6,Chapter 12 · cycle 12 · day 3 of 13,Sichos HaRan · §146 of 308 · day 146 of 369,OC 291–292 · half-days 291 & 292,Mishpatim,Rav Pe’alim · Vol II · Orach Chayim 46 · Vol II · Orach Chayim 47,Se’if ה׳ · day 3 of 13,כִּי קָרוֹב אֵלֶיךָ הַדָבָר מְאֹד בְּפִיךָ וּבִּלְבָבְךָ לַעֲשׂוֹתוֹ · דברים ל:יד,Forbidden Dresss 2–3,Yevamot · 7b · 22nd Shvat,Emunah — 14/27 · Emunah — 15/27,Story 35 · 36 · Mishpatim,Keritot 12 · כְּרִיתוֹת,Class 27 · of 118,Mishpatim · Day 4,Day 146 · of 369,Chapter 12 · cycle 12,The Garden of Healing · cycle 12 of 13,Phase 12 · day 3 of 13,Gate 7 · Gate 8 · Gate 9 · day 3 of 13,"Shevitat Yom Tov · Chametz u'Matzah · Shofar, Sukkah v'Lul · set 6 of 14 · day 6 of 28",Keritot 12 · review,Story 146 · Parshat Mishpatim
147,2027-02-04,27 Shevat,Mishpatim,Torah 149 · KST § 139 (p. 77) · Lo Taaseh 226–227,ס Samech · סנ · set 7 · day 15 of 22,Malchut shebeMalchut · shebeTiferet · day 49 of 49,והו · 1 of 72 · יְהוֹיָרִיב 1 · אֵלֶיךָ,Winter · 56 of 91 · Shov · F3 letter 10 · Eicha 3:28–30 · י,1st cycle 12 · day 4 of 13 · Asher Nishba'ta La'avoteinu,Year-Cycle 4 · day 24 of 55,OC 293–294 · Orach Chaim · 293 of 728,Mishpatim · D5 · P6 · C3,set 6 · 7/28 · a Menstruant 1–2,Torah 149 · Zohar II 82–85,§ 139 (p. 77) · Mishpatim,Lo Taaseh 226–227,LT Vayikra · Folio 47 · day 147 of 364,Prayer 73 — second half · day 147 of 364,"Tosefta Sotah 9, 10, 11, 12 · Week 21 · Day 7",Ezekiel 28 & 29 · Week 21 · Day 7,Chapter 12 · cycle 12 · day 4 of 13,Sichos HaRan · §147 of 308 · day 147 of 369,OC 293–294 · half-days 293 & 294,Mishpatim,Rav Pe’alim · Vol II · Orach Chayim 48 · Vol II · Orach Chayim 49,Se’if ו׳ · day 4 of 13,וְהִנֵה ה׳ נִצָב עָלָיו וּמְלֹא כָל הָאָרֶץ כּבוֹדוֹ וּמַבִּיט עָלָיו וּבוֹחֵן כְּלָיוֹת וָלֵב אִם עוֹבְדוֹ כָּרָאוּי · תניא פרק מא,a Menstruant 1–2,Yevamot · 7b · 22nd Shvat,Emunah — 14/27 · Emunah — 15/27,Story 35 · 36 · Mishpatim,Keritot 13 · כְּרִיתוֹת,Class 28 · of 118,Mishpatim · Day 5,Day 147 · of 369,Chapter 12 · cycle 12,The Garden of Healing · cycle 12 of 13,Phase 12 · day 4 of 13,Gate 10 · Gate 11 · Gate 12 · day 4 of 13,Shekalim · Kiddush HaChodesh · Ta'aniyot · set 6 of 14 · day 7 of 28,Keritot 13 · review,Story 147 · Parshat Mishpatim
148,2027-02-05,28 Shevat,Mishpatim,Torah 150 · KST § 140 (p. 77) · Lo Taaseh 225–228,א · microcosm,Chesed shebeChesed · shebeNetzach · day 1 of 49,microcosm · 1 of 28 · יְהוֹיָרִיב 1,microcosm · season 1 · part 1 of 7,microcosm · cycle 1 · day 1 of 28 · Mi-El Kamocha,Year-Cycle 4 · day 25 of 55,OC 295–296 · Orach Chaim · 295 of 728,Mishpatim · D6 · P6 · C3,set 6 · 8/28 · Ritual Baths 1 · Vows 1,Torah 150 · Zohar II 86–87,§ 140 (p. 77) · Mishpatim,Lo Taaseh 225–228,Hosafa 1 of 28,Prayer 74 — first half · day 148 of 364,Nazir 8 & 9 · Week 22 · Day 1,Ezekiel 30 & 31 · Week 22 · Day 1,Talks Following the Tales,Sichos HaRan · §148 of 308 · day 148 of 369,OC 295–296 · half-days 295 & 296,Mishpatim,Ben Ish Chai · Halachot,Se’if ז׳ · day 5 of 13,בְּרֵאשִׁית בָּרָא אֶלֹקִים אֵת הַשָׁמַיִם וְאֵת הָאָרֶץ · בראשית א:א,Ritual Baths 1 · Vows 1,microcosm,Emunah — 14/27 · Emunah — 15/27,Story 35 · 36 · Mishpatim,Keritot 14 · כְּרִיתוֹת,Class 29 · of 118,Mishpatim · Day 6,Day 148 · of 369,Chapter 1 · Adar I microcosm,The Garden of Emuna · cycle 1 of 13,Phase 1 · day 5 of 13,Gate 1 · Gate 2 · Gate 3 · day 1 of 13,Megillah v'Chanukah · Ishut · Geirushin · set 6 of 14 · day 8 of 28,Keritot 14 · review,Story 148 · Parshat Mishpatim
149,2027-02-06,29 Shevat,Mishpatim,Torah 151 · KST § 141–142 (p. 77) · Lo Taaseh 229–230,ב · microcosm,Gevurah shebeChesed · shebeNetzach · day 2 of 49,microcosm · 2 of 28 · יְדַעְיָה 2,microcosm · season 1 · part 2 of 7,microcosm · cycle 2 · day 2 of 28 · Noseh Avon,Year-Cycle 4 · day 26 of 55,OC 297–298 · Orach Chaim · 297 of 728,Mishpatim · D7 · P6 · C3,set 6 · 9/28 · Vows 2–3 · Mishpatim,Torah 151 · Zohar II 88–89,§ 141–142 (p. 77) · Mishpatim,Lo Taaseh 229–230,Hosafa 2 of 28,Prayer 74 — second half · day 149 of 364,Sotah 1 & 2 · Week 22 · Day 2,Ezekiel 32 & 33 · Week 22 · Day 2,Talks Following the Tales,Sichos HaRan · §149 of 308 · day 149 of 369,OC 297–298 · half-days 297 & 298,Mishpatim,Ben Ish Chai · Drash · Mishpatim · Drash,Se’if ח׳ · day 6 of 13,וְשִׁנַנְתָּם לְבָנֶיךָ וְדִבַּרְתָּ בָּם בְּשִׁבְתְּךָ בְּבֵיתֶךָ וּבְלֶכְתְּךָ בַדֶרֶךְ וּבְשָׁכְבְּךָ וּבְקוּמֶךָ · דברים ו:ז,Vows 2–3,microcosm,Emunah — 14/27 · Emunah — 15/27,Story 35 · 36 · Mishpatim,Keritot 15 · כְּרִיתוֹת,Class 30 · of 118,Sefer Yetzirah · 2:4,Day 149 · of 369,Chapter 2 · Adar I microcosm,The Garden of Peace · cycle 2 of 13,Phase 2 · day 6 of 13,Gate 4 · Gate 5 · Gate 6 · day 2 of 13,Yibum v'Chalitzah · Na'arah Betulah · Sotah · set 6 of 14 · day 9 of 28,Keritot 15 · review,Story 149 · Parshat Mishpatim
150,2027-02-07,30 Shevat,Terumah,Torah 152 · KST § 143 (p. 78) · Lo Taaseh 228–231,ג · microcosm,Tiferet shebeChesed · shebeNetzach · day 3 of 49,microcosm · 3 of 28 · חָרִם 3,microcosm · season 1 · part 3 of 7,microcosm · cycle 3 · day 3 of 28 · Ve'over Al-Pesha,Year-Cycle 4 · day 27 of 55,OC 299–300 · Orach Chaim · 299 of 728,Terumah · D1 · P7 · C3,set 6 · 10/28 · Vows 4–5,Torah 152 · Zohar II 90–91,§ 143 (p. 78) · Terumah,Lo Taaseh 228–231,Hosafa 3 of 28,Prayer 75 — first half · day 150 of 364,Sotah 3 & 4 · Week 22 · Day 3,Ezekiel 34 & 35 · Week 22 · Day 3,Talks Following the Tales,Sichos HaRan · §150 of 308 · day 150 of 369,OC 299–300 · half-days 299 & 300,Terumah,Rav Pe’alim · Vol II · Orach Chayim 50 · Vol II · Orach Chayim 51,Se’if ט׳ · day 7 of 13,"יָגַעְתִּי וְלֹא מָצָאתִי אַל תַּאַמִין לֹא יָגַעְתִּי וּמָצָאתִי אַל תַּאַמִין יָגַעְתִּי וּמָצָאתִי תַּאַמִין · מגילה ו,ב",Vows 4–5,microcosm,Emunah — 16/27 · Emunah — 17/27,Story 37 · 38 · Terumah,Keritot 16 · כְּרִיתוֹת,Class 31 · of 118,Terumah · Day 1,Day 150 · of 369,Chapter 3 · Adar I microcosm,Women's Wisdom · cycle 3 of 13,Phase 3 · day 7 of 13,Gate 7 · Gate 8 · Gate 9 · day 3 of 13,Issurei Biah · Ma'achalot Assurot · Shechitah · set 6 of 14 · day 10 of 28,Keritot 16 · review,Story 150 · Parshat Terumah
151,2027-02-08,1 Adar I,Terumah,Torah 283 · KST § 144 (p. 78) · MT 1 of 14,ד · microcosm,Netzach shebeChesed · shebeNetzach · day 4 of 49,microcosm · 4 of 28 · שְׂעֹרִים 4,microcosm · season 1 · part 4 of 7,microcosm · cycle 4 · day 4 of 28 · Lish'eirit Nachalato,Year-Cycle 4 · day 28 of 55,OC 301–302 · Orach Chaim · 301 of 728,Terumah · D2 · P7 · C3,set 6 · 11/28 · Oaths 1–2,Torah 283 · Zohar II 92–93,§ 144 (p. 78) · Terumah,MT 1 of 14,Hosafa 4 of 28,Prayer 75 — second half · day 151 of 364,Sotah 5 & 6 · Week 22 · Day 4,Ezekiel 36 & 37 · Week 22 · Day 4,Talks Following the Tales,Sichos HaRan · §151 of 308 · day 151 of 369,OC 301–302 · half-days 301 & 302,Terumah,Rav Pe’alim · Vol II · Orach Chayim 52 · Vol II · Orach Chayim 53,Se’if י׳ · day 8 of 13,וְאָהַבְתָּ לְרֵעַךָ כָּמוֹךָ – רַבִּי עַקִיבָא אוֹמֵר זֶה כְּלָל גָדוֹל בַּתּוֹרָה · ויקרא יט:יח,Oaths 1–2,microcosm,Emunah — 16/27 · Emunah — 17/27,Story 37 · 38 · Terumah,Keritot 17 · כְּרִיתוֹת,Class 32 · of 118,Terumah · Day 2,Day 151 · of 369,Chapter 4 · Adar I microcosm,The Garden of Yearning · cycle 4 of 13,Phase 4 · day 8 of 13,Gate 10 · Gate 11 · Gate 12 · day 4 of 13,Shevuot · Nedarim · Nezirut · set 6 of 14 · day 11 of 28,Keritot 17 · review,Story 151 · Parshat Terumah
152,2027-02-09,2 Adar I,Terumah,Torah 284 · KST § 145 (p. 79) · MT 1 of 14,ה · microcosm,Hod shebeChesed · shebeNetzach · day 5 of 49,microcosm · 5 of 28 · מַלְכִּיָּה 5,microcosm · season 1 · part 5 of 7,microcosm · cycle 5 · day 5 of 28 · Lo Hechezik Le'ad Apo,Year-Cycle 4 · day 29 of 55,OC 303–304 · Orach Chaim · 303 of 728,Terumah · D3 · P7 · C3,set 6 · 12/28 · Honouring One's Father and Mother 1–2,Torah 284 · Zohar II 94–95,§ 145 (p. 79) · Terumah,MT 1 of 14,Hosafa 5 of 28,Prayer 76 — first half · day 152 of 364,Sotah 7 & 8 · Week 22 · Day 5,Ezekiel 38 & 39 · Week 22 · Day 5,Talks Following the Tales,Sichos HaRan · §152 of 308 · day 152 of 369,OC 303–304 · half-days 303 & 304,Terumah,Rav Pe’alim · Vol II · Orach Chayim 54 · Vol II · Orach Chayim 55,Se’if י״א · day 9 of 13,וְזֶה כָּל הָאָדָם וְתַכְלִית בְּרִיאָתוֹ וּבְרִיאַת כָּל הָעוֹלָמוֹת עֶלְיוֹנִים וְתַּחְתּוֹנִים לִהְיוֹת לוֹ דִירָה זוֹ בְּתַּחְתּוֹנִים · תניא פרק לג,Honouring One's Father and Mother 1–2,microcosm,Emunah — 16/27 · Emunah — 17/27,Story 37 · 38 · Terumah,Keritot 18 · כְּרִיתוֹת,Class 33 · of 118,Terumah · Day 3,Day 152 · of 369,Chapter 5 · Adar I microcosm,In Forest Fields · cycle 5 of 13,Phase 5 · day 9 of 13,Gate 13 · Gate 14 · Gate 15 · day 5 of 13,Erchin v'Charamin · Kilayim · Matnot Aniyim · set 6 of 14 · day 12 of 28,Keritot 18 · review,Story 152 · Parshat Terumah
153,2027-02-10,3 Adar I,Terumah,Torah 285 · KST § 146 (p. 79) · MT 2 of 14,ו · microcosm,Yesod shebeChesed · shebeNetzach · day 6 of 49,,microcosm · season 1 · part 6 of 7,microcosm · cycle 6 · day 6 of 28 · Ki Chafetz Chesed Hu,Year-Cycle 4 · day 30 of 55,OC 305–306 · Orach Chaim · 305 of 728,Terumah · D4 · P7 · C3,set 6 · 13/28 · Honouring One's Father and Mother 3–4,Torah 285 · Zohar II 96–97,§ 146 (p. 79) · Terumah,MT 2 of 14,Hosafa 6 of 28,Prayer 76 — second half · day 153 of 364,"Tosefta Sotah 13, 14, 15 &amp; Tosefta Gittin 1 · Week 22 · Day 6",Ezekiel 40 & 41 · Week 22 · Day 6,Talks Following the Tales,Sichos HaRan · §153 of 308 · day 153 of 369,OC 305–306 · half-days 305 & 306,Terumah,Rav Pe’alim · Vol II · Orach Chayim 56 · Vol II · Orach Chayim 57,Se’if י״ב · day 10 of 13,יִשְׂמַח יִשְׂרָאֵל בְּעוֹשָׂיו פֵּירוּש שֶׁכָּל מִי שֶׁהוּא מִזֶרַע יִשְׂרָאֵל יֵשׁ לוֹ לִשְׂמוֹחַ בְּשִׂמְחַת ה׳ אַשֶׁר שָׂשׂ וְשָׂמֵחַ בְּדִירָתוֹ בְּתַּחְתּוֹנִים · תניא פרק לג,Honouring One's Father and Mother 3–4,microcosm,Emunah — 16/27 · Emunah — 17/27,Story 37 · 38 · Terumah,Keritot 19 · כְּרִיתוֹת,Class 34 · of 118,Terumah · Day 4,Day 153 · of 369,Chapter 6 · Adar I microcosm,The Garden of Riches · cycle 6 of 13,Phase 6 · day 10 of 13,Gate 16 · Gate 17 · Gate 18 · day 6 of 13,Terumot · Ma'aserot · Ma'aser Sheni v'Neta Revai · set 6 of 14 · day 13 of 28,Keritot 19 · review,Story 153 · Parshat Terumah
154,2027-02-11,4 Adar I,Terumah,Torah 286 · KST § 147 (p. 80) · MT 2 of 14,ז · microcosm,Malchut shebeChesed · shebeNetzach · day 7 of 49,microcosm · 7 of 28 · מִיָּמִן 6,microcosm · season 1 · part 7 of 7,microcosm · cycle 7 · day 7 of 28 · Yashuv Yerachamenu,Year-Cycle 4 · day 31 of 55,OC 307–308 · Orach Chaim · 307 of 728,Terumah · D5 · P7 · C3,set 6 · 14/28 · Honouring One's Rabbi and a Torah Scholar 1–2,Torah 286 · Zohar II 98–101,§ 147 (p. 80) · Terumah,MT 2 of 14,Hosafa 7 of 28,Prayer 77 — first half · day 154 of 364,"Tosefta Gittin 2, 3, 4, 5 · Week 22 · Day 7",Ezekiel 42 & 43 · Week 22 · Day 7,Talks Following the Tales,Sichos HaRan · §154 of 308 · day 154 of 369,OC 307–308 · half-days 307 & 308,Terumah,Rav Pe’alim · Vol II · Orach Chayim 58 · Vol II · Orach Chayim 59,Overview · day 11 of 13,"All twelve · Mivtza Chinuch, 5736",Honouring One's Rabbi and a Torah Scholar 1–2,microcosm,Emunah — 16/27 · Emunah — 17/27,Story 37 · 38 · Terumah,Keritot 20 · כְּרִיתוֹת,Class 35 · of 118,Terumah · Day 5,Day 154 · of 369,Chapter 7 · Adar I microcosm,The Garden of Gratitude · cycle 7 of 13,Phase 7 · day 11 of 13,Gate 19 · Gate 20 · Gate 21 · day 7 of 13,Bikkurim · Shemitah v'Yovel · Beit HaBechirah · set 6 of 14 · day 14 of 28,Keritot 20 · review,Story 154 · Parshat Terumah
155,2027-02-12,5 Adar I,Terumah,Tinyana 93 · KST § 148 (p. 81) · MT 3 of 14,ח · microcosm,Chesed shebeGevurah · shebeNetzach · day 8 of 49,microcosm · 8 of 28 · הַקּוֹץ 7,microcosm · season 2 · part 1 of 7,microcosm · cycle 8 · day 8 of 28 · Yichbosh Avonoteinu,Year-Cycle 4 · day 32 of 55,OC 309–310 · Orach Chaim · 309 of 728,Terumah · D6 · P7 · C3,set 6 · 15/28 · Honouring One's Rabbi and a Torah Scholar 3 · Teachers 1,Tinyana 93 · Zohar II 102–103,§ 148 (p. 81) · Terumah,MT 3 of 14,Hosafa 8 of 28,Prayer 77 — second half · day 155 of 364,Sotah 9 &amp; Gittin 1 · Week 23 · Day 1,Ezekiel 44 & 45 · Week 23 · Day 1,Talks Following the Tales,Sichos HaRan · §155 of 308 · day 155 of 369,OC 309–310 · half-days 309 & 310,Terumah,Ben Ish Chai · Halachot,Se’if א׳ · day 12 of 13,תּוֹרָה צִוָה לָנוּ מֹשֶׁה מוֹרָשָׁה קְהִלַת יַעֲקֹב · דברים לג:ד,Honouring One's Rabbi and a Torah Scholar 3 · Teachers 1,microcosm,Emunah — 16/27 · Emunah — 17/27,Story 37 · 38 · Terumah,Keritot 21 · כְּרִיתוֹת,Class 36 · of 118,Terumah · Day 6,Day 155 · of 369,Chapter 8 · Adar I microcosm,The Garden of Education · cycle 8 of 13,Phase 8 · day 12 of 13,Gate 22 · Gate 23 · Gate 24 · day 8 of 13,Klei HaMikdash · Biat HaMikdash · Issurei Mizbe'ach · set 6 of 14 · day 15 of 28,Keritot 21 · review,Story 155 · Parshat Terumah
156,2027-02-13,6 Adar I,Terumah,Tinyana 94 · KST § 149–150 (p. 81) · MT 3 of 14,ט · microcosm,Gevurah shebeGevurah · shebeNetzach · day 9 of 49,microcosm · 9 of 28 · אֲבִיָּה 8,microcosm · season 2 · part 2 of 7,microcosm · cycle 9 · day 9 of 28 · Vetashlich Bimtzulot Yam,Year-Cycle 4 · day 33 of 55,OC 311–312 · Orach Chaim · 311 of 728,Terumah · D7 · P7 · C3,set 6 · 16/28 · Teachers 2–3 · Terumah,Tinyana 94 · Zohar II 104–105,§ 149–150 (p. 81) · Terumah,MT 3 of 14,Hosafa 9 of 28,Prayer 78 — first half · day 156 of 364,Gittin 2 & 3 · Week 23 · Day 2,Ezekiel 46 & 47 · Week 23 · Day 2,Talks Following the Tales,Sichos HaRan · §156 of 308 · day 156 of 369,OC 311–312 · half-days 311 & 312,Terumah,Ben Ish Chai · Drash · Terumah · Drash,Se’if ב׳ · day 13 of 13,שְׁמַע יִשְׂרָאֵל ה׳ אֶלֹקֵינוּ ה׳ אֶחָד · דברים ו:ד,Teachers 2–3,microcosm,Emunah — 16/27 · Emunah — 17/27,Story 37 · 38 · Terumah,Keritot 22 · כְּרִיתוֹת,Class 37 · of 118,Sefer Yetzirah · 2:5,Day 156 · of 369,Chapter 9 · Adar I microcosm,The Garden of Wisdom · cycle 9 of 13,Phase 9 · day 13 of 13,Gate 25 · Gate 26 · Gate 27 · day 9 of 13,Ma'aseh HaKorbanot · Temidin u'Musafin · Pesulei HaMukdash · set 6 of 14 · day 16 of 28,Keritot 22 · review,Story 156 · Parshat Terumah
157,2027-02-14,7 Adar I,Tetzaveh,Tinyana 95 · KST § 151 (p. 82) · MT 4 of 14,י · microcosm,Tiferet shebeGevurah · shebeNetzach · day 10 of 49,microcosm · 10 of 28 · יֵשׁוּעַ 9,microcosm · season 2 · part 3 of 7,microcosm · cycle 10 · day 10 of 28 · Titein Emet Le'Yaakov,Year-Cycle 4 · day 34 of 55,OC 313–314 · Orach Chaim · 313 of 728,Tetzaveh · D1 · P8 · C3,set 6 · 17/28 · Teachers 4 · Torah Study 1,Tinyana 95 · Zohar II 106–107,§ 151 (p. 82) · Tetzaveh,MT 4 of 14,Hosafa 10 of 28,Prayer 78 — second half · day 157 of 364,Gittin 4 & 5 · Week 23 · Day 3,Ezekiel 48 &amp; Hoshea 1 · Week 23 · Day 3,Talks Following the Tales,Sichos HaRan · §157 of 308 · day 157 of 369,OC 313–314 · half-days 313 & 314,Tetzaveh,Rav Pe’alim · Vol II · Orach Chayim 60 · Vol II · Orach Chayim 61,Se’if ג׳ · day 1 of 13,"בְּכָל דוֹר וָדוֹר חַיָיב אָדָם לִרְאוֹת אֶת עַצְמוֹ כְּאִלוּ הוּא יָצָא מִמִצְרָיִם · פסחים קטז,ב",Teachers 4 · Torah Study 1,microcosm,Emunah — 18/27 · Emunah — 19/27,Story 39 · 40 · Tetzaveh,Keritot 23 · כְּרִיתוֹת,Class 38 · of 118,Tetzaveh · Day 1,Day 157 · of 369,Chapter 10 · Adar I microcosm,The Garden of Purity · cycle 10 of 13,Phase 10 · day 1 of 13,Gate 28 · Gate 29 · Gate 30 · day 10 of 13,Avodat Yom HaKippurim · Me'ilah · Korban Pesach · set 6 of 14 · day 17 of 28,Keritot 23 · review,Story 157 · Parshat Tetzaveh
158,2027-02-15,8 Adar I,Tetzaveh,Tinyana 103 · KST § 152 (p. 83) · MT 4 of 14,כ · microcosm,Netzach shebeGevurah · shebeNetzach · day 11 of 49,microcosm · 11 of 28 · שְׁכַנְיָהוּ 10,microcosm · season 2 · part 4 of 7,microcosm · cycle 11 · day 11 of 28 · Chesed Le'Avraham,Year-Cycle 4 · day 35 of 55,OC 315–316 · Orach Chaim · 315 of 728,Tetzaveh · D2 · P8 · C3,set 6 · 18/28 · Torah Study 2–3,Tinyana 103 · Zohar II 108–109,§ 152 (p. 83) · Tetzaveh,MT 4 of 14,Hosafa 11 of 28,Prayer 79 — first half · day 158 of 364,Gittin 6 & 7 · Week 23 · Day 4,Hoshea 2 & 3 · Week 23 · Day 4,Talks Following the Tales,Sichos HaRan · §158 of 308 · day 158 of 369,OC 315–316 · half-days 315 & 316,Tetzaveh,Rav Pe’alim · Vol II · Orach Chayim 62 · Vol II · Orach Chayim 63,Se’if ד׳ · day 2 of 13,"כָּל יִשְׂרָאֵל יֵשׁ לָהֶם חֵלֶק לְעוֹלָם הַבָּא שֶׁנֶאֱמַר וְעַמֵךְ כּוּלָם צַדִיקִים לְעוֹלָם יִירְשׁוּ אָרֶץ נֵצֶר מַטָעַי מַעֲשֵׂה יָדַי לְהִתְפָּאֵר · סנהדרין צ,א",Torah Study 2–3,microcosm,Emunah — 18/27 · Emunah — 19/27,Story 39 · 40 · Tetzaveh,Keritot 24 · כְּרִיתוֹת,Class 39 · of 118,Tetzaveh · Day 2,Day 158 · of 369,Chapter 11 · Adar I microcosm,The Garden of Knowledge · cycle 11 of 13,Phase 11 · day 2 of 13,Gate 31 · Gate 32 · Ohr Ne’erav I · day 11 of 13,Chagigah · Bechorot · Shegagot · set 6 of 14 · day 18 of 28,Keritot 24 · review,Story 158 · Parshat Tetzaveh
159,2027-02-16,9 Adar I,Tetzaveh,Tinyana 104 · KST § 153 (p. 85) · MT 5 of 14,ל · microcosm,Hod shebeGevurah · shebeNetzach · day 12 of 49,,microcosm · season 2 · part 5 of 7,microcosm · cycle 12 · day 12 of 28 · Asher Nishba'ta La'avoteinu,Year-Cycle 4 · day 36 of 55,OC 317–318 · Orach Chaim · 317 of 728,Tetzaveh · D3 · P8 · C3,set 6 · 19/28 · Charity 1–2,Tinyana 104 · Zohar II 110–111,§ 153 (p. 85) · Tetzaveh,MT 5 of 14,Hosafa 12 of 28,Prayer 79 — second half · day 159 of 364,Gittin 8 & 9 · Week 23 · Day 5,Hoshea 4 & 5 · Week 23 · Day 5,Talks Following the Tales,Sichos HaRan · §159 of 308 · day 159 of 369,OC 317–318 · half-days 317 & 318,Tetzaveh,Rav Pe’alim · Vol II · Orach Chayim 64 · Vol II · Orach Chayim 65,Se’if ה׳ · day 3 of 13,כִּי קָרוֹב אֵלֶיךָ הַדָבָר מְאֹד בְּפִיךָ וּבִּלְבָבְךָ לַעֲשׂוֹתוֹ · דברים ל:יד,Charity 1–2,microcosm,Emunah — 18/27 · Emunah — 19/27,Story 39 · 40 · Tetzaveh,Keritot 25 · כְּרִיתוֹת,Class 40 · of 118,Tetzaveh · Day 3,Day 159 · of 369,Chapter 12 · Adar I microcosm,The Garden of Healing · cycle 12 of 13,Phase 12 · day 3 of 13,Ohr Ne’erav II · Ohr Ne’erav III · Ohr Ne’erav IV · day 12 of 13,Mechusrei Kapparah · Temurah · Tumat Met · set 6 of 14 · day 19 of 28,Keritot 25 · review,Story 159 · Parshat Tetzaveh
160,2027-02-17,10 Adar I,Tetzaveh,Tinyana 105 · KST § 154 (p. 86) · MT 5 of 14,מ · microcosm,Yesod shebeGevurah · shebeNetzach · day 13 of 49,microcosm · 13 of 28 · אֶלְיָשִׁיב 11,microcosm · season 2 · part 6 of 7,microcosm · cycle 13 · day 13 of 28 · Mimei Kedem,Year-Cycle 4 · day 37 of 55,OC 319–320 · Orach Chaim · 319 of 728,Tetzaveh · D4 · P8 · C3,set 6 · 20/28 · Charity 3 · Circumcision 1,Tinyana 105 · Zohar II 112–113,§ 154 (p. 86) · Tetzaveh,MT 5 of 14,Hosafa 13 of 28,Prayer 80 — first half · day 160 of 364,"Tosefta Gittin 6, 7 &amp; Tosefta Kiddushin 1, 2 · Week 23 · Day 6",Hoshea 6 & 7 · Week 23 · Day 6,Talks Following the Tales,Sichos HaRan · §160 of 308 · day 160 of 369,OC 319–320 · half-days 319 & 320,Tetzaveh,Rav Pe’alim · Vol II · Yoreh Deah 1 · Vol II · Yoreh Deah 2,Se’if ו׳ · day 4 of 13,וְהִנֵה ה׳ נִצָב עָלָיו וּמְלֹא כָל הָאָרֶץ כּבוֹדוֹ וּמַבִּיט עָלָיו וּבוֹחֵן כְּלָיוֹת וָלֵב אִם עוֹבְדוֹ כָּרָאוּי · תניא פרק מא,Charity 3 · Circumcision 1,microcosm,Emunah — 18/27 · Emunah — 19/27,Story 39 · 40 · Tetzaveh,Keritot 26 · כְּרִיתוֹת,Class 41 · of 118,Tetzaveh · Day 4,Day 160 · of 369,Chapter 13 · Adar I microcosm,Say Thank You and See Miracles (The Garden of Miracles) · cycle 13 of 13,Phase 13 · day 4 of 13,Ohr Ne’erav V · Ohr Ne’erav VI · Ohr Ne’erav VII · day 13 of 13,Parah Adumah · Tumat Tzara'at · Metamei Mishkav u'Moshav · set 6 of 14 · day 20 of 28,Keritot 26 · review,Story 160 · Parshat Tetzaveh
161,2027-02-18,11 Adar I,Tetzaveh,Tinyana 106 · KST § 155 (p. 87) · MT 6 of 14,נ · microcosm,Malchut shebeGevurah · shebeNetzach · day 14 of 49,microcosm · 14 of 28 · יָקִים 12,microcosm · season 2 · part 7 of 7,microcosm · cycle 14 · day 14 of 28 · Hashem,Year-Cycle 4 · day 38 of 55,OC 321–322 · Orach Chaim · 321 of 728,Tetzaveh · D5 · P8 · C3,set 6 · 21/28 · Circumcision 2–3,Tinyana 106 · Zohar II 114–117,§ 155 (p. 87) · Tetzaveh,MT 6 of 14,Hosafa 14 of 28,Prayer 80 — second half · day 161 of 364,"Tosefta Kiddushin 3, 4, 5 &amp; Tosefta Bava Kama 1 · Week 23 · Day 7",Hoshea 8 & 9 · Week 23 · Day 7,Talks Following the Tales,Sichos HaRan · §161 of 308 · day 161 of 369,OC 321–322 · half-days 321 & 322,Tetzaveh,Rav Pe’alim · Vol II · Yoreh Deah 3 · Vol II · Yoreh Deah 4,Se’if ז׳ · day 5 of 13,בְּרֵאשִׁית בָּרָא אֶלֹקִים אֵת הַשָׁמַיִם וְאֵת הָאָרֶץ · בראשית א:א,Circumcision 2–3,microcosm,Emunah — 18/27 · Emunah — 19/27,Story 39 · 40 · Tetzaveh,Keritot 27 · כְּרִיתוֹת,Class 42 · of 118,Tetzaveh · Day 5,Day 161 · of 369,Chapter 14 · Adar I microcosm,,Phase 14 · day 5 of 13,Gate 1 · Gate 2 · Gate 3 · day 1 of 13,She'ar Avot HaTumot · Tumat Ochlin · Kelim · set 6 of 14 · day 21 of 28,Keritot 27 · review,Story 161 · Parshat Tetzaveh
162,2027-02-19,12 Adar I,Tetzaveh,Tinyana 107 · KST § 156 (p. 87) · MT 6 of 14,ס · microcosm,Chesed shebeTiferet · shebeNetzach · day 15 of 49,microcosm · 15 of 28 · חֻפָּה 13,microcosm · season 3 · part 1 of 7,microcosm · cycle 15 · day 15 of 28 · Hashem,Year-Cycle 4 · day 39 of 55,OC 323–324 · Orach Chaim · 323 of 728,Tetzaveh · D6 · P8 · C3,set 6 · 22/28 · Circumcision 4–5,Tinyana 107 · Zohar II 118–119,§ 156 (p. 87) · Tetzaveh,MT 6 of 14,Hosafa 15 of 28,Prayer 81 — first half · day 162 of 364,Kiddushin 1 & 2 · Week 24 · Day 1,Hoshea 10 & 11 · Week 24 · Day 1,Talks Following the Tales,Sichos HaRan · §162 of 308 · day 162 of 369,OC 323–324 · half-days 323 & 324,Tetzaveh,Ben Ish Chai · Halachot,Se’if ח׳ · day 6 of 13,וְשִׁנַנְתָּם לְבָנֶיךָ וְדִבַּרְתָּ בָּם בְּשִׁבְתְּךָ בְּבֵיתֶךָ וּבְלֶכְתְּךָ בַדֶרֶךְ וּבְשָׁכְבְּךָ וּבְקוּמֶךָ · דברים ו:ז,Circumcision 4–5,microcosm,Emunah — 18/27 · Emunah — 19/27,Story 39 · 40 · Tetzaveh,Keritot 28 · כְּרִיתוֹת,Class 43 · of 118,Tetzaveh · Day 6,Day 162 · of 369,Chapter 15 · Adar I microcosm,,Phase 15 · day 6 of 13,Gate 4 · Gate 5 · Gate 6 · day 2 of 13,Mikvaot · Nizkei Mamon · Genevah · set 6 of 14 · day 22 of 28,Keritot 28 · review,Story 162 · Parshat Tetzaveh
163,2027-02-20,13 Adar I,Tetzaveh,Tinyana 108 · KST § 157–158 (p. 87) · MT 7 of 14,ע · microcosm,Gevurah shebeTiferet · shebeNetzach · day 16 of 49,microcosm · 16 of 28 · יֶשֶׁבְאָב 14,microcosm · season 3 · part 2 of 7,microcosm · cycle 16 · day 16 of 28 · El,Year-Cycle 4 · day 40 of 55,OC 325–326 · Orach Chaim · 325 of 728,Tetzaveh · D7 · P8 · C3,set 6 · 23/28 · Slaves 1–2 · Tetzaveh,Tinyana 108 · Zohar II 120–121,§ 157–158 (p. 87) · Tetzaveh,MT 7 of 14,Hosafa 16 of 28,Prayer 81 — second half · day 163 of 364,Kiddushin 3 & 4 · Week 24 · Day 2,Hoshea 12 & 13 · Week 24 · Day 2,Talks Following the Tales,Sichos HaRan · §163 of 308 · day 163 of 369,OC 325–326 · half-days 325 & 326,Tetzaveh,Ben Ish Chai · Drash · Tetzaveh · Drash,Se’if ט׳ · day 7 of 13,"יָגַעְתִּי וְלֹא מָצָאתִי אַל תַּאַמִין לֹא יָגַעְתִּי וּמָצָאתִי אַל תַּאַמִין יָגַעְתִּי וּמָצָאתִי תַּאַמִין · מגילה ו,ב",Slaves 1–2,microcosm,Emunah — 18/27 · Emunah — 19/27,Story 39 · 40 · Tetzaveh,Meilah 2 · מְעִילָה,Class 44 · of 118,Sefer Yetzirah · 2:6,Day 163 · of 369,Chapter 16 · Adar I microcosm,,Phase 16 · day 7 of 13,Gate 7 · Gate 8 · Gate 9 · day 3 of 13,Gezelah v'Avedah · Chovel u'Mazik · Rotze'ach u'Shmirat Ne · set 6 of 14 · day 23 of 28,Meilah 2 · review,Story 163 · Parshat Tetzaveh
164,2027-02-21,14 Adar I,Ki Tisa,Tinyana 109 · KST § 159 (p. 88) · MT 7 of 14,פ · microcosm,Tiferet shebeTiferet · shebeNetzach · day 17 of 49,microcosm · 17 of 28 · בִּלְגָּה 15,microcosm · season 3 · part 3 of 7,microcosm · cycle 17 · day 17 of 28 · Rachum,Year-Cycle 4 · day 41 of 55,OC 327–328 · Orach Chaim · 327 of 728,Ki Tisa · D1 · P1 · C4,set 6 · 24/28 · Converts 1–2,Tinyana 109 · Zohar II 122–123,§ 159 (p. 88) · Ki Tisa,MT 7 of 14,Hosafa 17 of 28,Prayer 82 — first half · day 164 of 364,Bava Kama 1 & 2 · Week 24 · Day 3,Hoshea 14 &amp; Joel 1 · Week 24 · Day 3,Talks Following the Tales,Sichos HaRan · §164 of 308 · day 164 of 369,OC 327–328 · half-days 327 & 328,Ki Tisa,Rav Pe’alim · Vol II · Yoreh Deah 5 · Vol II · Yoreh Deah 6,Se’if י׳ · day 8 of 13,וְאָהַבְתָּ לְרֵעַךָ כָּמוֹךָ – רַבִּי עַקִיבָא אוֹמֵר זֶה כְּלָל גָדוֹל בַּתּוֹרָה · ויקרא יט:יח,Converts 1–2,microcosm,Emunah — 20/27 · Emunah — 21/27,Story 41 · 42 · Ki Tisa,Meilah 3 · מְעִילָה,Class 45 · of 118,Ki Tisa · Day 1,Day 164 · of 369,Chapter 17 · Adar I microcosm,,Phase 17 · day 8 of 13,Gate 10 · Gate 11 · Gate 12 · day 4 of 13,Mechirah · Zechiyah u'Matanah · Shecheinim · set 6 of 14 · day 24 of 28,Meilah 3 · review,Story 164 · Parshat Ki Tisa
165,2027-02-22,15 Adar I,Ki Tisa,Tinyana 110 · KST § 160 (p. 89) · MT 8 of 14,צ · microcosm,Netzach shebeTiferet · shebeNetzach · day 18 of 49,,microcosm · season 3 · part 4 of 7,microcosm · cycle 18 · day 18 of 28 · Ve'chanun,Year-Cycle 4 · day 42 of 55,OC 329–330 · Orach Chaim · 329 of 728,Ki Tisa · D2 · P1 · C4,set 6 · 25/28 · Converts 3 · a Torah Scroll 1,Tinyana 110 · Zohar II 124–125,§ 160 (p. 89) · Ki Tisa,MT 8 of 14,Hosafa 18 of 28,Prayer 82 — second half · day 165 of 364,Bava Kama 3 & 4 · Week 24 · Day 4,Joel 2 & 3 · Week 24 · Day 4,Talks Following the Tales,Sichos HaRan · §165 of 308 · day 165 of 369,OC 329–330 · half-days 329 & 330,Ki Tisa,Rav Pe’alim · Vol II · Yoreh Deah 7 · Vol II · Yoreh Deah 8,Se’if י״א · day 9 of 13,וְזֶה כָּל הָאָדָם וְתַכְלִית בְּרִיאָתוֹ וּבְרִיאַת כָּל הָעוֹלָמוֹת עֶלְיוֹנִים וְתַּחְתּוֹנִים לִהְיוֹת לוֹ דִירָה זוֹ בְּתַּחְתּוֹנִים · תניא פרק לג,Converts 3 · a Torah Scroll 1,microcosm,Emunah — 20/27 · Emunah — 21/27,Story 41 · 42 · Ki Tisa,Meilah 4 · מְעִילָה,Class 46 · of 118,Ki Tisa · Day 2,Day 165 · of 369,Chapter 18 · Adar I microcosm,,Phase 18 · day 9 of 13,Gate 13 · Gate 14 · Gate 15 · day 5 of 13,Shluchin v'Shutafin · Avadim · Sechirut · set 6 of 14 · day 25 of 28,Meilah 4 · review,Story 165 · Parshat Ki Tisa
166,2027-02-23,16 Adar I,Ki Tisa,Tinyana 111 · KST § 161 (p. 89) · MT 8 of 14,ק · microcosm,Hod shebeTiferet · shebeNetzach · day 19 of 49,microcosm · 19 of 28 · אִמֵּר 16,microcosm · season 3 · part 5 of 7,microcosm · cycle 19 · day 19 of 28 · Erech Apayim,Year-Cycle 4 · day 43 of 55,OC 331–332 · Orach Chaim · 331 of 728,Ki Tisa · D3 · P1 · C4,set 6 · 26/28 · a Torah Scroll 2–3,Tinyana 111 · Zohar II 126–127,§ 161 (p. 89) · Ki Tisa,MT 8 of 14,Hosafa 19 of 28,Prayer 83 — first half · day 166 of 364,Bava Kama 5 & 6 · Week 24 · Day 5,Joel 4 &amp; Amos 1 · Week 24 · Day 5,Talks Following the Tales,Sichos HaRan · §166 of 308 · day 166 of 369,OC 331–332 · half-days 331 & 332,Ki Tisa,Rav Pe’alim · Vol II · Yoreh Deah 9 · Vol II · Yoreh Deah 10,Se’if י״ב · day 10 of 13,יִשְׂמַח יִשְׂרָאֵל בְּעוֹשָׂיו פֵּירוּש שֶׁכָּל מִי שֶׁהוּא מִזֶרַע יִשְׂרָאֵל יֵשׁ לוֹ לִשְׂמוֹחַ בְּשִׂמְחַת ה׳ אַשֶׁר שָׂשׂ וְשָׂמֵחַ בְּדִירָתוֹ בְּתַּחְתּוֹנִים · תניא פרק לג,a Torah Scroll 2–3,microcosm,Emunah — 20/27 · Emunah — 21/27,Story 41 · 42 · Ki Tisa,Meilah 5 · מְעִילָה,Class 47 · of 118,Ki Tisa · Day 3,Day 166 · of 369,Chapter 19 · Adar I microcosm,,Phase 19 · day 10 of 13,Gate 16 · Gate 17 · Gate 18 · day 6 of 13,She'elah u'Fikadon · Malveh v'Loveh · To'en v'Nit'an · set 6 of 14 · day 26 of 28,Meilah 5 · review,Story 166 · Parshat Ki Tisa
167,2027-02-24,17 Adar I,Ki Tisa,Tinyana 112 · KST § 162 (p. 90) · MT 9 of 14,ר · microcosm,Yesod shebeTiferet · shebeNetzach · day 20 of 49,microcosm · 20 of 28 · חֵזִיר 17,microcosm · season 3 · part 6 of 7,microcosm · cycle 20 · day 20 of 28 · Ve'rav Chesed,Year-Cycle 4 · day 44 of 55,OC 333–334 · Orach Chaim · 333 of 728,Ki Tisa · D4 · P1 · C4,set 6 · 27/28 · a Torah Scroll 4 · a Mezuzah 1,Tinyana 112 · Zohar II 128–129,§ 162 (p. 90) · Ki Tisa,MT 9 of 14,Hosafa 20 of 28,Prayer 83 — second half · day 167 of 364,"Tosefta Bava Kama 2, 3, 4, 5 · Week 24 · Day 6",Amos 2 & 3 · Week 24 · Day 6,Talks Following the Tales,Sichos HaRan · §167 of 308 · day 167 of 369,OC 333–334 · half-days 333 & 334,Ki Tisa,Rav Pe’alim · Vol II · Yoreh Deah 11 · Vol II · Yoreh Deah 12,Overview · day 11 of 13,"All twelve · Mivtza Chinuch, 5736",a Torah Scroll 4 · a Mezuzah 1,microcosm,Emunah — 20/27 · Emunah — 21/27,Story 41 · 42 · Ki Tisa,Meilah 6 · מְעִילָה,Class 48 · of 118,Ki Tisa · Day 4,Day 167 · of 369,Chapter 20 · Adar I microcosm,,Phase 20 · day 11 of 13,Gate 19 · Gate 20 · Gate 21 · day 7 of 13,Nachalot · Sanhedrin · Edut · set 6 of 14 · day 27 of 28,Meilah 6 · review,Story 167 · Parshat Ki Tisa
168,2027-02-25,18 Adar I,Ki Tisa,Tinyana 113 · KST § 163 (p. 90) · MT 9 of 14,ש · microcosm,Malchut shebeTiferet · shebeNetzach · day 21 of 49,microcosm · 21 of 28 · הַפִּצֵּץ 18,microcosm · season 3 · part 7 of 7,microcosm · cycle 21 · day 21 of 28 · Ve'emet,Year-Cycle 4 · day 45 of 55,OC 335–336 · Orach Chaim · 335 of 728,Ki Tisa · D5 · P1 · C4,set 6 · 28/28 · a Mezuzah 2–3,Tinyana 113 · Zohar II 130–133,§ 163 (p. 90) · Ki Tisa,MT 9 of 14,Hosafa 21 of 28,Prayer 84 — first half · day 168 of 364,"Tosefta Bava Kama 6, 7, 8, 9 · Week 24 · Day 7",Amos 4 & 5 · Week 24 · Day 7,Talks Following the Tales,Sichos HaRan · §168 of 308 · day 168 of 369,OC 335–336 · half-days 335 & 336,Ki Tisa,Rav Pe’alim · Vol II · Yoreh Deah 13 · Vol II · Yoreh Deah 14,Se’if א׳ · day 12 of 13,תּוֹרָה צִוָה לָנוּ מֹשֶׁה מוֹרָשָׁה קְהִלַת יַעֲקֹב · דברים לג:ד,a Mezuzah 2–3,microcosm,Emunah — 20/27 · Emunah — 21/27,Story 41 · 42 · Ki Tisa,Meilah 7 · מְעִילָה,Class 49 · of 118,Ki Tisa · Day 5,Day 168 · of 369,Chapter 21 · Adar I microcosm,,Phase 21 · day 12 of 13,Gate 22 · Gate 23 · Gate 24 · day 8 of 13,Mamrim · Evel · Melachim u'Milchamos · set 6 of 14 · day 28 of 28,Meilah 7 · review,Story 168 · Parshat Ki Tisa
169,2027-02-26,19 Adar I,Ki Tisa,Tinyana 114 · KST § 164 (p. 91) · MT 10 of 14,ת · microcosm,Chesed shebeNetzach · shebeNetzach · day 22 of 49,microcosm · 22 of 28 · פְּתַחְיָה 19,microcosm · season 4 · part 1 of 7,microcosm · cycle 22 · day 22 of 28 · Notzer Chesed Laalafim,Year-Cycle 4 · day 46 of 55,OC 337–338 · Orach Chaim · 337 of 728,Ki Tisa · D6 · P1 · C4,set 7 · 1/28 · a Mezuzah 4 · Sending Away the Mother Bird 1,Tinyana 114 · Zohar II 134–135,§ 164 (p. 91) · Ki Tisa,MT 10 of 14,Hosafa 22 of 28,Prayer 84 — second half · day 169 of 364,Bava Kama 7 & 8 · Week 25 · Day 1,Amos 6 & 7 · Week 25 · Day 1,Talks Following the Tales,Sichos HaRan · §169 of 308 · day 169 of 369,OC 337–338 · half-days 337 & 338,Ki Tisa,Ben Ish Chai · Halachot,Se’if ב׳ · day 13 of 13,שְׁמַע יִשְׂרָאֵל ה׳ אֶלֹקֵינוּ ה׳ אֶחָד · דברים ו:ד,a Mezuzah 4 · Sending Away the Mother Bird 1,microcosm,Emunah — 20/27 · Emunah — 21/27,Story 41 · 42 · Ki Tisa,Meilah 8 · מְעִילָה,Class 50 · of 118,Ki Tisa · Day 6,Day 169 · of 369,Chapter 22 · Adar I microcosm,,Phase 22 · day 13 of 13,Gate 25 · Gate 26 · Gate 27 · day 9 of 13,Enumeration of the 613 Mitzvos · Yesodei HaTorah · De'ot · set 7 of 14 · day 1 of 28,Meilah 8 · review,Story 169 · Parshat Ki Tisa
170,2027-02-27,20 Adar I,Ki Tisa,Tinyana 115 · KST § 165–166 (p. 91) · MT 10 of 14,ך · microcosm,Gevurah shebeNetzach · shebeNetzach · day 23 of 49,microcosm · 23 of 28 · יְחֶזְקֵאל 20,microcosm · season 4 · part 2 of 7,microcosm · cycle 23 · day 23 of 28 · Noseh Avon,Year-Cycle 4 · day 47 of 55,OC 339–340 · Orach Chaim · 339 of 728,Ki Tisa · D7 · P1 · C4,set 7 · 2/28 · Sending Away the Mother Bird 2–3 · Ki Tisa,Tinyana 115 · Zohar II 136–137,§ 165–166 (p. 91) · Ki Tisa,MT 10 of 14,Hosafa 23 of 28,Prayer 85 — first half · day 170 of 364,Bava Kama 9 & 10 · Week 25 · Day 2,Amos 8 & 9 · Week 25 · Day 2,Talks Following the Tales,Sichos HaRan · §170 of 308 · day 170 of 369,OC 339–340 · half-days 339 & 340,Ki Tisa,Ben Ish Chai · Drash · Ki Tisa · Drash,Se’if ג׳ · day 1 of 13,"בְּכָל דוֹר וָדוֹר חַיָיב אָדָם לִרְאוֹת אֶת עַצְמוֹ כְּאִלוּ הוּא יָצָא מִמִצְרָיִם · פסחים קטז,ב",Sending Away the Mother Bird 2–3,microcosm,Emunah — 20/27 · Emunah — 21/27,Story 41 · 42 · Ki Tisa,Meilah 9 · מְעִילָה,Class 51 · of 118,Sefer Yetzirah · 3:1,Day 170 · of 369,Chapter 23 · Adar I microcosm,,Phase 23 · day 1 of 13,Gate 28 · Gate 29 · Gate 30 · day 10 of 13,Talmud Torah · Avodah Zarah · Teshuvah · set 7 of 14 · day 2 of 28,Meilah 9 · review,Story 170 · Parshat Ki Tisa
171,2027-02-28,21 Adar I,Vayakhel,Tinyana 116 · KST § 167 (p. 92) · MT 11 of 14,ם · microcosm,Tiferet shebeNetzach · shebeNetzach · day 24 of 49,,microcosm · season 4 · part 3 of 7,microcosm · cycle 24 · day 24 of 28 · Vafeshah,Year-Cycle 4 · day 48 of 55,OC 341–342 · Orach Chaim · 341 of 728,Vayakhel · D1 · P2 · C4,set 7 · 3/28 · Sending Away the Mother Bird 4–5,Tinyana 116 · Zohar II 138–139,§ 167 (p. 92) · Vayakhel,MT 11 of 14,Hosafa 24 of 28,Prayer 85 — second half · day 171 of 364,Bava Metzia 1 & 2 · Week 25 · Day 3,Obadiah 1 &amp; Yonah 1 · Week 25 · Day 3,Talks Following the Tales,Sichos HaRan · §171 of 308 · day 171 of 369,OC 341–342 · half-days 341 & 342,Vayakhel,Rav Pe’alim · Vol II · Yoreh Deah 15 · Vol II · Yoreh Deah 16,Se’if ד׳ · day 2 of 13,"כָּל יִשְׂרָאֵל יֵשׁ לָהֶם חֵלֶק לְעוֹלָם הַבָּא שֶׁנֶאֱמַר וְעַמֵךְ כּוּלָם צַדִיקִים לְעוֹלָם יִירְשׁוּ אָרֶץ נֵצֶר מַטָעַי מַעֲשֵׂה יָדַי לְהִתְפָּאֵר · סנהדרין צ,א",Sending Away the Mother Bird 4–5,microcosm,Emunah — 22/27 · Emunah — 23/27,Story 43 · 44 · Vayakhel,Meilah 10 · מְעִילָה,Class 52 · of 118,Vayakhel · Day 1,Day 171 · of 369,Chapter 24 · Adar I microcosm,,Phase 24 · day 2 of 13,Gate 31 · Gate 32 · Ohr Ne’erav I · day 11 of 13,"Kriat Shema · Tefilah u'Birkat Kohanim · Tefillin, Mezuzah · set 7 of 14 · day 3 of 28",Meilah 10 · review,Story 171 · Parshat Vayakhel
172,2027-03-01,22 Adar I,Vayakhel,Tinyana 117 · KST § 168 (p. 92) · MT 11 of 14,ן · microcosm,Netzach shebeNetzach · shebeNetzach · day 25 of 49,microcosm · 25 of 28 · יָכִין 21,microcosm · season 4 · part 4 of 7,microcosm · cycle 25 · day 25 of 28 · VeChata'ah,Year-Cycle 4 · day 49 of 55,OC 343–344 · Orach Chaim · 343 of 728,Vayakhel · D2 · P2 · C4,set 7 · 4/28 · New Grain 1–2,Tinyana 117 · Zohar II 140–141,§ 168 (p. 92) · Vayakhel,MT 11 of 14,Hosafa 25 of 28,Prayer 86 — first half · day 172 of 364,Bava Metzia 3 & 4 · Week 25 · Day 4,Yonah 2 & 3 · Week 25 · Day 4,Talks Following the Tales,Sichos HaRan · §172 of 308 · day 172 of 369,OC 343–344 · half-days 343 & 344,Vayakhel,Rav Pe’alim · Vol II · Yoreh Deah 17 · Vol II · Yoreh Deah 18,Se’if ה׳ · day 3 of 13,כִּי קָרוֹב אֵלֶיךָ הַדָבָר מְאֹד בְּפִיךָ וּבִּלְבָבְךָ לַעֲשׂוֹתוֹ · דברים ל:יד,New Grain 1–2,microcosm,Emunah — 22/27 · Emunah — 23/27,Story 43 · 44 · Vayakhel,Meilah 11 · מְעִילָה,Class 53 · of 118,Vayakhel · Day 2,Day 172 · of 369,Chapter 25 · Adar I microcosm,,Phase 25 · day 3 of 13,Ohr Ne’erav II · Ohr Ne’erav III · Ohr Ne’erav IV · day 12 of 13,Tzitzit · Berachot · Milah · set 7 of 14 · day 4 of 28,Meilah 11 · review,Story 172 · Parshat Vayakhel
173,2027-03-02,23 Adar I,Vayakhel,Tinyana 118 · KST § 169 (p. 93) · MT 12 of 14,ף · microcosm,Hod shebeNetzach · shebeNetzach · day 26 of 49,microcosm · 26 of 28 · גָּמוּל 22,microcosm · season 4 · part 5 of 7,microcosm · cycle 26 · day 26 of 28 · VeNakeh,Year-Cycle 4 · day 50 of 55,OC 345–346 · Orach Chaim · 345 of 728,Vayakhel · D3 · P2 · C4,set 7 · 5/28 · New Grain 3–4,Tinyana 118 · Zohar II 142–143,§ 169 (p. 93) · Vayakhel,MT 12 of 14,Hosafa 26 of 28,Prayer 86 — second half · day 173 of 364,Bava Metzia 5 & 6 · Week 25 · Day 5,Yonah 4 &amp; Micha 1 · Week 25 · Day 5,Talks Following the Tales,Sichos HaRan · §173 of 308 · day 173 of 369,OC 345–346 · half-days 345 & 346,Vayakhel,Rav Pe’alim · Vol II · Yoreh Deah 19 · Vol II · Yoreh Deah 20,Se’if ו׳ · day 4 of 13,וְהִנֵה ה׳ נִצָב עָלָיו וּמְלֹא כָל הָאָרֶץ כּבוֹדוֹ וּמַבִּיט עָלָיו וּבוֹחֵן כְּלָיוֹת וָלֵב אִם עוֹבְדוֹ כָּרָאוּי · תניא פרק מא,New Grain 3–4,microcosm,Emunah — 22/27 · Emunah — 23/27,Story 43 · 44 · Vayakhel,Meilah 12 · מְעִילָה,Class 54 · of 118,Vayakhel · Day 3,Day 173 · of 369,Chapter 26 · Adar I microcosm,,Phase 26 · day 4 of 13,Ohr Ne’erav V · Ohr Ne’erav VI · Ohr Ne’erav VII · day 13 of 13,Shabbat · Eruvin · Shevitat Asor · set 7 of 14 · day 5 of 28,Meilah 12 · review,Story 173 · Parshat Vayakhel
174,2027-03-03,24 Adar I,Vayakhel,Tinyana 119 · KST § 170 (p. 93) · MT 12 of 14,ץ · microcosm,Yesod shebeNetzach · shebeNetzach · day 27 of 49,microcosm · 27 of 28 · דְּלָיָהוּ 23,microcosm · season 4 · part 6 of 7,microcosm · cycle 27 · day 27 of 28 · both sets whole,Year-Cycle 4 · day 51 of 55,OC 347–348 · Orach Chaim · 347 of 728,Vayakhel · D4 · P2 · C4,set 7 · 6/28 · Three Year Old Trees 1–2,Tinyana 119 · Zohar II 144–145,§ 170 (p. 93) · Vayakhel,MT 12 of 14,Hosafa 27 of 28,Prayer 87 — first half · day 174 of 364,"Tosefta Bava Kama 10, 11 &amp; Tosefta Bava Metzia 1, 2 · Week 25 · Day 6",Micha 2 & 3 · Week 25 · Day 6,Talks Following the Tales,Sichos HaRan · §174 of 308 · day 174 of 369,OC 347–348 · half-days 347 & 348,Vayakhel,Rav Pe’alim · Vol II · Yoreh Deah 21 · Vol II · Yoreh Deah 22,Se’if ז׳ · day 5 of 13,בְּרֵאשִׁית בָּרָא אֶלֹקִים אֵת הַשָׁמַיִם וְאֵת הָאָרֶץ · בראשית א:א,Three Year Old Trees 1–2,microcosm,Emunah — 22/27 · Emunah — 23/27,Story 43 · 44 · Vayakhel,Meilah 13 · מְעִילָה,Class 55 · of 118,Vayakhel · Day 4,Day 174 · of 369,Chapter 27 · Adar I microcosm,,Phase 27 · day 5 of 13,Gate 1 · Gate 2 · Gate 3 · day 1 of 13,"Shevitat Yom Tov · Chametz u'Matzah · Shofar, Sukkah v'Lul · set 7 of 14 · day 6 of 28",Meilah 13 · review,Story 174 · Parshat Vayakhel
175,2027-03-04,25 Adar I,Vayakhel,Tinyana 120 · KST § 171 (p. 93) · MT 13 of 14,נקודות · microcosm,Malchut shebeNetzach · shebeNetzach · day 28 of 49,microcosm · 28 of 28 · מַעַזְיָהוּ 24,microcosm · season 4 · part 7 of 7,microcosm · cycle 28 · day 28 of 28 · both sets whole,Year-Cycle 4 · day 52 of 55,OC 349–350 · Orach Chaim · 349 of 728,Vayakhel · D5 · P2 · C4,set 7 · 7/28 · Three Year Old Trees 3–4,Tinyana 120 · Zohar II 146–149,§ 171 (p. 93) · Vayakhel,MT 13 of 14,Hosafa 28 of 28,Prayer 87 — second half · day 175 of 364,"Tosefta Bava Metzia 3, 4, 5, 6 · Week 25 · Day 7",Micha 4 & 5 · Week 25 · Day 7,Talks Following the Tales,Sichos HaRan · §175 of 308 · day 175 of 369,OC 349–350 · half-days 349 & 350,Vayakhel,Rav Pe’alim · Vol II · Yoreh Deah 23 · Vol II · Yoreh Deah 24,Se’if ח׳ · day 6 of 13,וְשִׁנַנְתָּם לְבָנֶיךָ וְדִבַּרְתָּ בָּם בְּשִׁבְתְּךָ בְּבֵיתֶךָ וּבְלֶכְתְּךָ בַדֶרֶךְ וּבְשָׁכְבְּךָ וּבְקוּמֶךָ · דברים ו:ז,Three Year Old Trees 3–4,microcosm,Emunah — 22/27 · Emunah — 23/27,Story 43 · 44 · Vayakhel,Meilah 14 · מְעִילָה,Class 56 · of 118,Vayakhel · Day 5,Day 175 · of 369,Chapter 28 · Adar I microcosm,,Phase 28 · day 6 of 13,Gate 4 · Gate 5 · Gate 6 · day 2 of 13,Shekalim · Kiddush HaChodesh · Ta'aniyot · set 7 of 14 · day 7 of 28,Meilah 14 · review,Story 175 · Parshat Vayakhel
148,2027-03-05,26 Adar I,Vayakhel,Tinyana 121 · KST § 172 (p. 94) · MT 13 of 14,ע Ayin · עמ · set 7 · day 16 of 22,Chesed shebeHod · shebeNetzach · day 29 of 49,ילי · 2 of 72 · יְדַעְיָה 2 · אֵלֶיךָ,Winter · 57 of 91 · Shov · F3 letter 11 · Eicha 3:31–33 · כ,1st cycle 12 · day 5 of 13 · Asher Nishba'ta La'avoteinu,Year-Cycle 4 · day 53 of 55,OC 295–296 · Orach Chaim · 295 of 728,Vayakhel · D6 · P2 · C4,set 7 · 8/28 · Ritual Baths 1 · Vows 1,Tinyana 121 · Zohar II 86–87,§ 172 (p. 94) · Vayakhel,MT 13 of 14,LT Bamidbar · Folio 25 · day 176 of 364,Prayer 88 — first half · day 176 of 364,Nazir 8 & 9 · Week 22 · Day 1,Ezekiel 30 & 31 · Week 22 · Day 1,Chapter 12 · cycle 12 · day 5 of 13,Sichos HaRan · §148 of 308 · day 148 of 369,OC 295–296 · half-days 295 & 296,Vayakhel,Ben Ish Chai · Halachot,Se’if ז׳ · day 5 of 13,בְּרֵאשִׁית בָּרָא אֶלֹקִים אֵת הַשָׁמַיִם וְאֵת הָאָרֶץ · בראשית א:א,Ritual Baths 1 · Vows 1,Yevamot · 7b · 22nd Shvat,Emunah — 22/27 · Emunah — 23/27,Story 43 · 44 · Vayakhel,Meilah 15 · מְעִילָה,Class 57 · of 118,Vayakhel · Day 6,Day 148 · of 369,Chapter 12 · cycle 12,The Garden of Healing · cycle 12 of 13,Phase 12 · day 5 of 13,Gate 13 · Gate 14 · Gate 15 · day 5 of 13,Megillah v'Chanukah · Ishut · Geirushin · set 7 of 14 · day 8 of 28,Meilah 15 · review,Story 176 · Parshat Vayakhel
149,2027-03-06,27 Adar I,Vayakhel,Tinyana 122 · KST § 173–174 (p. 95) · MT 14 of 14,פ Peh · פנ · set 7 · day 17 of 22,Gevurah shebeHod · shebeNetzach · day 30 of 49,סיט · 3 of 72 · חָרִם 3 · אֵלֶיךָ,Winter · 58 of 91 · Shov · F3 letter 12 · Eicha 3:34–36 · ל,1st cycle 12 · day 6 of 13 · Asher Nishba'ta La'avoteinu,Year-Cycle 4 · day 54 of 55,OC 297–298 · Orach Chaim · 297 of 728,Vayakhel · D7 · P2 · C4,set 7 · 9/28 · Vows 2–3 · Vayakhel,Tinyana 122 · Zohar II 88–89,§ 173–174 (p. 95) · Vayakhel,MT 14 of 14,LT Bamidbar · Folio 26 · day 177 of 364,Prayer 88 — second half · day 177 of 364,Sotah 1 & 2 · Week 22 · Day 2,Ezekiel 32 & 33 · Week 22 · Day 2,Chapter 12 · cycle 12 · day 6 of 13,Sichos HaRan · §149 of 308 · day 149 of 369,OC 297–298 · half-days 297 & 298,Vayakhel,Ben Ish Chai · Drash · Vayakhel · Drash,Se’if ח׳ · day 6 of 13,וְשִׁנַנְתָּם לְבָנֶיךָ וְדִבַּרְתָּ בָּם בְּשִׁבְתְּךָ בְּבֵיתֶךָ וּבְלֶכְתְּךָ בַדֶרֶךְ וּבְשָׁכְבְּךָ וּבְקוּמֶךָ · דברים ו:ז,Vows 2–3,Yevamot · 7b · 22nd Shvat,Emunah — 22/27 · Emunah — 23/27,Story 43 · 44 · Vayakhel,Meilah 16 · מְעִילָה,Class 58 · of 118,Sefer Yetzirah · 3:2,Day 149 · of 369,Chapter 12 · cycle 12,The Garden of Healing · cycle 12 of 13,Phase 12 · day 6 of 13,Gate 16 · Gate 17 · Gate 18 · day 6 of 13,Yibum v'Chalitzah · Na'arah Betulah · Sotah · set 7 of 14 · day 9 of 28,Meilah 16 · review,Story 177 · Parshat Vayakhel
150,2027-03-07,28 Adar I,Pekudei,Tinyana 123 · KST § 175 (p. 96) · MT 14 of 14,צ Tzaddik · צמ · set 7 · day 18 of 22,Tiferet shebeHod · shebeNetzach · day 31 of 49,עלם · 4 of 72 · שְׂעֹרִים 4 · אֵלֶיךָ,Winter · 59 of 91 · Shov · F3 letter 13 · Eicha 3:37–39 · מ,1st cycle 12 · day 7 of 13 · Asher Nishba'ta La'avoteinu,Year-Cycle 4 · day 55 of 55 · Yechidah — Adam Kadmon,OC 299–300 · Orach Chaim · 299 of 728,Pekudei · D1 · P3 · C4,set 7 · 10/28 · Vows 4–5,Tinyana 123 · Zohar II 90–91,§ 175 (p. 96) · Pekudei,MT 14 of 14,LT Bamidbar · Folio 27 · day 178 of 364,Prayer 89 — first half · day 178 of 364,Sotah 3 & 4 · Week 22 · Day 3,Ezekiel 34 & 35 · Week 22 · Day 3,Chapter 12 · cycle 12 · day 7 of 13,Sichos HaRan · §150 of 308 · day 150 of 369,OC 299–300 · half-days 299 & 300,Pekudei,Rav Pe’alim · Vol II · Yoreh Deah 25 · Vol II · Yoreh Deah 26,Se’if ט׳ · day 7 of 13,"יָגַעְתִּי וְלֹא מָצָאתִי אַל תַּאַמִין לֹא יָגַעְתִּי וּמָצָאתִי אַל תַּאַמִין יָגַעְתִּי וּמָצָאתִי תַּאַמִין · מגילה ו,ב",Vows 4–5,Yevamot · 7b · 22nd Shvat,Emunah — 24/27 · Emunah — 25/27,Story 45 · 46 · Pekudei,Meilah 17 · מְעִילָה,Class 59 · of 118,Pekudei · Day 1,Day 150 · of 369,Chapter 12 · cycle 12,The Garden of Healing · cycle 12 of 13,Phase 12 · day 7 of 13,Gate 19 · Gate 20 · Gate 21 · day 7 of 13,Issurei Biah · Ma'achalot Assurot · Shechitah · set 7 of 14 · day 10 of 28,Meilah 17 · review,Story 178 · Parshat Pekudei
151,2027-03-08,29 Adar I,Pekudei,Tinyana 124 · KST § 176 (p. 97) · MT — all fourteen,ק Kuf · קנ · set 7 · day 19 of 22,Netzach shebeHod · shebeNetzach · day 32 of 49,מהש · 5 of 72 · מַלְכִּיָּה 5 · אֵלֶיךָ,Winter · 60 of 91 · Shov · F3 letter 14 · Eicha 3:40–42 · נ,1st cycle 12 · day 8 of 13 · Asher Nishba'ta La'avoteinu,Year-Cycle 5 · day 1 of 55,OC 301–302 · Orach Chaim · 301 of 728,Pekudei · D2 · P3 · C4,set 7 · 11/28 · Oaths 1–2,Tinyana 124 · Zohar II 92–93,§ 176 (p. 97) · Pekudei,MT — all fourteen,LT Bamidbar · Folio 28 · day 179 of 364,Prayer 89 — second half · day 179 of 364,Sotah 5 & 6 · Week 22 · Day 4,Ezekiel 36 & 37 · Week 22 · Day 4,Chapter 12 · cycle 12 · day 8 of 13,Sichos HaRan · §151 of 308 · day 151 of 369,OC 301–302 · half-days 301 & 302,Pekudei,Rav Pe’alim · Vol II · Yoreh Deah 27 · Vol II · Yoreh Deah 28,Se’if י׳ · day 8 of 13,וְאָהַבְתָּ לְרֵעַךָ כָּמוֹךָ – רַבִּי עַקִיבָא אוֹמֵר זֶה כְּלָל גָדוֹל בַּתּוֹרָה · ויקרא יט:יח,Oaths 1–2,Yevamot · 7b · 22nd Shvat,Emunah — 24/27 · Emunah — 25/27,Story 45 · 46 · Pekudei,Meilah 18 · מְעִילָה,Class 60 · of 118,Pekudei · Day 2,Day 151 · of 369,Chapter 12 · cycle 12,The Garden of Healing · cycle 12 of 13,Phase 12 · day 8 of 13,Gate 22 · Gate 23 · Gate 24 · day 8 of 13,Shevuot · Nedarim · Nezirut · set 7 of 14 · day 11 of 28,Meilah 18 · review,Story 179 · Parshat Pekudei
152,2027-03-09,30 Adar I,Pekudei,Tinyana 125 · KST § 177 (p. 97) · MT — all fourteen,ר Reish · רמ · set 7 · day 20 of 22,Hod shebeHod · shebeNetzach · day 33 of 49,ללה · 6 of 72 · מִיָּמִן 6 · אֵלֶיךָ,Winter · 61 of 91 · Shov · F3 letter 15 · Eicha 3:43–45 · ס,1st cycle 12 · day 9 of 13 · Asher Nishba'ta La'avoteinu,Year-Cycle 5 · day 2 of 55,OC 303–304 · Orach Chaim · 303 of 728,Pekudei · D3 · P3 · C4,set 7 · 12/28 · Honouring One's Father and Mother 1–2,Tinyana 125 · Zohar II 94–95,§ 177 (p. 97) · Pekudei,MT — all fourteen,LT Bamidbar · Folio 29 · day 180 of 364,Prayer 90 — first half · day 180 of 364,Sotah 7 & 8 · Week 22 · Day 5,Ezekiel 38 & 39 · Week 22 · Day 5,Chapter 12 · cycle 12 · day 9 of 13,Sichos HaRan · §152 of 308 · day 152 of 369,OC 303–304 · half-days 303 & 304,Pekudei,Rav Pe’alim · Vol II · Yoreh Deah 29 · Vol II · Yoreh Deah 30,Se’if י״א · day 9 of 13,וְזֶה כָּל הָאָדָם וְתַכְלִית בְּרִיאָתוֹ וּבְרִיאַת כָּל הָעוֹלָמוֹת עֶלְיוֹנִים וְתַּחְתּוֹנִים לִהְיוֹת לוֹ דִירָה זוֹ בְּתַּחְתּוֹנִים · תניא פרק לג,Honouring One's Father and Mother 1–2,Yevamot · 7b · 22nd Shvat,Emunah — 24/27 · Emunah — 25/27,Story 45 · 46 · Pekudei,Meilah 19 · מְעִילָה,Class 61 · of 118,Pekudei · Day 3,Day 152 · of 369,Chapter 12 · cycle 12,The Garden of Healing · cycle 12 of 13,Phase 12 · day 9 of 13,Gate 25 · Gate 26 · Gate 27 · day 9 of 13,Erchin v'Charamin · Kilayim · Matnot Aniyim · set 7 of 14 · day 12 of 28,Meilah 19 · review,Story 180 · Parshat Pekudei
153,2027-03-10,1 Adar II,Pekudei,Torah 153 · KST § 178 (p. 98) · Lo Taaseh 232–233,ש Shin · שנ · set 7 · day 21 of 22,Yesod shebeHod · shebeNetzach · day 34 of 49,אכא · 7 of 72 · הַקּוֹץ 7 · אֵלֶיךָ,Winter · 62 of 91 · Shov · F3 letter 16 · Eicha 3:46–48 · פ,1st cycle 12 · day 10 of 13 · Asher Nishba'ta La'avoteinu,Year-Cycle 5 · day 3 of 55,OC 305–306 · Orach Chaim · 305 of 728,Pekudei · D4 · P3 · C4,set 7 · 13/28 · Honouring One's Father and Mother 3–4,Torah 153 · Zohar II 96–97,§ 178 (p. 98) · Pekudei,Lo Taaseh 232–233,LT Bamidbar · Folio 30 · day 181 of 364,Prayer 90 — second half · day 181 of 364,"Tosefta Sotah 13, 14, 15 &amp; Tosefta Gittin 1 · Week 22 · Day 6",Ezekiel 40 & 41 · Week 22 · Day 6,Chapter 12 · cycle 12 · day 10 of 13,Sichos HaRan · §153 of 308 · day 153 of 369,OC 305–306 · half-days 305 & 306,Pekudei,Rav Pe’alim · Vol II · Yoreh Deah 31 · Vol II · Yoreh Deah 32,Se’if י״ב · day 10 of 13,יִשְׂמַח יִשְׂרָאֵל בְּעוֹשָׂיו פֵּירוּש שֶׁכָּל מִי שֶׁהוּא מִזֶרַע יִשְׂרָאֵל יֵשׁ לוֹ לִשְׂמוֹחַ בְּשִׂמְחַת ה׳ אַשֶׁר שָׂשׂ וְשָׂמֵחַ בְּדִירָתוֹ בְּתַּחְתּוֹנִים · תניא פרק לג,Honouring One's Father and Mother 3–4,Yevamot · 7b · 22nd Shvat,Emunah — 24/27 · Emunah — 25/27,Story 45 · 46 · Pekudei,Meilah 20 · מְעִילָה,Class 62 · of 118,Pekudei · Day 4,Day 153 · of 369,Chapter 12 · cycle 12,The Garden of Healing · cycle 12 of 13,Phase 12 · day 10 of 13,Gate 28 · Gate 29 · Gate 30 · day 10 of 13,Terumot · Ma'aserot · Ma'aser Sheni v'Neta Revai · set 7 of 14 · day 13 of 28,Meilah 20 · review,Story 181 · Parshat Pekudei
154,2027-03-11,2 Adar II,Pekudei,Torah 154 · KST § 179 (p. 98) · Lo Taaseh 231–234,ת Tav · תמ · set 7 · day 22 of 22,Malchut shebeHod · shebeNetzach · day 35 of 49,כהת · 8 of 72 · אֲבִיָּה 8 · אֵלֶיךָ,Winter · 63 of 91 · Shov · F3 letter 17 · Eicha 3:49–51 · ע,1st cycle 12 · day 11 of 13 · Asher Nishba'ta La'avoteinu,Year-Cycle 5 · day 4 of 55,OC 307–308 · Orach Chaim · 307 of 728,Pekudei · D5 · P3 · C4,set 7 · 14/28 · Honouring One's Rabbi and a Torah Scholar 1–2,Torah 154 · Zohar II 98–101,§ 179 (p. 98) · Pekudei,Lo Taaseh 231–234,LT Bamidbar · Folio 31 · day 182 of 364,Prayer 91 — first half · day 182 of 364,"Tosefta Gittin 2, 3, 4, 5 · Week 22 · Day 7",Ezekiel 42 & 43 · Week 22 · Day 7,Chapter 12 · cycle 12 · day 11 of 13,Sichos HaRan · §154 of 308 · day 154 of 369,OC 307–308 · half-days 307 & 308,Pekudei,Rav Pe’alim · Vol II · Yoreh Deah 33 · Vol II · Yoreh Deah 34,Overview · day 11 of 13,"All twelve · Mivtza Chinuch, 5736",Honouring One's Rabbi and a Torah Scholar 1–2,Yevamot · 7b · 22nd Shvat,Emunah — 24/27 · Emunah — 25/27,Story 45 · 46 · Pekudei,Meilah 21 · מְעִילָה,Class 63 · of 118,Pekudei · Day 5,Day 154 · of 369,Chapter 12 · cycle 12,The Garden of Healing · cycle 12 of 13,Phase 12 · day 11 of 13,Gate 31 · Gate 32 · Ohr Ne’erav I · day 11 of 13,Bikkurim · Shemitah v'Yovel · Beit HaBechirah · set 7 of 14 · day 14 of 28,Meilah 21 · review,Story 182 · Parshat Pekudei
155,2027-03-12,3 Adar II,Pekudei,Torah 155 · KST § 180 (p. 99) · Lo Taaseh 235–236,א Alef · סא · set 8 · day 1 of 22,Chesed shebeYesod · shebeNetzach · day 36 of 49,הזי · 9 of 72 · יֵשׁוּעַ 9 · אֵלֶיךָ,Winter · 64 of 91 · Shov · F3 letter 18 · Eicha 3:52–54 · צ,1st cycle 12 · day 12 of 13 · Asher Nishba'ta La'avoteinu,Year-Cycle 5 · day 5 of 55,OC 309–310 · Orach Chaim · 309 of 728,Pekudei · D6 · P3 · C4,set 7 · 15/28 · Honouring One's Rabbi and a Torah Scholar 3 · Teachers 1,Torah 155 · Zohar II 102–103,§ 180 (p. 99) · Pekudei,Lo Taaseh 235–236,LT Bamidbar · Folio 32 · day 183 of 364,Prayer 91 — second half · day 183 of 364,Sotah 9 &amp; Gittin 1 · Week 23 · Day 1,Ezekiel 44 & 45 · Week 23 · Day 1,Chapter 12 · cycle 12 · day 12 of 13,Sichos HaRan · §155 of 308 · day 155 of 369,OC 309–310 · half-days 309 & 310,Pekudei,Ben Ish Chai · Halachot,Se’if א׳ · day 12 of 13,תּוֹרָה צִוָה לָנוּ מֹשֶׁה מוֹרָשָׁה קְהִלַת יַעֲקֹב · דברים לג:ד,Honouring One's Rabbi and a Torah Scholar 3 · Teachers 1,Ketubot · 8a · Adar / Purim,Emunah — 24/27 · Emunah — 25/27,Story 45 · 46 · Pekudei,Meilah 22 · מְעִילָה,Class 64 · of 118,Pekudei · Day 6,Day 155 · of 369,Chapter 12 · cycle 12,The Garden of Healing · cycle 12 of 13,Phase 12 · day 12 of 13,Ohr Ne’erav II · Ohr Ne’erav III · Ohr Ne’erav IV · day 12 of 13,Klei HaMikdash · Biat HaMikdash · Issurei Mizbe'ach · set 7 of 14 · day 15 of 28,Meilah 22 · review,Story 183 · Parshat Pekudei
156,2027-03-13,4 Adar II,Pekudei,Torah 156 · KST § 181–182 (p. 100) · Lo Taaseh 234–237,ב Bet · עב · set 8 · day 2 of 22,Gevurah shebeYesod · shebeNetzach · day 37 of 49,אלד · 10 of 72 · שְׁכַנְיָהוּ 10 · אֵלֶיךָ,Winter · 65 of 91 · Shov · F3 letter 19 · Eicha 3:55–57 · ק,1st cycle 12 · day 13 of 13 · Asher Nishba'ta La'avoteinu,Year-Cycle 5 · day 6 of 55,OC 311–312 · Orach Chaim · 311 of 728,Pekudei · D7 · P3 · C4,set 7 · 16/28 · Teachers 2–3 · Pekudei,Torah 156 · Zohar II 104–105,§ 181–182 (p. 100) · Pekudei,Lo Taaseh 234–237,LT Bamidbar · Folio 33 · day 184 of 364,Prayer 92 — first half · day 184 of 364,Gittin 2 & 3 · Week 23 · Day 2,Ezekiel 46 & 47 · Week 23 · Day 2,Chapter 12 · cycle 12 · day 13 of 13,Sichos HaRan · §156 of 308 · day 156 of 369,OC 311–312 · half-days 311 & 312,Pekudei,Ben Ish Chai · Drash · Pekudei · Drash,Se’if ב׳ · day 13 of 13,שְׁמַע יִשְׂרָאֵל ה׳ אֶלֹקֵינוּ ה׳ אֶחָד · דברים ו:ד,Teachers 2–3,Ketubot · 8a · Adar / Purim,Emunah — 24/27 · Emunah — 25/27,Story 45 · 46 · Pekudei,Niddah 2 · נִדָּה,Class 65 · of 118,Sefer Yetzirah · 3:3,Day 156 · of 369,Chapter 12 · cycle 12,The Garden of Healing · cycle 12 of 13,Phase 12 · day 13 of 13,Ohr Ne’erav V · Ohr Ne’erav VI · Ohr Ne’erav VII · day 13 of 13,Ma'aseh HaKorbanot · Temidin u'Musafin · Pesulei HaMukdash · set 7 of 14 · day 16 of 28,Niddah 2 · review,Story 184 · Parshat Pekudei
157,2027-03-14,5 Adar II,Vayikra,Torah 157 · KST § 183 (p. 101) · Lo Taaseh 238–239,ג Gimmel · סג · set 8 · day 3 of 22,Tiferet shebeYesod · shebeNetzach · day 38 of 49,לאו · 11 of 72 · אֶלְיָשִׁיב 11 · אֵלֶיךָ,Winter · 66 of 91 · Shov · F3 letter 20 · Eicha 3:58–60 · ר,1st cycle 13 · day 1 of 13 · Mimei Kedem,Year-Cycle 5 · day 7 of 55,OC 313–314 · Orach Chaim · 313 of 728,Vayikra · D1 · P4 · C4,set 7 · 17/28 · Teachers 4 · Torah Study 1,Torah 157 · Zohar II 106–107,§ 183 (p. 101) · Vayikra,Lo Taaseh 238–239,LT Bamidbar · Folio 34 · day 185 of 364,Prayer 92 — second half · day 185 of 364,Gittin 4 & 5 · Week 23 · Day 3,Ezekiel 48 &amp; Hoshea 1 · Week 23 · Day 3,Chapter 13 · cycle 13 · day 1 of 13,Sichos HaRan · §157 of 308 · day 157 of 369,OC 313–314 · half-days 313 & 314,Vayikra,Rav Pe’alim · Vol II · Yoreh Deah 35 · Vol II · Yoreh Deah 36,Se’if ג׳ · day 1 of 13,"בְּכָל דוֹר וָדוֹר חַיָיב אָדָם לִרְאוֹת אֶת עַצְמוֹ כְּאִלוּ הוּא יָצָא מִמִצְרָיִם · פסחים קטז,ב",Teachers 4 · Torah Study 1,Ketubot · 8a · Adar / Purim,Emunah — 26/27 · Emunah — 27/27,Story 47 · 48 · Vayikra,Niddah 3 · נִדָּה,Class 66 · of 118,Vayikra · Day 1,Day 157 · of 369,Chapter 13 · cycle 13,Say Thank You and See Miracles (The Garden of Miracles) · cycle 13 of 13,Phase 13 · day 1 of 13,Gate 1 · Gate 2 · Gate 3 · day 1 of 13,Avodat Yom HaKippurim · Me'ilah · Korban Pesach · set 7 of 14 · day 17 of 28,Niddah 3 · review,Story 185 · Parshat Vayikra
158,2027-03-15,6 Adar II,Vayikra,Torah 158 · KST § 184 (p. 101) · Lo Taaseh 237–240,ד Dalet · עד · set 8 · day 4 of 22,Netzach shebeYesod · shebeNetzach · day 39 of 49,ההע · 12 of 72 · יָקִים 12 · אֵלֶיךָ,Winter · 67 of 91 · Shov · F3 letter 21 · Eicha 3:61–63 · ש,1st cycle 13 · day 2 of 13 · Mimei Kedem,Year-Cycle 5 · day 8 of 55,OC 315–316 · Orach Chaim · 315 of 728,Vayikra · D2 · P4 · C4,set 7 · 18/28 · Torah Study 2–3,Torah 158 · Zohar II 108–109,§ 184 (p. 101) · Vayikra,Lo Taaseh 237–240,LT Bamidbar · Folio 35 · day 186 of 364,Prayer 93 — first half · day 186 of 364,Gittin 6 & 7 · Week 23 · Day 4,Hoshea 2 & 3 · Week 23 · Day 4,Chapter 13 · cycle 13 · day 2 of 13,Sichos HaRan · §158 of 308 · day 158 of 369,OC 315–316 · half-days 315 & 316,Vayikra,Rav Pe’alim · Vol II · Yoreh Deah 37 · Vol II · Yoreh Deah 38,Se’if ד׳ · day 2 of 13,"כָּל יִשְׂרָאֵל יֵשׁ לָהֶם חֵלֶק לְעוֹלָם הַבָּא שֶׁנֶאֱמַר וְעַמֵךְ כּוּלָם צַדִיקִים לְעוֹלָם יִירְשׁוּ אָרֶץ נֵצֶר מַטָעַי מַעֲשֵׂה יָדַי לְהִתְפָּאֵר · סנהדרין צ,א",Torah Study 2–3,Ketubot · 8a · Adar / Purim,Emunah — 26/27 · Emunah — 27/27,Story 47 · 48 · Vayikra,Niddah 4 · נִדָּה,Class 67 · of 118,Vayikra · Day 2,Day 158 · of 369,Chapter 13 · cycle 13,Say Thank You and See Miracles (The Garden of Miracles) · cycle 13 of 13,Phase 13 · day 2 of 13,Gate 4 · Gate 5 · Gate 6 · day 2 of 13,Chagigah · Bechorot · Shegagot · set 7 of 14 · day 18 of 28,Niddah 4 · review,Story 186 · Parshat Vayikra
159,2027-03-16,7 Adar II,Vayikra,Torah 159 · KST § 185 (p. 102) · Lo Taaseh 241–242,ה Heh · סה · set 8 · day 5 of 22,Hod shebeYesod · shebeNetzach · day 40 of 49,יזל · 13 of 72 · חֻפָּה 13 · אֵלֶיךָ,Winter · 68 of 91 · Shov · F3 letter 22 · Eicha 3:64–66 · ת,1st cycle 13 · day 3 of 13 · Mimei Kedem,Year-Cycle 5 · day 9 of 55,OC 317–318 · Orach Chaim · 317 of 728,Vayikra · D3 · P4 · C4,set 7 · 19/28 · Charity 1–2,Torah 159 · Zohar II 110–111,§ 185 (p. 102) · Vayikra,Lo Taaseh 241–242,LT Bamidbar · Folio 36 · day 187 of 364,Prayer 93 — second half · day 187 of 364,Gittin 8 & 9 · Week 23 · Day 5,Hoshea 4 & 5 · Week 23 · Day 5,Chapter 13 · cycle 13 · day 3 of 13,Sichos HaRan · §159 of 308 · day 159 of 369,OC 317–318 · half-days 317 & 318,Vayikra,Rav Pe’alim · Vol II · Yoreh Deah 39 · Vol II · Yoreh Deah 40,Se’if ה׳ · day 3 of 13,כִּי קָרוֹב אֵלֶיךָ הַדָבָר מְאֹד בְּפִיךָ וּבִּלְבָבְךָ לַעֲשׂוֹתוֹ · דברים ל:יד,Charity 1–2,Ketubot · 8a · Adar / Purim,Emunah — 26/27 · Emunah — 27/27,Story 47 · 48 · Vayikra,Niddah 5 · נִדָּה,Class 68 · of 118,Vayikra · Day 3,Day 159 · of 369,Chapter 13 · cycle 13,Say Thank You and See Miracles (The Garden of Miracles) · cycle 13 of 13,Phase 13 · day 3 of 13,Gate 7 · Gate 8 · Gate 9 · day 3 of 13,Mechusrei Kapparah · Temurah · Tumat Met · set 7 of 14 · day 19 of 28,Niddah 5 · review,Story 187 · Parshat Vayikra
160,2027-03-17,8 Adar II,Vayikra,Torah 160 · KST § 186 (p. 102) · Lo Taaseh 240–243,ו Vav · עו · set 8 · day 6 of 22,Yesod shebeYesod · shebeNetzach · day 41 of 49,מבה · 14 of 72 · יֶשֶׁבְאָב 14 · אֵלֶיךָ,Winter · 69 of 91 · Left Kidney · Eicha 5,1st cycle 13 · day 4 of 13 · Mimei Kedem,Year-Cycle 5 · day 10 of 55,OC 319–320 · Orach Chaim · 319 of 728,Vayikra · D4 · P4 · C4,set 7 · 20/28 · Charity 3 · Circumcision 1,Torah 160 · Zohar II 112–113,§ 186 (p. 102) · Vayikra,Lo Taaseh 240–243,LT Bamidbar · Folio 37 · day 188 of 364,Prayer 94 — first half · day 188 of 364,"Tosefta Gittin 6, 7 &amp; Tosefta Kiddushin 1, 2 · Week 23 · Day 6",Hoshea 6 & 7 · Week 23 · Day 6,Chapter 13 · cycle 13 · day 4 of 13,Sichos HaRan · §160 of 308 · day 160 of 369,OC 319–320 · half-days 319 & 320,Vayikra,Rav Pe’alim · Vol II · Yoreh Deah 41 · Vol II · Even HaEzer 1,Se’if ו׳ · day 4 of 13,וְהִנֵה ה׳ נִצָב עָלָיו וּמְלֹא כָל הָאָרֶץ כּבוֹדוֹ וּמַבִּיט עָלָיו וּבוֹחֵן כְּלָיוֹת וָלֵב אִם עוֹבְדוֹ כָּרָאוּי · תניא פרק מא,Charity 3 · Circumcision 1,Ketubot · 8a · Adar / Purim,Emunah — 26/27 · Emunah — 27/27,Story 47 · 48 · Vayikra,Niddah 6 · נִדָּה,Class 69 · of 118,Vayikra · Day 4,Day 160 · of 369,Chapter 13 · cycle 13,Say Thank You and See Miracles (The Garden of Miracles) · cycle 13 of 13,Phase 13 · day 4 of 13,Gate 10 · Gate 11 · Gate 12 · day 4 of 13,Parah Adumah · Tumat Tzara'at · Metamei Mishkav u'Moshav · set 7 of 14 · day 20 of 28,Niddah 6 · review,Story 188 · Parshat Vayikra
161,2027-03-18,9 Adar II,Vayikra,Torah 161 · KST § 187 (p. 103) · Lo Taaseh 244–245,ז Zayin · סז · set 8 · day 7 of 22,Malchut shebeYesod · shebeNetzach · day 42 of 49,הרי · 15 of 72 · בִּלְגָּה 15 · אֵלֶיךָ,Winter · 70 of 91 · Shov · F4 letter 1 · Eicha 4:1 · א,1st cycle 13 · day 5 of 13 · Mimei Kedem,Year-Cycle 5 · day 11 of 55,OC 321–322 · Orach Chaim · 321 of 728,Vayikra · D5 · P4 · C4,set 7 · 21/28 · Circumcision 2–3,Torah 161 · Zohar II 114–117,§ 187 (p. 103) · Vayikra,Lo Taaseh 244–245,LT Bamidbar · Folio 38 · day 189 of 364,Prayer 94 — second half · day 189 of 364,"Tosefta Kiddushin 3, 4, 5 &amp; Tosefta Bava Kama 1 · Week 23 · Day 7",Hoshea 8 & 9 · Week 23 · Day 7,Chapter 13 · cycle 13 · day 5 of 13,Sichos HaRan · §161 of 308 · day 161 of 369,OC 321–322 · half-days 321 & 322,Vayikra,Rav Pe’alim · Vol II · Even HaEzer 2 · Vol II · Even HaEzer 3,Se’if ז׳ · day 5 of 13,בְּרֵאשִׁית בָּרָא אֶלֹקִים אֵת הַשָׁמַיִם וְאֵת הָאָרֶץ · בראשית א:א,Circumcision 2–3,Ketubot · 8a · Adar / Purim,Emunah — 26/27 · Emunah — 27/27,Story 47 · 48 · Vayikra,Niddah 7 · נִדָּה,Class 70 · of 118,Vayikra · Day 5,Day 161 · of 369,Chapter 13 · cycle 13,Say Thank You and See Miracles (The Garden of Miracles) · cycle 13 of 13,Phase 13 · day 5 of 13,Gate 13 · Gate 14 · Gate 15 · day 5 of 13,She'ar Avot HaTumot · Tumat Ochlin · Kelim · set 7 of 14 · day 21 of 28,Niddah 7 · review,Story 189 · Parshat Vayikra
162,2027-03-19,10 Adar II,Vayikra,Torah 162 · KST § 188 (p. 103) · Lo Taaseh 243–246,ח Chet · עח · set 8 · day 8 of 22,Chesed shebeMalchut · shebeNetzach · day 43 of 49,הקם · 16 of 72 · אִמֵּר 16 · אֵלֶיךָ,Winter · 71 of 91 · Shov · F4 letter 2 · Eicha 4:2 · ב,1st cycle 13 · day 6 of 13 · Mimei Kedem,Year-Cycle 5 · day 12 of 55,OC 323–324 · Orach Chaim · 323 of 728,Vayikra · D6 · P4 · C4,set 7 · 22/28 · Circumcision 4–5,Torah 162 · Zohar II 118–119,§ 188 (p. 103) · Vayikra,Lo Taaseh 243–246,LT Bamidbar · Folio 39 · day 190 of 364,Prayer 95 — first half · day 190 of 364,Kiddushin 1 & 2 · Week 24 · Day 1,Hoshea 10 & 11 · Week 24 · Day 1,Chapter 13 · cycle 13 · day 6 of 13,Sichos HaRan · §162 of 308 · day 162 of 369,OC 323–324 · half-days 323 & 324,Vayikra,Ben Ish Chai · Halachot,Se’if ח׳ · day 6 of 13,וְשִׁנַנְתָּם לְבָנֶיךָ וְדִבַּרְתָּ בָּם בְּשִׁבְתְּךָ בְּבֵיתֶךָ וּבְלֶכְתְּךָ בַדֶרֶךְ וּבְשָׁכְבְּךָ וּבְקוּמֶךָ · דברים ו:ז,Circumcision 4–5,Ketubot · 8a · Adar / Purim,Emunah — 26/27 · Emunah — 27/27,Story 47 · 48 · Vayikra,Niddah 8 · נִדָּה,Class 71 · of 118,Vayikra · Day 6,Day 162 · of 369,Chapter 13 · cycle 13,Say Thank You and See Miracles (The Garden of Miracles) · cycle 13 of 13,Phase 13 · day 6 of 13,Gate 16 · Gate 17 · Gate 18 · day 6 of 13,Mikvaot · Nizkei Mamon · Genevah · set 7 of 14 · day 22 of 28,Niddah 8 · review,Story 190 · Parshat Vayikra
163,2027-03-20,11 Adar II,Vayikra,Torah 163 · KST § 189–190 (p. 104) · Lo Taaseh 247–248,ט Tet · סט · set 8 · day 9 of 22,Gevurah shebeMalchut · shebeNetzach · day 44 of 49,לאו · 17 of 72 · חֵזִיר 17 · אֵלֶיךָ,Winter · 72 of 91 · Shov · F4 letter 3 · Eicha 4:3 · ג,1st cycle 13 · day 7 of 13 · Mimei Kedem,Year-Cycle 5 · day 13 of 55,OC 325–326 · Orach Chaim · 325 of 728,Vayikra · D7 · P4 · C4,set 7 · 23/28 · Slaves 1–2 · Vayikra,Torah 163 · Zohar II 120–121,§ 189–190 (p. 104) · Vayikra,Lo Taaseh 247–248,LT Bamidbar · Folio 40 · day 191 of 364,Prayer 95 — second half · day 191 of 364,Kiddushin 3 & 4 · Week 24 · Day 2,Hoshea 12 & 13 · Week 24 · Day 2,Chapter 13 · cycle 13 · day 7 of 13,Sichos HaRan · §163 of 308 · day 163 of 369,OC 325–326 · half-days 325 & 326,Vayikra,Ben Ish Chai · Drash · Vayikra · Drash,Se’if ט׳ · day 7 of 13,"יָגַעְתִּי וְלֹא מָצָאתִי אַל תַּאַמִין לֹא יָגַעְתִּי וּמָצָאתִי אַל תַּאַמִין יָגַעְתִּי וּמָצָאתִי תַּאַמִין · מגילה ו,ב",Slaves 1–2,Ketubot · 8a · Adar / Purim,Emunah — 26/27 · Emunah — 27/27,Story 47 · 48 · Vayikra,Niddah 9 · נִדָּה,Class 72 · of 118,Sefer Yetzirah · 3:4,Day 163 · of 369,Chapter 13 · cycle 13,Say Thank You and See Miracles (The Garden of Miracles) · cycle 13 of 13,Phase 13 · day 7 of 13,Gate 19 · Gate 20 · Gate 21 · day 7 of 13,Gezelah v'Avedah · Chovel u'Mazik · Rotze'ach u'Shmirat Ne · set 7 of 14 · day 23 of 28,Niddah 9 · review,Story 191 · Parshat Vayikra
164,2027-03-21,12 Adar II,Tzav,Torah 164 · KST § 191 (p. 105) · Lo Taaseh 246–249,י Yud · עי · set 8 · day 10 of 22,Tiferet shebeMalchut · shebeNetzach · day 45 of 49,כלי · 18 of 72 · הַפִּצֵּץ 18 · אֵלֶיךָ,Winter · 73 of 91 · Shov · F4 letter 4 · Eicha 4:4 · ד,1st cycle 13 · day 8 of 13 · Mimei Kedem,Year-Cycle 5 · day 14 of 55,OC 327–328 · Orach Chaim · 327 of 728,Tzav · D1 · P5 · C4,set 7 · 24/28 · Converts 1–2,Torah 164 · Zohar II 122–123,§ 191 (p. 105) · Tzav,Lo Taaseh 246–249,LT Bamidbar · Folio 41 · day 192 of 364,Prayer 96 — first half · day 192 of 364,Bava Kama 1 & 2 · Week 24 · Day 3,Hoshea 14 &amp; Joel 1 · Week 24 · Day 3,Chapter 13 · cycle 13 · day 8 of 13,Sichos HaRan · §164 of 308 · day 164 of 369,OC 327–328 · half-days 327 & 328,Tzav,Rav Pe’alim · Vol II · Even HaEzer 4 · Vol II · Even HaEzer 5,Se’if י׳ · day 8 of 13,וְאָהַבְתָּ לְרֵעַךָ כָּמוֹךָ – רַבִּי עַקִיבָא אוֹמֵר זֶה כְּלָל גָדוֹל בַּתּוֹרָה · ויקרא יט:יח,Converts 1–2,Ketubot · 8a · Adar / Purim,Making a Living — 1/4 · Making a Living — 2/4,Story 49 · 50 · Tzav,Niddah 10 · נִדָּה,Class 73 · of 118,Tzav · Day 1,Day 164 · of 369,Chapter 13 · cycle 13,Say Thank You and See Miracles (The Garden of Miracles) · cycle 13 of 13,Phase 13 · day 8 of 13,Gate 22 · Gate 23 · Gate 24 · day 8 of 13,Mechirah · Zechiyah u'Matanah · Shecheinim · set 7 of 14 · day 24 of 28,Niddah 10 · review,Story 192 · Parshat Tzav
165,2027-03-22,13 Adar II,Tzav,Torah 165 · KST § 192 (p. 106) · Lo Taaseh 250–251,כ Kaf · סכ · set 8 · day 11 of 22,Netzach shebeMalchut · shebeNetzach · day 46 of 49,לוו · 19 of 72 · פְּתַחְיָה 19 · אֵלֶיךָ,Winter · 74 of 91 · Shov · F4 letter 5 · Eicha 4:5 · ה,1st cycle 13 · day 9 of 13 · Mimei Kedem,Year-Cycle 5 · day 15 of 55,OC 329–330 · Orach Chaim · 329 of 728,Tzav · D2 · P5 · C4,set 7 · 25/28 · Converts 3 · a Torah Scroll 1,Torah 165 · Zohar II 124–125,§ 192 (p. 106) · Tzav,Lo Taaseh 250–251,LT Bamidbar · Folio 42 · day 193 of 364,Prayer 96 — second half · day 193 of 364,Bava Kama 3 & 4 · Week 24 · Day 4,Joel 2 & 3 · Week 24 · Day 4,Chapter 13 · cycle 13 · day 9 of 13,Sichos HaRan · §165 of 308 · day 165 of 369,OC 329–330 · half-days 329 & 330,Tzav,Rav Pe’alim · Vol II · Even HaEzer 6 · Vol II · Even HaEzer 7,Se’if י״א · day 9 of 13,וְזֶה כָּל הָאָדָם וְתַכְלִית בְּרִיאָתוֹ וּבְרִיאַת כָּל הָעוֹלָמוֹת עֶלְיוֹנִים וְתַּחְתּוֹנִים לִהְיוֹת לוֹ דִירָה זוֹ בְּתַּחְתּוֹנִים · תניא פרק לג,Converts 3 · a Torah Scroll 1,Ketubot · 8a · Adar / Purim,Making a Living — 1/4 · Making a Living — 2/4,Story 49 · 50 · Tzav,Niddah 11 · נִדָּה,Class 74 · of 118,Tzav · Day 2,Day 165 · of 369,Chapter 13 · cycle 13,Say Thank You and See Miracles (The Garden of Miracles) · cycle 13 of 13,Phase 13 · day 9 of 13,Gate 25 · Gate 26 · Gate 27 · day 9 of 13,Shluchin v'Shutafin · Avadim · Sechirut · set 7 of 14 · day 25 of 28,Niddah 11 · review,Story 193 · Parshat Tzav
166,2027-03-23,14 Adar II,Tzav,Torah 166 · KST § 193 (p. 106) · Lo Taaseh 249–252,ל Lamed · על · set 8 · day 12 of 22,Hod shebeMalchut · shebeNetzach · day 47 of 49,פהל · 20 of 72 · יְחֶזְקֵאל 20 · אֵלֶיךָ,Winter · 75 of 91 · Shov · F4 letter 6 · Eicha 4:6 · ו,1st cycle 13 · day 10 of 13 · Mimei Kedem,Year-Cycle 5 · day 16 of 55,OC 331–332 · Orach Chaim · 331 of 728,Tzav · D3 · P5 · C4,set 7 · 26/28 · a Torah Scroll 2–3,Torah 166 · Zohar II 126–127,§ 193 (p. 106) · Tzav,Lo Taaseh 249–252,LT Bamidbar · Folio 43 · day 194 of 364,Prayer 97 — first half · day 194 of 364,Bava Kama 5 & 6 · Week 24 · Day 5,Joel 4 &amp; Amos 1 · Week 24 · Day 5,Chapter 13 · cycle 13 · day 10 of 13,Sichos HaRan · §166 of 308 · day 166 of 369,OC 331–332 · half-days 331 & 332,Tzav,Rav Pe’alim · Vol II · Even HaEzer 8 · Vol II · Even HaEzer 9,Se’if י״ב · day 10 of 13,יִשְׂמַח יִשְׂרָאֵל בְּעוֹשָׂיו פֵּירוּש שֶׁכָּל מִי שֶׁהוּא מִזֶרַע יִשְׂרָאֵל יֵשׁ לוֹ לִשְׂמוֹחַ בְּשִׂמְחַת ה׳ אַשֶׁר שָׂשׂ וְשָׂמֵחַ בְּדִירָתוֹ בְּתַּחְתּוֹנִים · תניא פרק לג,a Torah Scroll 2–3,Nedarim · 8b · Adar,Making a Living — 1/4 · Making a Living — 2/4,Story 49 · 50 · Tzav,Niddah 12 · נִדָּה,Class 75 · of 118,Tzav · Day 3,Day 166 · of 369,Chapter 13 · cycle 13,Say Thank You and See Miracles (The Garden of Miracles) · cycle 13 of 13,Phase 13 · day 10 of 13,Gate 28 · Gate 29 · Gate 30 · day 10 of 13,She'elah u'Fikadon · Malveh v'Loveh · To'en v'Nit'an · set 7 of 14 · day 26 of 28,Niddah 12 · review,Story 194 · Parshat Tzav
167,2027-03-24,15 Adar II,Tzav,Torah 167 · KST § 194 (p. 108) · Lo Taaseh 253–254,מ Mem · סמ · set 8 · day 13 of 22,Yesod shebeMalchut · shebeNetzach · day 48 of 49,נלך · 21 of 72 · יָכִין 21 · אֵלֶיךָ,Winter · 76 of 91 · Shov · F4 letter 7 · Eicha 4:7 · ז,1st cycle 13 · day 11 of 13 · Mimei Kedem,Year-Cycle 5 · day 17 of 55,OC 333–334 · Orach Chaim · 333 of 728,Tzav · D4 · P5 · C4,set 7 · 27/28 · a Torah Scroll 4 · a Mezuzah 1,Torah 167 · Zohar II 128–129,§ 194 (p. 108) · Tzav,Lo Taaseh 253–254,LT Bamidbar · Folio 44 · day 195 of 364,Prayer 97 — second half · day 195 of 364,"Tosefta Bava Kama 2, 3, 4, 5 · Week 24 · Day 6",Amos 2 & 3 · Week 24 · Day 6,Chapter 13 · cycle 13 · day 11 of 13,Sichos HaRan · §167 of 308 · day 167 of 369,OC 333–334 · half-days 333 & 334,Tzav,Rav Pe’alim · Vol II · Even HaEzer 10 · Vol II · Even HaEzer 11,Overview · day 11 of 13,"All twelve · Mivtza Chinuch, 5736",a Torah Scroll 4 · a Mezuzah 1,Nedarim · 8b · Adar,Making a Living — 1/4 · Making a Living — 2/4,Story 49 · 50 · Tzav,Niddah 13 · נִדָּה,Class 76 · of 118,Tzav · Day 4,Day 167 · of 369,Chapter 13 · cycle 13,Say Thank You and See Miracles (The Garden of Miracles) · cycle 13 of 13,Phase 13 · day 11 of 13,Gate 31 · Gate 32 · Ohr Ne’erav I · day 11 of 13,Nachalot · Sanhedrin · Edut · set 7 of 14 · day 27 of 28,Niddah 13 · review,Story 195 · Parshat Tzav
168,2027-03-25,16 Adar II,Tzav,Torah 168 · KST § 195 (p. 110) · Lo Taaseh 252–255,נ Nun · ענ · set 8 · day 14 of 22,Malchut shebeMalchut · shebeNetzach · day 49 of 49,ייי · 22 of 72 · גָּמוּל 22 · אֵלֶיךָ,Winter · 77 of 91 · Shov · F4 letter 8 · Eicha 4:8 · ח,1st cycle 13 · day 12 of 13 · Mimei Kedem,Year-Cycle 5 · day 18 of 55,OC 335–336 · Orach Chaim · 335 of 728,Tzav · D5 · P5 · C4,set 7 · 28/28 · a Mezuzah 2–3,Torah 168 · Zohar II 130–133,§ 195 (p. 110) · Tzav,Lo Taaseh 252–255,LT Bamidbar · Folio 45 · day 196 of 364,Prayer 98 — first half · day 196 of 364,"Tosefta Bava Kama 6, 7, 8, 9 · Week 24 · Day 7",Amos 4 & 5 · Week 24 · Day 7,Chapter 13 · cycle 13 · day 12 of 13,Sichos HaRan · §168 of 308 · day 168 of 369,OC 335–336 · half-days 335 & 336,Tzav,Rav Pe’alim · Vol II · Even HaEzer 12 · Vol II · Even HaEzer 13,Se’if א׳ · day 12 of 13,תּוֹרָה צִוָה לָנוּ מֹשֶׁה מוֹרָשָׁה קְהִלַת יַעֲקֹב · דברים לג:ד,a Mezuzah 2–3,Nedarim · 8b · Adar,Making a Living — 1/4 · Making a Living — 2/4,Story 49 · 50 · Tzav,Niddah 14 · נִדָּה,Class 77 · of 118,Tzav · Day 5,Day 168 · of 369,Chapter 13 · cycle 13,Say Thank You and See Miracles (The Garden of Miracles) · cycle 13 of 13,Phase 13 · day 12 of 13,Ohr Ne’erav II · Ohr Ne’erav III · Ohr Ne’erav IV · day 12 of 13,Mamrim · Evel · Melachim u'Milchamos · set 7 of 14 · day 28 of 28,Niddah 14 · review,Story 196 · Parshat Tzav
169,2027-03-26,17 Adar II,Tzav,Torah 169 · KST § 196 (p. 110) · Lo Taaseh 256–257,ס Samech · סע · set 8 · day 15 of 22,Chesed shebeChesed · shebeHod · day 1 of 49,מלה · 23 of 72 · דְּלָיָהוּ 23 · אֵלֶיךָ,Winter · 78 of 91 · Shov · F4 letter 9 · Eicha 4:9 · ט,1st cycle 13 · day 13 of 13 · Mimei Kedem,Year-Cycle 5 · day 19 of 55,OC 337–338 · Orach Chaim · 337 of 728,Tzav · D6 · P5 · C4,set 8 · 1/28 · a Mezuzah 4 · Sending Away the Mother Bird 1,Torah 169 · Zohar II 134–135,§ 196 (p. 110) · Tzav,Lo Taaseh 256–257,LT Bamidbar · Folio 46 · day 197 of 364,Prayer 98 — second half · day 197 of 364,Bava Kama 7 & 8 · Week 25 · Day 1,Amos 6 & 7 · Week 25 · Day 1,Chapter 13 · cycle 13 · day 13 of 13,Sichos HaRan · §169 of 308 · day 169 of 369,OC 337–338 · half-days 337 & 338,Tzav,Ben Ish Chai · Halachot,Se’if ב׳ · day 13 of 13,שְׁמַע יִשְׂרָאֵל ה׳ אֶלֹקֵינוּ ה׳ אֶחָד · דברים ו:ד,a Mezuzah 4 · Sending Away the Mother Bird 1,Nedarim · 8b · Adar,Making a Living — 1/4 · Making a Living — 2/4,Story 49 · 50 · Tzav,Niddah 15 · נִדָּה,Class 78 · of 118,Tzav · Day 6,Day 169 · of 369,Chapter 13 · cycle 13,Say Thank You and See Miracles (The Garden of Miracles) · cycle 13 of 13,Phase 13 · day 13 of 13,Ohr Ne’erav V · Ohr Ne’erav VI · Ohr Ne’erav VII · day 13 of 13,Enumeration of the 613 Mitzvos · Yesodei HaTorah · De'ot · set 8 of 14 · day 1 of 28,Niddah 15 · review,Story 197 · Parshat Tzav
170,2027-03-27,18 Adar II,Tzav,Torah 170 · KST § 197–198 (p. 111) · Lo Taaseh 255–258,ע Ayin · עס · set 8 · day 16 of 22,Gevurah shebeChesed · shebeHod · day 2 of 49,חהו · 24 of 72 · מַעַזְיָהוּ 24 · אֵלֶיךָ,Winter · 79 of 91 · Shov · F4 letter 10 · Eicha 4:10 · י,2nd cycle 1 · day 1 of 13 · Hashem,Year-Cycle 5 · day 20 of 55,OC 339–340 · Orach Chaim · 339 of 728,Tzav · D7 · P5 · C4,set 8 · 2/28 · Sending Away the Mother Bird 2–3 · Tzav,Torah 170 · Zohar II 136–137,§ 197–198 (p. 111) · Tzav,Lo Taaseh 255–258,LT Bamidbar · Folio 47 · day 198 of 364,Prayer 99 — first half · day 198 of 364,Bava Kama 9 & 10 · Week 25 · Day 2,Amos 8 & 9 · Week 25 · Day 2,Tale 1 — The Lost Princess · cycle 14 · day 1 of 13,Sichos HaRan · §170 of 308 · day 170 of 369,OC 339–340 · half-days 339 & 340,Tzav,Ben Ish Chai · Drash · Tzav · Drash,Se’if ג׳ · day 1 of 13,"בְּכָל דוֹר וָדוֹר חַיָיב אָדָם לִרְאוֹת אֶת עַצְמוֹ כְּאִלוּ הוּא יָצָא מִמִצְרָיִם · פסחים קטז,ב",Sending Away the Mother Bird 2–3,Nedarim · 8b · Adar,Making a Living — 1/4 · Making a Living — 2/4,Story 49 · 50 · Tzav,Niddah 16 · נִדָּה,Class 79 · of 118,Sefer Yetzirah · 3:5,Day 170 · of 369,Chapter 1 · cycle 14,The Garden of Emuna · cycle 1 of 13,Phase 1 · day 1 of 13,Gate 1 · Gate 2 · Gate 3 · day 1 of 13,Talmud Torah · Avodah Zarah · Teshuvah · set 8 of 14 · day 2 of 28,Niddah 16 · review,Story 198 · Parshat Tzav
171,2027-03-28,19 Adar II,Shmini,Torah 171 · KST § 199 (p. 111) · Lo Taaseh 259–260,פ Peh · פע · set 8 · day 17 of 22,Tiferet shebeChesed · shebeHod · day 3 of 49,נתה · 25 of 72 · יְהוֹיָרִיב 1 · וִיחֻנֶּךָּ,Winter · 80 of 91 · Shov · F4 letter 11 · Eicha 4:11 · כ,2nd cycle 1 · day 2 of 13 · Hashem,Year-Cycle 5 · day 21 of 55,OC 341–342 · Orach Chaim · 341 of 728,Shmini · D1 · P6 · C4,set 8 · 3/28 · Sending Away the Mother Bird 4–5,Torah 171 · Zohar II 138–139,§ 199 (p. 111) · Shmini,Lo Taaseh 259–260,LT Bamidbar · Folio 48 · day 199 of 364,Prayer 99 — second half · day 199 of 364,Bava Metzia 1 & 2 · Week 25 · Day 3,Obadiah 1 &amp; Yonah 1 · Week 25 · Day 3,Tale 1 — The Lost Princess · cycle 14 · day 2 of 13,Sichos HaRan · §171 of 308 · day 171 of 369,OC 341–342 · half-days 341 & 342,Shmini,Rav Pe’alim · Vol II · Even HaEzer 14 · Vol II · Even HaEzer 15,Se’if ד׳ · day 2 of 13,"כָּל יִשְׂרָאֵל יֵשׁ לָהֶם חֵלֶק לְעוֹלָם הַבָּא שֶׁנֶאֱמַר וְעַמֵךְ כּוּלָם צַדִיקִים לְעוֹלָם יִירְשׁוּ אָרֶץ נֵצֶר מַטָעַי מַעֲשֵׂה יָדַי לְהִתְפָּאֵר · סנהדרין צ,א",Sending Away the Mother Bird 4–5,Nedarim · 8b · Adar,Making a Living — 3/4 · Making a Living — 4/4,Story 51 · 52 · Shmini,Niddah 17 · נִדָּה,Class 80 · of 118,Shmini · Day 1,Day 171 · of 369,Chapter 1 · cycle 14,The Garden of Emuna · cycle 1 of 13,Phase 1 · day 2 of 13,Gate 4 · Gate 5 · Gate 6 · day 2 of 13,"Kriat Shema · Tefilah u'Birkat Kohanim · Tefillin, Mezuzah · set 8 of 14 · day 3 of 28",Niddah 17 · review,Story 199 · Parshat Shmini
172,2027-03-29,20 Adar II,Shmini,Torah 172 · KST § 200 (p. 112) · Lo Taaseh 258–261,צ Tzaddik · צס · set 8 · day 18 of 22,Netzach shebeChesed · shebeHod · day 4 of 49,האא · 26 of 72 · יְדַעְיָה 2 · וִיחֻנֶּךָּ,Winter · 81 of 91 · Shov · F4 letter 12 · Eicha 4:12 · ל,2nd cycle 1 · day 3 of 13 · Hashem,Year-Cycle 5 · day 22 of 55,OC 343–344 · Orach Chaim · 343 of 728,Shmini · D2 · P6 · C4,set 8 · 4/28 · New Grain 1–2,Torah 172 · Zohar II 140–141,§ 200 (p. 112) · Shmini,Lo Taaseh 258–261,LT Bamidbar · Folio 49 · day 200 of 364,Prayer 100 — first half · day 200 of 364,Bava Metzia 3 & 4 · Week 25 · Day 4,Yonah 2 & 3 · Week 25 · Day 4,Tale 1 — The Lost Princess · cycle 14 · day 3 of 13,Sichos HaRan · §172 of 308 · day 172 of 369,OC 343–344 · half-days 343 & 344,Shmini,Rav Pe’alim · Vol II · Even HaEzer 16 · Vol II · Even HaEzer 17,Se’if ה׳ · day 3 of 13,כִּי קָרוֹב אֵלֶיךָ הַדָבָר מְאֹד בְּפִיךָ וּבִּלְבָבְךָ לַעֲשׂוֹתוֹ · דברים ל:יד,New Grain 1–2,Nedarim · 8b · Adar,Making a Living — 3/4 · Making a Living — 4/4,Story 51 · 52 · Shmini,Niddah 18 · נִדָּה,Class 81 · of 118,Shmini · Day 2,Day 172 · of 369,Chapter 1 · cycle 14,The Garden of Emuna · cycle 1 of 13,Phase 1 · day 3 of 13,Gate 7 · Gate 8 · Gate 9 · day 3 of 13,Tzitzit · Berachot · Milah · set 8 of 14 · day 4 of 28,Niddah 18 · review,Story 200 · Parshat Shmini
173,2027-03-30,21 Adar II,Shmini,Torah 173 · KST § 201 (p. 113) · Lo Taaseh 262–263,ק Kuf · קע · set 8 · day 19 of 22,Hod shebeChesed · shebeHod · day 5 of 49,ירת · 27 of 72 · חָרִם 3 · וִיחֻנֶּךָּ,Winter · 82 of 91 · Shov · F4 letter 13 · Eicha 4:13 · מ,2nd cycle 1 · day 4 of 13 · Hashem,Year-Cycle 5 · day 23 of 55,OC 345–346 · Orach Chaim · 345 of 728,Shmini · D3 · P6 · C4,set 8 · 5/28 · New Grain 3–4,Torah 173 · Zohar II 142–143,§ 201 (p. 113) · Shmini,Lo Taaseh 262–263,LT Bamidbar · Folio 50 · day 201 of 364,Prayer 100 — second half · day 201 of 364,Bava Metzia 5 & 6 · Week 25 · Day 5,Yonah 4 &amp; Micha 1 · Week 25 · Day 5,Tale 1 — The Lost Princess · cycle 14 · day 4 of 13,Sichos HaRan · §173 of 308 · day 173 of 369,OC 345–346 · half-days 345 & 346,Shmini,Rav Pe’alim · Vol II · Even HaEzer 18 · Vol II · Even HaEzer 19,Se’if ו׳ · day 4 of 13,וְהִנֵה ה׳ נִצָב עָלָיו וּמְלֹא כָל הָאָרֶץ כּבוֹדוֹ וּמַבִּיט עָלָיו וּבוֹחֵן כְּלָיוֹת וָלֵב אִם עוֹבְדוֹ כָּרָאוּי · תניא פרק מא,New Grain 3–4,Nedarim · 8b · Adar,Making a Living — 3/4 · Making a Living — 4/4,Story 51 · 52 · Shmini,Niddah 19 · נִדָּה,Class 82 · of 118,Shmini · Day 3,Day 173 · of 369,Chapter 1 · cycle 14,The Garden of Emuna · cycle 1 of 13,Phase 1 · day 4 of 13,Gate 10 · Gate 11 · Gate 12 · day 4 of 13,Shabbat · Eruvin · Shevitat Asor · set 8 of 14 · day 5 of 28,Niddah 19 · review,Story 201 · Parshat Shmini
174,2027-03-31,22 Adar II,Shmini,Torah 174 · KST § 202 (p. 113) · Lo Taaseh 261–264,ר Reish · רס · set 8 · day 20 of 22,Yesod shebeChesed · shebeHod · day 6 of 49,שאה · 28 of 72 · שְׂעֹרִים 4 · וִיחֻנֶּךָּ,Winter · 83 of 91 · Shov · F4 letter 14 · Eicha 4:14 · נ,2nd cycle 1 · day 5 of 13 · Hashem,Year-Cycle 5 · day 24 of 55,OC 347–348 · Orach Chaim · 347 of 728,Shmini · D4 · P6 · C4,set 8 · 6/28 · Three Year Old Trees 1–2,Torah 174 · Zohar II 144–145,§ 202 (p. 113) · Shmini,Lo Taaseh 261–264,LT Bamidbar · Folio 51 · day 202 of 364,Prayer 101 — first half · day 202 of 364,"Tosefta Bava Kama 10, 11 &amp; Tosefta Bava Metzia 1, 2 · Week 25 · Day 6",Micha 2 & 3 · Week 25 · Day 6,Tale 1 — The Lost Princess · cycle 14 · day 5 of 13,Sichos HaRan · §174 of 308 · day 174 of 369,OC 347–348 · half-days 347 & 348,Shmini,Rav Pe’alim · Vol II · Even HaEzer 20 · Vol II · Even HaEzer 21,Se’if ז׳ · day 5 of 13,בְּרֵאשִׁית בָּרָא אֶלֹקִים אֵת הַשָׁמַיִם וְאֵת הָאָרֶץ · בראשית א:א,Three Year Old Trees 1–2,Nedarim · 8b · Adar,Making a Living — 3/4 · Making a Living — 4/4,Story 51 · 52 · Shmini,Niddah 20 · נִדָּה,Class 83 · of 118,Shmini · Day 4,Day 174 · of 369,Chapter 1 · cycle 14,The Garden of Emuna · cycle 1 of 13,Phase 1 · day 5 of 13,Gate 13 · Gate 14 · Gate 15 · day 5 of 13,"Shevitat Yom Tov · Chametz u'Matzah · Shofar, Sukkah v'Lul · set 8 of 14 · day 6 of 28",Niddah 20 · review,Story 202 · Parshat Shmini
175,2027-04-01,23 Adar II,Shmini,Torah 175 · KST § 203 (p. 114) · Lo Taaseh 265–266,ש Shin · שע · set 8 · day 21 of 22,Malchut shebeChesed · shebeHod · day 7 of 49,ריי · 29 of 72 · מַלְכִּיָּה 5 · וִיחֻנֶּךָּ,Winter · 84 of 91 · Shov · F4 letter 15 · Eicha 4:15 · ס,2nd cycle 1 · day 6 of 13 · Hashem,Year-Cycle 5 · day 25 of 55,OC 349–350 · Orach Chaim · 349 of 728,Shmini · D5 · P6 · C4,set 8 · 7/28 · Three Year Old Trees 3–4,Torah 175 · Zohar II 146–149,§ 203 (p. 114) · Shmini,Lo Taaseh 265–266,LT Bamidbar · Folio 52 · day 203 of 364,Prayer 101 — second half · day 203 of 364,"Tosefta Bava Metzia 3, 4, 5, 6 · Week 25 · Day 7",Micha 4 & 5 · Week 25 · Day 7,Tale 1 — The Lost Princess · cycle 14 · day 6 of 13,Sichos HaRan · §175 of 308 · day 175 of 369,OC 349–350 · half-days 349 & 350,Shmini,Rav Pe’alim · Vol II · Even HaEzer 22 · Vol II · Even HaEzer 23,Se’if ח׳ · day 6 of 13,וְשִׁנַנְתָּם לְבָנֶיךָ וְדִבַּרְתָּ בָּם בְּשִׁבְתְּךָ בְּבֵיתֶךָ וּבְלֶכְתְּךָ בַדֶרֶךְ וּבְשָׁכְבְּךָ וּבְקוּמֶךָ · דברים ו:ז,Three Year Old Trees 3–4,Nedarim · 8b · Adar,Making a Living — 3/4 · Making a Living — 4/4,Story 51 · 52 · Shmini,Niddah 21 · נִדָּה,Class 84 · of 118,Shmini · Day 5,Day 175 · of 369,Chapter 1 · cycle 14,The Garden of Emuna · cycle 1 of 13,Phase 1 · day 6 of 13,Gate 16 · Gate 17 · Gate 18 · day 6 of 13,Shekalim · Kiddush HaChodesh · Ta'aniyot · set 8 of 14 · day 7 of 28,Niddah 21 · review,Story 203 · Parshat Shmini
176,2027-04-02,24 Adar II,Shmini,Torah 176 · KST § 204 (p. 114) · Lo Taaseh 264–267,ת Tav · תס · set 8 · day 22 of 22,Chesed shebeGevurah · shebeHod · day 8 of 49,אום · 30 of 72 · מִיָּמִן 6 · וִיחֻנֶּךָּ,Winter · 85 of 91 · Shov · F4 letter 16 · Eicha 4:16 · פ,2nd cycle 1 · day 7 of 13 · Hashem,Year-Cycle 5 · day 26 of 55,OC 351–352 · Orach Chaim · 351 of 728,Shmini · D6 · P6 · C4,set 8 · 8/28 · Three Year Old Trees 5 · Mixed Crops 1,Torah 176 · Zohar II 150–151,§ 204 (p. 114) · Shmini,Lo Taaseh 264–267,LT Bamidbar · Folio 53 · day 204 of 364,Prayer 102 — first half · day 204 of 364,Bava Metzia 7 & 8 · Week 26 · Day 1,Micha 6 & 7 · Week 26 · Day 1,Tale 1 — The Lost Princess · cycle 14 · day 7 of 13,Sichos HaRan · §176 of 308 · day 176 of 369,OC 351–352 · half-days 351 & 352,Shmini,Ben Ish Chai · Halachot,Se’if ט׳ · day 7 of 13,"יָגַעְתִּי וְלֹא מָצָאתִי אַל תַּאַמִין לֹא יָגַעְתִּי וּמָצָאתִי אַל תַּאַמִין יָגַעְתִּי וּמָצָאתִי תַּאַמִין · מגילה ו,ב",Three Year Old Trees 5 · Mixed Crops 1,Nedarim · 8b · Adar,Making a Living — 3/4 · Making a Living — 4/4,Story 51 · 52 · Shmini,Niddah 22 · נִדָּה,Class 85 · of 118,Shmini · Day 6,Day 176 · of 369,Chapter 1 · cycle 14,The Garden of Emuna · cycle 1 of 13,Phase 1 · day 7 of 13,Gate 19 · Gate 20 · Gate 21 · day 7 of 13,Megillah v'Chanukah · Ishut · Geirushin · set 8 of 14 · day 8 of 28,Niddah 22 · review,Story 204 · Parshat Shmini
177,2027-04-03,25 Adar II,Shmini,Torah 177 · KST § 205–206 (p. 114) · Lo Taaseh 268–269,א Alef · פא · set 9 · day 1 of 22,Gevurah shebeGevurah · shebeHod · day 9 of 49,לכב · 31 of 72 · הַקּוֹץ 7 · וִיחֻנֶּךָּ,Winter · 86 of 91 · Shov · F4 letter 17 · Eicha 4:17 · ע,2nd cycle 1 · day 8 of 13 · Hashem,Year-Cycle 5 · day 27 of 55,OC 353–354 · Orach Chaim · 353 of 728,Shmini · D7 · P6 · C4,set 8 · 9/28 · Mixed Crops 2–3 · Shmini,Torah 177 · Zohar II 152–153,§ 205–206 (p. 114) · Shmini,Lo Taaseh 268–269,LT Bamidbar · Folio 54 · day 205 of 364,Prayer 102 — second half · day 205 of 364,Bava Metzia 9 & 10 · Week 26 · Day 2,Nachum 1 & 2 · Week 26 · Day 2,Tale 1 — The Lost Princess · cycle 14 · day 8 of 13,Sichos HaRan · §177 of 308 · day 177 of 369,OC 353–354 · half-days 353 & 354,Shmini,Ben Ish Chai · Drash · Shmini · Drash,Se’if י׳ · day 8 of 13,וְאָהַבְתָּ לְרֵעַךָ כָּמוֹךָ – רַבִּי עַקִיבָא אוֹמֵר זֶה כְּלָל גָדוֹל בַּתּוֹרָה · ויקרא יט:יח,Mixed Crops 2–3,Nazir · 9a · Nisan / Pesach / Omer,Making a Living — 3/4 · Making a Living — 4/4,Story 51 · 52 · Shmini,Niddah 23 · נִדָּה,Class 86 · of 118,Sefer Yetzirah · 3:6,Day 177 · of 369,Chapter 1 · cycle 14,The Garden of Emuna · cycle 1 of 13,Phase 1 · day 8 of 13,Gate 22 · Gate 23 · Gate 24 · day 8 of 13,Yibum v'Chalitzah · Na'arah Betulah · Sotah · set 8 of 14 · day 9 of 28,Niddah 23 · review,Story 205 · Parshat Shmini
178,2027-04-04,26 Adar II,Tazria,Torah 178 · KST § 207 (p. 116) · Lo Taaseh 267–270,ב Bet · צב · set 9 · day 2 of 22,Tiferet shebeGevurah · shebeHod · day 10 of 49,ושר · 32 of 72 · אֲבִיָּה 8 · וִיחֻנֶּךָּ,Winter · 87 of 91 · Shov · F4 letter 18 · Eicha 4:18 · צ,2nd cycle 1 · day 9 of 13 · Hashem,Year-Cycle 5 · day 28 of 55,OC 355–356 · Orach Chaim · 355 of 728,Tazria · D1 · P7 · C4,set 8 · 10/28 · Mixed Breeding 1–2,Torah 178 · Zohar II 154–155,§ 207 (p. 116) · Tazria,Lo Taaseh 267–270,LT Bamidbar · Folio 55 · day 206 of 364,Prayer 103 — first half · day 206 of 364,Bava Batra 1 & 2 · Week 26 · Day 3,Nachum 3 &amp; Habakkuk 1 · Week 26 · Day 3,Tale 1 — The Lost Princess · cycle 14 · day 9 of 13,Sichos HaRan · §178 of 308 · day 178 of 369,OC 355–356 · half-days 355 & 356,Tazria,Rav Pe’alim · Vol II · Even HaEzer 24 · Vol II · Even HaEzer 25,Se’if י״א · day 9 of 13,וְזֶה כָּל הָאָדָם וְתַכְלִית בְּרִיאָתוֹ וּבְרִיאַת כָּל הָעוֹלָמוֹת עֶלְיוֹנִים וְתַּחְתּוֹנִים לִהְיוֹת לוֹ דִירָה זוֹ בְּתַּחְתּוֹנִים · תניא פרק לג,Mixed Breeding 1–2,Nazir · 9a · Nisan / Pesach / Omer,Treatment of Others — 1/5 · Treatment of Others — 2/5,Story 53 · 54 · Tazria,Niddah 24 · נִדָּה,Class 87 · of 118,Tazria · Day 1,Day 178 · of 369,Chapter 1 · cycle 14,The Garden of Emuna · cycle 1 of 13,Phase 1 · day 9 of 13,Gate 25 · Gate 26 · Gate 27 · day 9 of 13,Issurei Biah · Ma'achalot Assurot · Shechitah · set 8 of 14 · day 10 of 28,Niddah 24 · review,Story 206 · Parshat Tazria
179,2027-04-05,27 Adar II,Tazria,Torah 179 · KST § 208 (p. 118) · Lo Taaseh 271–272,ג Gimmel · פג · set 9 · day 3 of 22,Netzach shebeGevurah · shebeHod · day 11 of 49,יחו · 33 of 72 · יֵשׁוּעַ 9 · וִיחֻנֶּךָּ,Winter · 88 of 91 · Shov · F4 letter 19 · Eicha 4:19 · ק,2nd cycle 1 · day 10 of 13 · Hashem,Year-Cycle 5 · day 29 of 55,OC 357–358 · Orach Chaim · 357 of 728,Tazria · D2 · P7 · C4,set 8 · 11/28 · Mixed Breeding 3–4,Torah 179 · Zohar II 156–157,§ 208 (p. 118) · Tazria,Lo Taaseh 271–272,LT Bamidbar · Folio 56 · day 207 of 364,Prayer 103 — second half · day 207 of 364,Bava Batra 3 & 4 · Week 26 · Day 4,Habakkuk 2 & 3 · Week 26 · Day 4,Tale 1 — The Lost Princess · cycle 14 · day 10 of 13,Sichos HaRan · §179 of 308 · day 179 of 369,OC 357–358 · half-days 357 & 358,Tazria,Rav Pe’alim · Vol II · Even HaEzer 26 · Vol II · Even HaEzer 27,Se’if י״ב · day 10 of 13,יִשְׂמַח יִשְׂרָאֵל בְּעוֹשָׂיו פֵּירוּש שֶׁכָּל מִי שֶׁהוּא מִזֶרַע יִשְׂרָאֵל יֵשׁ לוֹ לִשְׂמוֹחַ בְּשִׂמְחַת ה׳ אַשֶׁר שָׂשׂ וְשָׂמֵחַ בְּדִירָתוֹ בְּתַּחְתּוֹנִים · תניא פרק לג,Mixed Breeding 3–4,Nazir · 9a · Nisan / Pesach / Omer,Treatment of Others — 1/5 · Treatment of Others — 2/5,Story 53 · 54 · Tazria,Niddah 25 · נִדָּה,Class 88 · of 118,Tazria · Day 2,Day 179 · of 369,Chapter 1 · cycle 14,The Garden of Emuna · cycle 1 of 13,Phase 1 · day 10 of 13,Gate 28 · Gate 29 · Gate 30 · day 10 of 13,Shevuot · Nedarim · Nezirut · set 8 of 14 · day 11 of 28,Niddah 25 · review,Story 207 · Parshat Tazria
180,2027-04-06,28 Adar II,Tazria,Torah 180 · KST § 209 (p. 119) · Lo Taaseh 270–273,ד Dalet · צד · set 9 · day 4 of 22,Hod shebeGevurah · shebeHod · day 12 of 49,להח · 34 of 72 · שְׁכַנְיָהוּ 10 · וִיחֻנֶּךָּ,Winter · 89 of 91 · Shov · F4 letter 20 · Eicha 4:20 · ר,2nd cycle 1 · day 11 of 13 · Hashem,Year-Cycle 5 · day 30 of 55,OC 359–360 · Orach Chaim · 359 of 728,Tazria · D3 · P7 · C4,set 8 · 12/28 · Fobidden Fabric Blends 1–2,Torah 180 · Zohar II 158–159,§ 209 (p. 119) · Tazria,Lo Taaseh 270–273,LT Bamidbar · Folio 57 · day 208 of 364,Prayer 104 — first half · day 208 of 364,Bava Batra 5 & 6 · Week 26 · Day 5,Tzefanaiah 1 & 2 · Week 26 · Day 5,Tale 1 — The Lost Princess · cycle 14 · day 11 of 13,Sichos HaRan · §180 of 308 · day 180 of 369,OC 359–360 · half-days 359 & 360,Tazria,Rav Pe’alim · Vol II · Even HaEzer 28 · Vol II · Even HaEzer 29,Overview · day 11 of 13,"All twelve · Mivtza Chinuch, 5736",Fobidden Fabric Blends 1–2,Nazir · 9a · Nisan / Pesach / Omer,Treatment of Others — 1/5 · Treatment of Others — 2/5,Story 53 · 54 · Tazria,Niddah 26 · נִדָּה,Class 89 · of 118,Tazria · Day 3,Day 180 · of 369,Chapter 1 · cycle 14,The Garden of Emuna · cycle 1 of 13,Phase 1 · day 11 of 13,Gate 31 · Gate 32 · Ohr Ne’erav I · day 11 of 13,Erchin v'Charamin · Kilayim · Matnot Aniyim · set 8 of 14 · day 12 of 28,Niddah 26 · review,Story 208 · Parshat Tazria
181,2027-04-07,29 Adar II,Tazria,Torah 181 · KST § 210 (p. 119) · Lo Taaseh 274–275,ה Heh · פה · set 9 · day 5 of 22,Yesod shebeGevurah · shebeHod · day 13 of 49,כוק · 35 of 72 · אֶלְיָשִׁיב 11 · וִיחֻנֶּךָּ,Winter · 90 of 91 · Shov · F4 letter 21 · Eicha 4:21 · ש,2nd cycle 1 · day 12 of 13 · Hashem,Year-Cycle 5 · day 31 of 55,OC 361–362 · Orach Chaim · 361 of 728,Tazria · D4 · P7 · C4,set 8 · 13/28 · Fobidden Fabric Blends 3–4,Torah 181 · Zohar II 160–161,§ 210 (p. 119) · Tazria,Lo Taaseh 274–275,LT Bamidbar · Folio 58 · day 209 of 364,Prayer 104 — second half · day 209 of 364,"Tosefta Bava Metzia 7, 8, 9, 10, 11 &amp; Tosefta Bava Batra 1, 2, 3 · Week 26 · Day 6",Tzefanaiah 3 &amp; Chaggai 1 · Week 26 · Day 6,Tale 1 — The Lost Princess · cycle 14 · day 12 of 13,Sichos HaRan · §181 of 308 · day 181 of 369,OC 361–362 · half-days 361 & 362,Tazria,Rav Pe’alim · Vol II · Even HaEzer 30 · Vol II · Even HaEzer 31,Se’if א׳ · day 12 of 13,תּוֹרָה צִוָה לָנוּ מֹשֶׁה מוֹרָשָׁה קְהִלַת יַעֲקֹב · דברים לג:ד,Fobidden Fabric Blends 3–4,Nazir · 9a · Nisan / Pesach / Omer,Treatment of Others — 1/5 · Treatment of Others — 2/5,Story 53 · 54 · Tazria,Niddah 27 · נִדָּה,Class 90 · of 118,Tazria · Day 4,Day 181 · of 369,Chapter 1 · cycle 14,The Garden of Emuna · cycle 1 of 13,Phase 1 · day 12 of 13,Ohr Ne’erav II · Ohr Ne’erav III · Ohr Ne’erav IV · day 12 of 13,Terumot · Ma'aserot · Ma'aser Sheni v'Neta Revai · set 8 of 14 · day 13 of 28,Niddah 27 · review,Story 209 · Parshat Tazria
182,2027-04-08,1 Nisan,Tazria,Torah 182 · KST § 211 (p. 120) · Lo Taaseh 273–276,ו Vav · צו · set 9 · day 6 of 22,Malchut shebeGevurah · shebeHod · day 14 of 49,מנד · 36 of 72 · יָקִים 12 · וִיחֻנֶּךָּ,Winter · 91 of 91 · Shov · F4 letter 22 · Eicha 4:22 · ת,2nd cycle 1 · day 13 of 13 · Hashem,Year-Cycle 5 · day 32 of 55,OC 363–364 · Orach Chaim · 363 of 728,Tazria · D5 · P7 · C4,set 8 · 14/28 · Redeeming the Firstborn 1–2,Torah 182 · Zohar II 162–165,§ 211 (p. 120) · Tazria,Lo Taaseh 273–276,LT Bamidbar · Folio 59 · day 210 of 364,Prayer 105 — first half · day 210 of 364,"Tosefta Bava Batra 4, 5, 6, 7, 8, 9, 10, 11 · Week 26 · Day 7",Chaggai 2 &amp; Zechariah 1 · Week 26 · Day 7,Tale 1 — The Lost Princess · cycle 14 · day 13 of 13,Sichos HaRan · §182 of 308 · day 182 of 369,OC 363–364 · half-days 363 & 364,Tazria,Rav Pe’alim · Vol II · Even HaEzer 32 · Vol II · Even HaEzer 33,Se’if ב׳ · day 13 of 13,שְׁמַע יִשְׂרָאֵל ה׳ אֶלֹקֵינוּ ה׳ אֶחָד · דברים ו:ד,Redeeming the Firstborn 1–2,Nazir · 9a · Nisan / Pesach / Omer,Treatment of Others — 1/5 · Treatment of Others — 2/5,Story 53 · 54 · Tazria,Niddah 28 · נִדָּה,Class 91 · of 118,Tazria · Day 5,Day 182 · of 369,Chapter 1 · cycle 14,The Garden of Emuna · cycle 1 of 13,Phase 1 · day 13 of 13,Ohr Ne’erav V · Ohr Ne’erav VI · Ohr Ne’erav VII · day 13 of 13,Bikkurim · Shemitah v'Yovel · Beit HaBechirah · set 8 of 14 · day 14 of 28,Niddah 28 · review,Story 210 · Parshat Tazria
183,2027-04-09,2 Nisan,Tazria,Torah 183 · KST § 212 (p. 120) · Lo Taaseh 277–278,ז Zayin · פז · set 9 · day 7 of 22,Chesed shebeTiferet · shebeHod · day 15 of 49,אני · 37 of 72 · חֻפָּה 13 · וִיחֻנֶּךָּ,Spring · 1 of 91 · Ratzo · F1 letter 1 · Eicha 1:1 · א,2nd cycle 2 · day 1 of 13 · Hashem,Year-Cycle 5 · day 33 of 55,OC 365–366 · Orach Chaim · 365 of 728,Tazria · D6 · P7 · C4,set 8 · 15/28 · Redeeming the Firstborn 3–4,Torah 183 · Zohar II 166–167,§ 212 (p. 120) · Tazria,Lo Taaseh 277–278,LT Bamidbar · Folio 60 · day 211 of 364,Prayer 105 — second half · day 211 of 364,Bava Batra 7 & 8 · Week 27 · Day 1,Zechariah 2 & 3 · Week 27 · Day 1,Tale 2 — The Emperor and the King · cycle 15 · day 1 of 13,Sichos HaRan · §183 of 308 · day 183 of 369,OC 365–366 · half-days 365 & 366,Tazria,Ben Ish Chai · Halachot,Se’if ג׳ · day 1 of 13,"בְּכָל דוֹר וָדוֹר חַיָיב אָדָם לִרְאוֹת אֶת עַצְמוֹ כְּאִלוּ הוּא יָצָא מִמִצְרָיִם · פסחים קטז,ב",Redeeming the Firstborn 3–4,Nazir · 9a · Nisan / Pesach / Omer,Treatment of Others — 1/5 · Treatment of Others — 2/5,Story 53 · 54 · Tazria,Niddah 29 · נִדָּה,Class 92 · of 118,Tazria · Day 6,Day 183 · of 369,Chapter 2 · cycle 15,The Garden of Peace · cycle 2 of 13,Phase 2 · day 1 of 13,Gate 1 · Gate 2 · Gate 3 · day 1 of 13,Klei HaMikdash · Biat HaMikdash · Issurei Mizbe'ach · set 8 of 14 · day 15 of 28,Niddah 29 · review,Story 211 · Parshat Tazria
184,2027-04-10,3 Nisan,Tazria,Torah 184 · KST § 213–214 (p. 121) · Lo Taaseh 276–279,ח Chet · צח · set 9 · day 8 of 22,Gevurah shebeTiferet · shebeHod · day 16 of 49,חעם · 38 of 72 · יֶשֶׁבְאָב 14 · וִיחֻנֶּךָּ,Spring · 2 of 91 · Ratzo · F1 letter 2 · Eicha 1:2 · ב,2nd cycle 2 · day 2 of 13 · Hashem,Year-Cycle 5 · day 34 of 55,OC 367–368 · Orach Chaim · 367 of 728,Tazria · D7 · P7 · C4,set 8 · 16/28 · Redeeming the Firstborn 5 · Firstborn Kosher Animals 1 · Tazria,Torah 184 · Zohar II 168–169,§ 213–214 (p. 121) · Tazria,Lo Taaseh 276–279,LT Bamidbar · Folio 61 · day 212 of 364,Prayer 106 — first half · day 212 of 364,Bava Batra 9 & 10 · Week 27 · Day 2,Zechariah 4 & 5 · Week 27 · Day 2,Tale 2 — The Emperor and the King · cycle 15 · day 2 of 13,Sichos HaRan · §184 of 308 · day 184 of 369,OC 367–368 · half-days 367 & 368,Tazria,Ben Ish Chai · Drash · Tazria · Drash,Se’if ד׳ · day 2 of 13,"כָּל יִשְׂרָאֵל יֵשׁ לָהֶם חֵלֶק לְעוֹלָם הַבָּא שֶׁנֶאֱמַר וְעַמֵךְ כּוּלָם צַדִיקִים לְעוֹלָם יִירְשׁוּ אָרֶץ נֵצֶר מַטָעַי מַעֲשֵׂה יָדַי לְהִתְפָּאֵר · סנהדרין צ,א",Redeeming the Firstborn 5 · Firstborn Kosher Animals 1,Nazir · 9a · Nisan / Pesach / Omer,Treatment of Others — 1/5 · Treatment of Others — 2/5,Story 53 · 54 · Tazria,Niddah 30 · נִדָּה,Class 93 · of 118,Sefer Yetzirah · 3:7,Day 184 · of 369,Chapter 2 · cycle 15,The Garden of Peace · cycle 2 of 13,Phase 2 · day 2 of 13,Gate 4 · Gate 5 · Gate 6 · day 2 of 13,Ma'aseh HaKorbanot · Temidin u'Musafin · Pesulei HaMukdash · set 8 of 14 · day 16 of 28,Niddah 30 · review,Story 212 · Parshat Tazria
185,2027-04-11,4 Nisan,Metzora,Torah 185 · KST § 215 (p. 122) · Lo Taaseh 280–281,ט Tet · פט · set 9 · day 9 of 22,Tiferet shebeTiferet · shebeHod · day 17 of 49,רעה · 39 of 72 · בִּלְגָּה 15 · וִיחֻנֶּךָּ,Spring · 3 of 91 · Ratzo · F1 letter 3 · Eicha 1:3 · ג,2nd cycle 2 · day 3 of 13 · Hashem,Year-Cycle 5 · day 35 of 55,OC 369–370 · Orach Chaim · 369 of 728,Metzora · D1 · P8 · C4,set 8 · 17/28 · Firstborn Kosher Animals 2–3,Torah 185 · Zohar II 170–171,§ 215 (p. 122) · Metzora,Lo Taaseh 280–281,LT Bamidbar · Folio 62 · day 213 of 364,Prayer 106 — second half · day 213 of 364,Sanhedrin 1 & 2 · Week 27 · Day 3,Zechariah 6 & 7 · Week 27 · Day 3,Tale 2 — The Emperor and the King · cycle 15 · day 3 of 13,Sichos HaRan · §185 of 308 · day 185 of 369,OC 369–370 · half-days 369 & 370,Metzora,Rav Pe’alim · Vol II · Even HaEzer 34 · Vol II · Choshen Mishpat 1,Se’if ה׳ · day 3 of 13,כִּי קָרוֹב אֵלֶיךָ הַדָבָר מְאֹד בְּפִיךָ וּבִּלְבָבְךָ לַעֲשׂוֹתוֹ · דברים ל:יד,Firstborn Kosher Animals 2–3,Nazir · 9a · Nisan / Pesach / Omer,Treatment of Others — 3/5 · Treatment of Others — 4/5,Story 55 · 56 · Metzora,Niddah 31 · נִדָּה,Class 94 · of 118,Metzora · Day 1,Day 185 · of 369,Chapter 2 · cycle 15,The Garden of Peace · cycle 2 of 13,Phase 2 · day 3 of 13,Gate 7 · Gate 8 · Gate 9 · day 3 of 13,Avodat Yom HaKippurim · Me'ilah · Korban Pesach · set 8 of 14 · day 17 of 28,Niddah 31 · review,Story 213 · Parshat Metzora
186,2027-04-12,5 Nisan,Metzora,Torah 186 · KST § 216 (p. 123) · Lo Taaseh 279–282,י Yud · צי · set 9 · day 10 of 22,Netzach shebeTiferet · shebeHod · day 18 of 49,ייז · 40 of 72 · אִמֵּר 16 · וִיחֻנֶּךָּ,Spring · 4 of 91 · Ratzo · F1 letter 4 · Eicha 1:4 · ד,2nd cycle 2 · day 4 of 13 · Hashem,Year-Cycle 5 · day 36 of 55,OC 371–372 · Orach Chaim · 371 of 728,Metzora · D2 · P8 · C4,set 8 · 18/28 · Firstborn Kosher Animals 4 · Firstborn Donkey 1,Torah 186 · Zohar II 172–173,§ 216 (p. 123) · Metzora,Lo Taaseh 279–282,LT Bamidbar · Folio 63 · day 214 of 364,Prayer 107 — first half · day 214 of 364,Sanhedrin 3 & 4 · Week 27 · Day 4,Zechariah 8 & 9 · Week 27 · Day 4,Tale 2 — The Emperor and the King · cycle 15 · day 4 of 13,Sichos HaRan · §186 of 308 · day 186 of 369,OC 371–372 · half-days 371 & 372,Metzora,Rav Pe’alim · Vol II · Choshen Mishpat 2 · Vol II · Choshen Mishpat 3,Se’if ו׳ · day 4 of 13,וְהִנֵה ה׳ נִצָב עָלָיו וּמְלֹא כָל הָאָרֶץ כּבוֹדוֹ וּמַבִּיט עָלָיו וּבוֹחֵן כְּלָיוֹת וָלֵב אִם עוֹבְדוֹ כָּרָאוּי · תניא פרק מא,Firstborn Kosher Animals 4 · Firstborn Donkey 1,Nazir · 9a · Nisan / Pesach / Omer,Treatment of Others — 3/5 · Treatment of Others — 4/5,Story 55 · 56 · Metzora,Niddah 32 · נִדָּה,Class 95 · of 118,Metzora · Day 2,Day 186 · of 369,Chapter 2 · cycle 15,The Garden of Peace · cycle 2 of 13,Phase 2 · day 4 of 13,Gate 10 · Gate 11 · Gate 12 · day 4 of 13,Chagigah · Bechorot · Shegagot · set 8 of 14 · day 18 of 28,Niddah 32 · review,Story 214 · Parshat Metzora
187,2027-04-13,6 Nisan,Metzora,Torah 187 · KST § 217 (p. 123) · Lo Taaseh 283–284,כ Kaf · פכ · set 9 · day 11 of 22,Hod shebeTiferet · shebeHod · day 19 of 49,ההה · 41 of 72 · חֵזִיר 17 · וִיחֻנֶּךָּ,Spring · 5 of 91 · Ratzo · F1 letter 5 · Eicha 1:5 · ה,2nd cycle 2 · day 5 of 13 · Hashem,Year-Cycle 5 · day 37 of 55,OC 373–374 · Orach Chaim · 373 of 728,Metzora · D3 · P8 · C4,set 8 · 19/28 · Firstborn Donkey 2–3,Torah 187 · Zohar II 174–175,§ 217 (p. 123) · Metzora,Lo Taaseh 283–284,LT Bamidbar · Folio 64 · day 215 of 364,Prayer 107 — second half · day 215 of 364,Sanhedrin 5 & 6 · Week 27 · Day 5,Zechariah 10 & 11 · Week 27 · Day 5,Tale 2 — The Emperor and the King · cycle 15 · day 5 of 13,Sichos HaRan · §187 of 308 · day 187 of 369,OC 373–374 · half-days 373 & 374,Metzora,Rav Pe’alim · Vol II · Choshen Mishpat 4 · Vol II · Choshen Mishpat 5,Se’if ז׳ · day 5 of 13,בְּרֵאשִׁית בָּרָא אֶלֹקִים אֵת הַשָׁמַיִם וְאֵת הָאָרֶץ · בראשית א:א,Firstborn Donkey 2–3,Nazir · 9a · Nisan / Pesach / Omer,Treatment of Others — 3/5 · Treatment of Others — 4/5,Story 55 · 56 · Metzora,Niddah 33 · נִדָּה,Class 96 · of 118,Metzora · Day 3,Day 187 · of 369,Chapter 2 · cycle 15,The Garden of Peace · cycle 2 of 13,Phase 2 · day 5 of 13,Gate 13 · Gate 14 · Gate 15 · day 5 of 13,Mechusrei Kapparah · Temurah · Tumat Met · set 8 of 14 · day 19 of 28,Niddah 33 · review,Story 215 · Parshat Metzora
188,2027-04-14,7 Nisan,Metzora,Torah 188 · KST § 218 (p. 124) · Lo Taaseh 282–285,ל Lamed · צל · set 9 · day 12 of 22,Yesod shebeTiferet · shebeHod · day 20 of 49,מיכ · 42 of 72 · הַפִּצֵּץ 18 · וִיחֻנֶּךָּ,Spring · 6 of 91 · Ratzo · F1 letter 6 · Eicha 1:6 · ו,2nd cycle 2 · day 6 of 13 · Hashem,Year-Cycle 5 · day 38 of 55,OC 375–376 · Orach Chaim · 375 of 728,Metzora · D4 · P8 · C4,set 8 · 20/28 · Separating From Dough 1–2,Torah 188 · Zohar II 176–177,§ 218 (p. 124) · Metzora,Lo Taaseh 282–285,LT Bamidbar · Folio 65 · day 216 of 364,Prayer 108 — first half · day 216 of 364,"Tosefta Sanhedrin 1, 2, 3, 4 · Week 27 · Day 6",Zechariah 12 & 13 · Week 27 · Day 6,Tale 2 — The Emperor and the King · cycle 15 · day 6 of 13,Sichos HaRan · §188 of 308 · day 188 of 369,OC 375–376 · half-days 375 & 376,Metzora,Rav Pe’alim · Vol II · Choshen Mishpat 6 · Vol II · Choshen Mishpat 7,Se’if ח׳ · day 6 of 13,וְשִׁנַנְתָּם לְבָנֶיךָ וְדִבַּרְתָּ בָּם בְּשִׁבְתְּךָ בְּבֵיתֶךָ וּבְלֶכְתְּךָ בַדֶרֶךְ וּבְשָׁכְבְּךָ וּבְקוּמֶךָ · דברים ו:ז,Separating From Dough 1–2,Sotah · 9b · Pesach / Omer,Treatment of Others — 3/5 · Treatment of Others — 4/5,Story 55 · 56 · Metzora,Niddah 34 · נִדָּה,Class 97 · of 118,Metzora · Day 4,Day 188 · of 369,Chapter 2 · cycle 15,The Garden of Peace · cycle 2 of 13,Phase 2 · day 6 of 13,Gate 16 · Gate 17 · Gate 18 · day 6 of 13,Parah Adumah · Tumat Tzara'at · Metamei Mishkav u'Moshav · set 8 of 14 · day 20 of 28,Niddah 34 · review,Story 216 · Parshat Metzora
189,2027-04-15,8 Nisan,Metzora,Torah 189 · KST § 219 (p. 125) · Lo Taaseh 286–287,מ Mem · פמ · set 9 · day 13 of 22,Malchut shebeTiferet · shebeHod · day 21 of 49,וול · 43 of 72 · פְּתַחְיָה 19 · וִיחֻנֶּךָּ,Spring · 7 of 91 · Ratzo · F1 letter 7 · Eicha 1:7 · ז,2nd cycle 2 · day 7 of 13 · Hashem,Year-Cycle 5 · day 39 of 55,OC 377–378 · Orach Chaim · 377 of 728,Metzora · D5 · P8 · C4,set 8 · 21/28 · Separating From Dough 3–4,Torah 189 · Zohar II 178–181,§ 219 (p. 125) · Metzora,Lo Taaseh 286–287,LT Bamidbar · Folio 66 · day 217 of 364,Prayer 108 — second half · day 217 of 364,"Tosefta Sanhedrin 5, 6, 7, 8 · Week 27 · Day 7",Zechariah 14 &amp; Malachi 1 · Week 27 · Day 7,Tale 2 — The Emperor and the King · cycle 15 · day 7 of 13,Sichos HaRan · §189 of 308 · day 189 of 369,OC 377–378 · half-days 377 & 378,Metzora,Rav Pe’alim · Vol II · Choshen Mishpat 8 · Vol II · Choshen Mishpat 9,Se’if ט׳ · day 7 of 13,"יָגַעְתִּי וְלֹא מָצָאתִי אַל תַּאַמִין לֹא יָגַעְתִּי וּמָצָאתִי אַל תַּאַמִין יָגַעְתִּי וּמָצָאתִי תַּאַמִין · מגילה ו,ב",Separating From Dough 3–4,Sotah · 9b · Pesach / Omer,Treatment of Others — 3/5 · Treatment of Others — 4/5,Story 55 · 56 · Metzora,Niddah 35 · נִדָּה,Class 98 · of 118,Metzora · Day 5,Day 189 · of 369,Chapter 2 · cycle 15,The Garden of Peace · cycle 2 of 13,Phase 2 · day 7 of 13,Gate 19 · Gate 20 · Gate 21 · day 7 of 13,She'ar Avot HaTumot · Tumat Ochlin · Kelim · set 8 of 14 · day 21 of 28,Niddah 35 · review,Story 217 · Parshat Metzora
190,2027-04-16,9 Nisan,Metzora,Torah 190 · KST § 220 (p. 125) · Lo Taaseh 285–288,נ Nun · צנ · set 9 · day 14 of 22,Chesed shebeNetzach · shebeHod · day 22 of 49,ילה · 44 of 72 · יְחֶזְקֵאל 20 · וִיחֻנֶּךָּ,Spring · 8 of 91 · Ratzo · F1 letter 8 · Eicha 1:8 · ח,2nd cycle 2 · day 8 of 13 · Hashem,Year-Cycle 5 · day 40 of 55,OC 379–380 · Orach Chaim · 379 of 728,Metzora · D6 · P8 · C4,set 8 · 22/28 · Tithes 1–2,Torah 190 · Zohar II 182–183,§ 220 (p. 125) · Metzora,Lo Taaseh 285–288,LT Bamidbar · Folio 67 · day 218 of 364,Prayer 109 — first half · day 218 of 364,Sanhedrin 7 & 8 · Week 28 · Day 1,Malachi 2 & 3 · Week 28 · Day 1,Tale 2 — The Emperor and the King · cycle 15 · day 8 of 13,Sichos HaRan · §190 of 308 · day 190 of 369,OC 379–380 · half-days 379 & 380,Metzora,Ben Ish Chai · Halachot,Se’if י׳ · day 8 of 13,וְאָהַבְתָּ לְרֵעַךָ כָּמוֹךָ – רַבִּי עַקִיבָא אוֹמֵר זֶה כְּלָל גָדוֹל בַּתּוֹרָה · ויקרא יט:יח,Tithes 1–2,Sotah · 9b · Pesach / Omer,Treatment of Others — 3/5 · Treatment of Others — 4/5,Story 55 · 56 · Metzora,Niddah 36 · נִדָּה,Class 99 · of 118,Metzora · Day 6,Day 190 · of 369,Chapter 2 · cycle 15,The Garden of Peace · cycle 2 of 13,Phase 2 · day 8 of 13,Gate 22 · Gate 23 · Gate 24 · day 8 of 13,Mikvaot · Nizkei Mamon · Genevah · set 8 of 14 · day 22 of 28,Niddah 36 · review,Story 218 · Parshat Metzora
191,2027-04-17,10 Nisan,Metzora,Torah 191 · KST § 221–222 (p. 127) · Lo Taaseh 289–290,ס Samech · פס · set 9 · day 15 of 22,Gevurah shebeNetzach · shebeHod · day 23 of 49,סאל · 45 of 72 · יָכִין 21 · וִיחֻנֶּךָּ,Spring · 9 of 91 · Ratzo · F1 letter 9 · Eicha 1:9 · ט,2nd cycle 2 · day 9 of 13 · Hashem,Year-Cycle 5 · day 41 of 55,OC 381–382 · Orach Chaim · 381 of 728,Metzora · D7 · P8 · C4,set 8 · 23/28 · Tithes 3–4 · Metzora,Torah 191 · Zohar II 184–185,§ 221–222 (p. 127) · Metzora,Lo Taaseh 289–290,LT Bamidbar · Folio 68 · day 219 of 364,Prayer 109 — second half · day 219 of 364,Sanhedrin 9 & 10 · Week 28 · Day 2,Psalms 1 & 2 · Week 28 · Day 2,Tale 2 — The Emperor and the King · cycle 15 · day 9 of 13,Sichos HaRan · §191 of 308 · day 191 of 369,OC 381–382 · half-days 381 & 382,Metzora,Ben Ish Chai · Drash · Metzora · Drash,Se’if י״א · day 9 of 13,וְזֶה כָּל הָאָדָם וְתַכְלִית בְּרִיאָתוֹ וּבְרִיאַת כָּל הָעוֹלָמוֹת עֶלְיוֹנִים וְתַּחְתּוֹנִים לִהְיוֹת לוֹ דִירָה זוֹ בְּתַּחְתּוֹנִים · תניא פרק לג,Tithes 3–4,Sotah · 9b · Pesach / Omer,Treatment of Others — 3/5 · Treatment of Others — 4/5,Story 55 · 56 · Metzora,Niddah 37 · נִדָּה,Class 100 · of 118,Sefer Yetzirah · 3:8,Day 191 · of 369,Chapter 2 · cycle 15,The Garden of Peace · cycle 2 of 13,Phase 2 · day 9 of 13,Gate 25 · Gate 26 · Gate 27 · day 9 of 13,Gezelah v'Avedah · Chovel u'Mazik · Rotze'ach u'Shmirat Ne · set 8 of 14 · day 23 of 28,Niddah 37 · review,Story 219 · Parshat Metzora
192,2027-04-18,11 Nisan,Achrei Mot,Torah 192 · KST § 223 (p. 127) · Lo Taaseh 288–291,ע Ayin · צע · set 9 · day 16 of 22,Tiferet shebeNetzach · shebeHod · day 24 of 49,ערי · 46 of 72 · גָּמוּל 22 · וִיחֻנֶּךָּ,Spring · 10 of 91 · Ratzo · F1 letter 10 · Eicha 1:10 · י,2nd cycle 2 · day 10 of 13 · Hashem,Year-Cycle 5 · day 42 of 55,OC 383–384 · Orach Chaim · 383 of 728,Achrei Mot · D1 · P1 · C5,set 8 · 24/28 · First Shearings 1–2,Torah 192 · Zohar II 186–187,§ 223 (p. 127) · Achrei Mot,Lo Taaseh 288–291,LT Bamidbar · Folio 69 · day 220 of 364,Prayer 110 — first half · day 220 of 364,Sanhedrin 11 &amp; Makkot 1 · Week 28 · Day 3,Psalms 3 & 4 · Week 28 · Day 3,Tale 2 — The Emperor and the King · cycle 15 · day 10 of 13,Sichos HaRan · §192 of 308 · day 192 of 369,OC 383–384 · half-days 383 & 384,Achrei Mot,Rav Pe’alim · Vol II · Choshen Mishpat 10 · Vol II · Choshen Mishpat 11,Se’if י״ב · day 10 of 13,יִשְׂמַח יִשְׂרָאֵל בְּעוֹשָׂיו פֵּירוּש שֶׁכָּל מִי שֶׁהוּא מִזֶרַע יִשְׂרָאֵל יֵשׁ לוֹ לִשְׂמוֹחַ בְּשִׂמְחַת ה׳ אַשֶׁר שָׂשׂ וְשָׂמֵחַ בְּדִירָתוֹ בְּתַּחְתּוֹנִים · תניא פרק לג,First Shearings 1–2,Sotah · 9b · Pesach / Omer,Treatment of Others — 5/5 · Happiness — 1/20,Story 57 · 58 · Achrei Mot,Niddah 38 · נִדָּה,Class 101 · of 118,Achrei Mot · Day 1,Day 192 · of 369,Chapter 2 · cycle 15,The Garden of Peace · cycle 2 of 13,Phase 2 · day 10 of 13,Gate 28 · Gate 29 · Gate 30 · day 10 of 13,Mechirah · Zechiyah u'Matanah · Shecheinim · set 8 of 14 · day 24 of 28,Niddah 38 · review,Story 220 · Parshat Achrei Mot
193,2027-04-19,12 Nisan,Achrei Mot,Torah 193 · KST § 224 (p. 128) · Lo Taaseh 292–293,פ Peh · פצ · set 9 · day 17 of 22,Netzach shebeNetzach · shebeHod · day 25 of 49,עשל · 47 of 72 · דְּלָיָהוּ 23 · וִיחֻנֶּךָּ,Spring · 11 of 91 · Ratzo · F1 letter 11 · Eicha 1:11 · כ,2nd cycle 2 · day 11 of 13 · Hashem,Year-Cycle 5 · day 43 of 55,OC 385–386 · Orach Chaim · 385 of 728,Achrei Mot · D2 · P1 · C5,set 8 · 25/28 · First Shearings 3–4,Torah 193 · Zohar II 188–189,§ 224 (p. 128) · Achrei Mot,Lo Taaseh 292–293,LT Bamidbar · Folio 70 · day 221 of 364,Prayer 110 — second half · day 221 of 364,Makkot 2 & 3 · Week 28 · Day 4,Psalms 5 & 6 · Week 28 · Day 4,Tale 2 — The Emperor and the King · cycle 15 · day 11 of 13,Sichos HaRan · §193 of 308 · day 193 of 369,OC 385–386 · half-days 385 & 386,Achrei Mot,Rav Pe’alim · Vol II · Choshen Mishpat 12 · Vol II · Choshen Mishpat 13,Overview · day 11 of 13,"All twelve · Mivtza Chinuch, 5736",First Shearings 3–4,Sotah · 9b · Pesach / Omer,Treatment of Others — 5/5 · Happiness — 1/20,Story 57 · 58 · Achrei Mot,Niddah 39 · נִדָּה,Class 102 · of 118,Achrei Mot · Day 2,Day 193 · of 369,Chapter 2 · cycle 15,The Garden of Peace · cycle 2 of 13,Phase 2 · day 11 of 13,Gate 31 · Gate 32 · Ohr Ne’erav I · day 11 of 13,Shluchin v'Shutafin · Avadim · Sechirut · set 8 of 14 · day 25 of 28,Niddah 39 · review,Story 221 · Parshat Achrei Mot
194,2027-04-20,13 Nisan,Achrei Mot,Torah 194 · KST § 225 (p. 128) · Lo Taaseh 291–294,צ Tzaddik · צפ · set 9 · day 18 of 22,Hod shebeNetzach · shebeHod · day 26 of 49,מיה · 48 of 72 · מַעַזְיָהוּ 24 · וִיחֻנֶּךָּ,Spring · 12 of 91 · Ratzo · F1 letter 12 · Eicha 1:12 · ל,2nd cycle 2 · day 12 of 13 · Hashem,Year-Cycle 5 · day 44 of 55,OC 387–388 · Orach Chaim · 387 of 728,Achrei Mot · D3 · P1 · C5,set 8 · 26/28 · First Shearings 5 · Even HaEzer 1 · Procreation 1,Torah 194 · Zohar II 190–191,§ 225 (p. 128) · Achrei Mot,Lo Taaseh 291–294,LT Bamidbar · Folio 71 · day 222 of 364,Prayer 111 — first half · day 222 of 364,Shvuot 1 & 2 · Week 28 · Day 5,Psalms 7 & 8 · Week 28 · Day 5,Tale 2 — The Emperor and the King · cycle 15 · day 12 of 13,Sichos HaRan · §194 of 308 · day 194 of 369,OC 387–388 · half-days 387 & 388,Achrei Mot,Rav Pe’alim · Vol II · Choshen Mishpat 14 · Vol II · Choshen Mishpat 15,Se’if א׳ · day 12 of 13,תּוֹרָה צִוָה לָנוּ מֹשֶׁה מוֹרָשָׁה קְהִלַת יַעֲקֹב · דברים לג:ד,First Shearings 5 · Even HaEzer 1 · Procreation 1 · with the Shulchan Aruch,Sotah · 9b · Pesach / Omer,Treatment of Others — 5/5 · Happiness — 1/20,Story 57 · 58 · Achrei Mot,Niddah 40 · נִדָּה,Class 103 · of 118,Achrei Mot · Day 3,Day 194 · of 369,Chapter 2 · cycle 15,The Garden of Peace · cycle 2 of 13,Phase 2 · day 12 of 13,Ohr Ne’erav II · Ohr Ne’erav III · Ohr Ne’erav IV · day 12 of 13,She'elah u'Fikadon · Malveh v'Loveh · To'en v'Nit'an · set 8 of 14 · day 26 of 28,Niddah 40 · review,Story 222 · Parshat Achrei Mot
195,2027-04-21,14 Nisan,Achrei Mot,Torah 205 · KST § 226 (p. 128) · Lo Taaseh 295–296,ק Kuf · קצ · set 9 · day 19 of 22,Yesod shebeNetzach · shebeHod · day 27 of 49,והו · 49 of 72 · יְהוֹיָרִיב 1 · יִשָּׂא,Spring · 13 of 91 · Ratzo · F1 letter 13 · Eicha 1:13 · מ,2nd cycle 2 · day 13 of 13 · Hashem,Year-Cycle 5 · day 45 of 55,OC 389–390 · Orach Chaim · 389 of 728,Achrei Mot · D4 · P1 · C5,set 8 · 27/28 · Even HaEzer 2–3,Torah 205 · Zohar II 192–193,§ 226 (p. 128) · Achrei Mot,Lo Taaseh 295–296,LT Bamidbar · Folio 72 · day 223 of 364,Prayer 111 — second half · day 223 of 364,"Tosefta Sanhedrin 9, 10, 11, 12 · Week 28 · Day 6",Psalms 9 & 10 · Week 28 · Day 6,Tale 2 — The Emperor and the King · cycle 15 · day 13 of 13,Sichos HaRan · §195 of 308 · day 195 of 369,OC 389–390 · half-days 389 & 390,Achrei Mot,Rav Pe’alim · Vol II · Sod Yesharim 1 · Vol II · Sod Yesharim 2,Se’if ב׳ · day 13 of 13,שְׁמַע יִשְׂרָאֵל ה׳ אֶלֹקֵינוּ ה׳ אֶחָד · דברים ו:ד,Even HaEzer 2–3 · with the Shulchan Aruch,Sotah · 9b · Pesach / Omer,Treatment of Others — 5/5 · Happiness — 1/20,Story 57 · 58 · Achrei Mot,Niddah 41 · נִדָּה,Class 104 · of 118,Achrei Mot · Day 4,Day 195 · of 369,Chapter 2 · cycle 15,The Garden of Peace · cycle 2 of 13,Phase 2 · day 13 of 13,Ohr Ne’erav V · Ohr Ne’erav VI · Ohr Ne’erav VII · day 13 of 13,Nachalot · Sanhedrin · Edut · set 8 of 14 · day 27 of 28,Niddah 41 · review,Story 223 · Parshat Achrei Mot
196,2027-04-22,15 Nisan,Achrei Mot,Torah 206 · KST § 227 (p. 129) · Lo Taaseh 294–297,ר Reish · רפ · set 9 · day 20 of 22,Malchut shebeNetzach · shebeHod · day 28 of 49,דני · 50 of 72 · יְדַעְיָה 2 · יִשָּׂא,Spring · 14 of 91 · Ratzo · F1 letter 14 · Eicha 1:14 · נ,2nd cycle 3 · day 1 of 13 · El,Year-Cycle 5 · day 46 of 55,OC 391–392 · Orach Chaim · 391 of 728,Achrei Mot · D5 · P1 · C5,set 8 · 28/28 · Even HaEzer 4–5,Torah 206 · Zohar II 194–197,§ 227 (p. 129) · Achrei Mot,Lo Taaseh 294–297,LT Bamidbar · Folio 73 · day 224 of 364,Prayer 112 — first half · day 224 of 364,"Tosefta Sanhedrin 13, 14 &amp; Tosefta Makkot 1, 2 · Week 28 · Day 7",Psalms 11 & 12 · Week 28 · Day 7,Tale 3 — The Son Who Could Not Walk · cycle 16 · day 1 of 13,Sichos HaRan · §196 of 308 · day 196 of 369,OC 391–392 · half-days 391 & 392,Achrei Mot,Rav Pe’alim · Vol II · Sod Yesharim 3 · Vol II · Sod Yesharim 4,Se’if ג׳ · day 1 of 13,"בְּכָל דוֹר וָדוֹר חַיָיב אָדָם לִרְאוֹת אֶת עַצְמוֹ כְּאִלוּ הוּא יָצָא מִמִצְרָיִם · פסחים קטז,ב",Even HaEzer 4–5 · with the Shulchan Aruch,Sotah · 9b · Pesach / Omer,Treatment of Others — 5/5 · Happiness — 1/20,Story 57 · 58 · Achrei Mot,Niddah 42 · נִדָּה,Class 105 · of 118,Achrei Mot · Day 5,Day 196 · of 369,Chapter 3 · cycle 16,Women's Wisdom · cycle 3 of 13,Phase 3 · day 1 of 13,Gate 1 · Gate 2 · Gate 3 · day 1 of 13,Mamrim · Evel · Melachim u'Milchamos · set 8 of 14 · day 28 of 28,Niddah 42 · review,Story 224 · Parshat Achrei Mot
197,2027-04-23,16 Nisan,Achrei Mot,Torah 207 · KST § 228 (p. 130) · Lo Taaseh 298–299,ש Shin · שצ · set 9 · day 21 of 22,Chesed shebeHod · shebeHod · day 29 of 49,החש · 51 of 72 · חָרִם 3 · יִשָּׂא,Spring · 15 of 91 · Ratzo · F1 letter 15 · Eicha 1:15 · ס,2nd cycle 3 · day 2 of 13 · El,Year-Cycle 5 · day 47 of 55,OC 393–394 · Orach Chaim · 393 of 728,Achrei Mot · D6 · P1 · C5,set 9 · 1/28 · Even HaEzer 6–7,Torah 207 · Zohar II 198–199,§ 228 (p. 130) · Achrei Mot,Lo Taaseh 298–299,LT Bamidbar · Folio 74 · day 225 of 364,Prayer 112 — second half · day 225 of 364,Shvuot 3 & 4 · Week 29 · Day 1,Psalms 13 & 14 · Week 29 · Day 1,Tale 3 — The Son Who Could Not Walk · cycle 16 · day 2 of 13,Sichos HaRan · §197 of 308 · day 197 of 369,OC 393–394 · half-days 393 & 394,Achrei Mot,Ben Ish Chai · Halachot,Se’if ד׳ · day 2 of 13,"כָּל יִשְׂרָאֵל יֵשׁ לָהֶם חֵלֶק לְעוֹלָם הַבָּא שֶׁנֶאֱמַר וְעַמֵךְ כּוּלָם צַדִיקִים לְעוֹלָם יִירְשׁוּ אָרֶץ נֵצֶר מַטָעַי מַעֲשֵׂה יָדַי לְהִתְפָּאֵר · סנהדרין צ,א",Even HaEzer 6–7 · with the Shulchan Aruch,Sotah · 9b · Pesach / Omer,Treatment of Others — 5/5 · Happiness — 1/20,Story 57 · 58 · Achrei Mot,Niddah 43 · נִדָּה,Class 106 · of 118,Achrei Mot · Day 6,Day 197 · of 369,Chapter 3 · cycle 16,Women's Wisdom · cycle 3 of 13,Phase 3 · day 2 of 13,Gate 4 · Gate 5 · Gate 6 · day 2 of 13,Enumeration of the 613 Mitzvos · Yesodei HaTorah · De'ot · set 9 of 14 · day 1 of 28,Niddah 43 · review,Story 225 · Parshat Achrei Mot
198,2027-04-24,17 Nisan,Achrei Mot,Torah 208 · KST § 229–230 (p. 130) · Lo Taaseh 297–300,ת Tav · תפ · set 9 · day 22 of 22,Gevurah shebeHod · shebeHod · day 30 of 49,עמם · 52 of 72 · שְׂעֹרִים 4 · יִשָּׂא,Spring · 16 of 91 · Ratzo · F1 letter 16 · Eicha 1:16 · ע,2nd cycle 3 · day 3 of 13 · El,Year-Cycle 5 · day 48 of 55,OC 395–396 · Orach Chaim · 395 of 728,Achrei Mot · D7 · P1 · C5,set 9 · 2/28 · Even HaEzer 8–9 · Procreation 2 · Achrei Mot,Torah 208 · Zohar II 200–201,§ 229–230 (p. 130) · Achrei Mot,Lo Taaseh 297–300,LT Bamidbar · Folio 75 · day 226 of 364,Prayer 113 — first half · day 226 of 364,Shvuot 5 & 6 · Week 29 · Day 2,Psalms 15 & 16 · Week 29 · Day 2,Tale 3 — The Son Who Could Not Walk · cycle 16 · day 3 of 13,Sichos HaRan · §198 of 308 · day 198 of 369,OC 395–396 · half-days 395 & 396,Achrei Mot,Ben Ish Chai · Drash · Achrei Mot · Drash,Se’if ה׳ · day 3 of 13,כִּי קָרוֹב אֵלֶיךָ הַדָבָר מְאֹד בְּפִיךָ וּבִּלְבָבְךָ לַעֲשׂוֹתוֹ · דברים ל:יד,Even HaEzer 8–9 · Procreation 2 · with the Shulchan Aruch,Sotah · 9b · Pesach / Omer,Treatment of Others — 5/5 · Happiness — 1/20,Story 57 · 58 · Achrei Mot,Niddah 44 · נִדָּה,Class 107 · of 118,Sefer Yetzirah · 3:9,Day 198 · of 369,Chapter 3 · cycle 16,Women's Wisdom · cycle 3 of 13,Phase 3 · day 3 of 13,Gate 7 · Gate 8 · Gate 9 · day 3 of 13,Talmud Torah · Avodah Zarah · Teshuvah · set 9 of 14 · day 2 of 28,Niddah 44 · review,Story 226 · Parshat Achrei Mot
199,2027-04-25,18 Nisan,Achrei Mot,Torah 209 · KST § 223 (p. 127) · Lo Taaseh 301–302,א Alef · קא · set 10 · day 1 of 22,Tiferet shebeHod · shebeHod · day 31 of 49,ננא · 53 of 72 · מַלְכִּיָּה 5 · יִשָּׂא,Spring · 17 of 91 · Ratzo · F1 letter 17 · Eicha 1:17 · פ,2nd cycle 3 · day 4 of 13 · El,Year-Cycle 5 · day 49 of 55,OC 397–398 · Orach Chaim · 397 of 728,Achrei Mot · D1 · P1 · C5,set 9 · 3/28 · Even HaEzer 10–11,Torah 209 · Zohar II 202–203,§ 223 (p. 127) · Achrei Mot,Lo Taaseh 301–302,LT Bamidbar · Folio 76 · day 227 of 364,Prayer 113 — second half · day 227 of 364,Shvuot 7 & 8 · Week 29 · Day 3,Psalms 17 & 18 · Week 29 · Day 3,Tale 3 — The Son Who Could Not Walk · cycle 16 · day 4 of 13,Sichos HaRan · §199 of 308 · day 199 of 369,OC 397–398 · half-days 397 & 398,Achrei Mot,Rav Pe’alim · Vol II · Choshen Mishpat 10 · Vol II · Choshen Mishpat 11,Se’if ו׳ · day 4 of 13,וְהִנֵה ה׳ נִצָב עָלָיו וּמְלֹא כָל הָאָרֶץ כּבוֹדוֹ וּמַבִּיט עָלָיו וּבוֹחֵן כְּלָיוֹת וָלֵב אִם עוֹבְדוֹ כָּרָאוּי · תניא פרק מא,Even HaEzer 10–11 · with the Shulchan Aruch,Gittin · 10a · Pesach / Omer,Treatment of Others — 5/5 · Happiness — 1/20,Story 57 · 58 · Achrei Mot,Niddah 45 · נִדָּה,Class 108 · of 118,Achrei Mot · Day 1,Day 199 · of 369,Chapter 3 · cycle 16,Women's Wisdom · cycle 3 of 13,Phase 3 · day 4 of 13,Gate 10 · Gate 11 · Gate 12 · day 4 of 13,"Kriat Shema · Tefilah u'Birkat Kohanim · Tefillin, Mezuzah · set 9 of 14 · day 3 of 28",Niddah 45 · review,Story 227 · Parshat Achrei Mot
200,2027-04-26,19 Nisan,Achrei Mot,Torah 210 · KST § 224 (p. 128) · Lo Taaseh 300–303,ב Bet · רב · set 10 · day 2 of 22,Netzach shebeHod · shebeHod · day 32 of 49,נית · 54 of 72 · מִיָּמִן 6 · יִשָּׂא,Spring · 18 of 91 · Ratzo · F1 letter 18 · Eicha 1:18 · צ,2nd cycle 3 · day 5 of 13 · El,Year-Cycle 5 · day 50 of 55,OC 399–400 · Orach Chaim · 399 of 728,Achrei Mot · D2 · P1 · C5,set 9 · 4/28 · Even HaEzer 12–13,Torah 210 · Zohar II 204–205,§ 224 (p. 128) · Achrei Mot,Lo Taaseh 300–303,LT Bamidbar · Folio 77 · day 228 of 364,Prayer 114 — first half · day 228 of 364,Eduyot 1 & 2 · Week 29 · Day 4,Psalms 19 & 20 · Week 29 · Day 4,Tale 3 — The Son Who Could Not Walk · cycle 16 · day 5 of 13,Sichos HaRan · §200 of 308 · day 200 of 369,OC 399–400 · half-days 399 & 400,Achrei Mot,Rav Pe’alim · Vol II · Choshen Mishpat 12 · Vol II · Choshen Mishpat 13,Se’if ז׳ · day 5 of 13,בְּרֵאשִׁית בָּרָא אֶלֹקִים אֵת הַשָׁמַיִם וְאֵת הָאָרֶץ · בראשית א:א,Even HaEzer 12–13 · with the Shulchan Aruch,Gittin · 10a · Pesach / Omer,Treatment of Others — 5/5 · Happiness — 1/20,Story 57 · 58 · Achrei Mot,Niddah 46 · נִדָּה,Class 109 · of 118,Achrei Mot · Day 2,Day 200 · of 369,Chapter 3 · cycle 16,Women's Wisdom · cycle 3 of 13,Phase 3 · day 5 of 13,Gate 13 · Gate 14 · Gate 15 · day 5 of 13,Tzitzit · Berachot · Milah · set 9 of 14 · day 4 of 28,Niddah 46 · review,Story 228 · Parshat Achrei Mot
201,2027-04-27,20 Nisan,Achrei Mot,Torah 211 · KST § 225 (p. 128) · Lo Taaseh 304–305,ג Gimmel · קג · set 10 · day 3 of 22,Hod shebeHod · shebeHod · day 33 of 49,מבה · 55 of 72 · הַקּוֹץ 7 · יִשָּׂא,Spring · 19 of 91 · Ratzo · F1 letter 19 · Eicha 1:19 · ק,2nd cycle 3 · day 6 of 13 · El,Year-Cycle 5 · day 51 of 55,OC 401–402 · Orach Chaim · 401 of 728,Achrei Mot · D3 · P1 · C5,set 9 · 5/28 · Even HaEzer 14–15,Torah 211 · Zohar II 206–207,§ 225 (p. 128) · Achrei Mot,Lo Taaseh 304–305,LT Bamidbar · Folio 78 · day 229 of 364,Prayer 114 — second half · day 229 of 364,Eduyot 3 & 4 · Week 29 · Day 5,Psalms 21 & 22 · Week 29 · Day 5,Tale 3 — The Son Who Could Not Walk · cycle 16 · day 6 of 13,Sichos HaRan · §201 of 308 · day 201 of 369,OC 401–402 · half-days 401 & 402,Achrei Mot,Rav Pe’alim · Vol II · Choshen Mishpat 14 · Vol II · Choshen Mishpat 15,Se’if ח׳ · day 6 of 13,וְשִׁנַנְתָּם לְבָנֶיךָ וְדִבַּרְתָּ בָּם בְּשִׁבְתְּךָ בְּבֵיתֶךָ וּבְלֶכְתְּךָ בַדֶרֶךְ וּבְשָׁכְבְּךָ וּבְקוּמֶךָ · דברים ו:ז,Even HaEzer 14–15 · with the Shulchan Aruch,Gittin · 10a · Pesach / Omer,Treatment of Others — 5/5 · Happiness — 1/20,Story 57 · 58 · Achrei Mot,Niddah 47 · נִדָּה,Class 110 · of 118,Achrei Mot · Day 3,Day 201 · of 369,Chapter 3 · cycle 16,Women's Wisdom · cycle 3 of 13,Phase 3 · day 6 of 13,Gate 16 · Gate 17 · Gate 18 · day 6 of 13,Shabbat · Eruvin · Shevitat Asor · set 9 of 14 · day 5 of 28,Niddah 47 · review,Story 229 · Parshat Achrei Mot
202,2027-04-28,21 Nisan,Achrei Mot,Torah 212 · KST § 226 (p. 128) · Lo Taaseh 303–306,ד Dalet · רד · set 10 · day 4 of 22,Yesod shebeHod · shebeHod · day 34 of 49,פוי · 56 of 72 · אֲבִיָּה 8 · יִשָּׂא,Spring · 20 of 91 · Ratzo · F1 letter 20 · Eicha 1:20 · ר,2nd cycle 3 · day 7 of 13 · El,Year-Cycle 5 · day 52 of 55,OC 403–404 · Orach Chaim · 403 of 728,Achrei Mot · D4 · P1 · C5,set 9 · 6/28 · Even HaEzer 16–17 · Procreation 3,Torah 212 · Zohar II 208–209,§ 226 (p. 128) · Achrei Mot,Lo Taaseh 303–306,LT Bamidbar · Folio 79 · day 230 of 364,Prayer 115 — first half · day 230 of 364,"Tosefta Makkot 3, 4 &amp; Tosefta Shvuot 1, 2 · Week 29 · Day 6",Psalms 23 & 24 · Week 29 · Day 6,Tale 3 — The Son Who Could Not Walk · cycle 16 · day 7 of 13,Sichos HaRan · §202 of 308 · day 202 of 369,OC 403–404 · half-days 403 & 404,Achrei Mot,Rav Pe’alim · Vol II · Sod Yesharim 1 · Vol II · Sod Yesharim 2,Se’if ט׳ · day 7 of 13,"יָגַעְתִּי וְלֹא מָצָאתִי אַל תַּאַמִין לֹא יָגַעְתִּי וּמָצָאתִי אַל תַּאַמִין יָגַעְתִּי וּמָצָאתִי תַּאַמִין · מגילה ו,ב",Even HaEzer 16–17 · Procreation 3 · with the Shulchan Aruch,Gittin · 10a · Pesach / Omer,Treatment of Others — 5/5 · Happiness — 1/20,Story 57 · 58 · Achrei Mot,Niddah 48 · נִדָּה,Class 111 · of 118,Achrei Mot · Day 4,Day 202 · of 369,Chapter 3 · cycle 16,Women's Wisdom · cycle 3 of 13,Phase 3 · day 7 of 13,Gate 19 · Gate 20 · Gate 21 · day 7 of 13,"Shevitat Yom Tov · Chametz u'Matzah · Shofar, Sukkah v'Lul · set 9 of 14 · day 6 of 28",Niddah 48 · review,Story 230 · Parshat Achrei Mot
203,2027-04-29,22 Nisan,Achrei Mot,Torah 213 · KST § 227 (p. 129) · Lo Taaseh 307–308,ה Heh · קה · set 10 · day 5 of 22,Malchut shebeHod · shebeHod · day 35 of 49,נמם · 57 of 72 · יֵשׁוּעַ 9 · יִשָּׂא,Spring · 21 of 91 · Ratzo · F1 letter 21 · Eicha 1:21 · ש,2nd cycle 3 · day 8 of 13 · El,Year-Cycle 5 · day 53 of 55,OC 405–406 · Orach Chaim · 405 of 728,Achrei Mot · D5 · P1 · C5,set 9 · 7/28 · Even HaEzer 18–19,Torah 213 · Zohar II 210–213,§ 227 (p. 129) · Achrei Mot,Lo Taaseh 307–308,LT Bamidbar · Folio 80 · day 231 of 364,Prayer 115 — second half · day 231 of 364,"Tosefta Shvuot 3, 4, 5, 6 · Week 29 · Day 7",Psalms 25 & 26 · Week 29 · Day 7,Tale 3 — The Son Who Could Not Walk · cycle 16 · day 8 of 13,Sichos HaRan · §203 of 308 · day 203 of 369,OC 405–406 · half-days 405 & 406,Achrei Mot,Rav Pe’alim · Vol II · Sod Yesharim 3 · Vol II · Sod Yesharim 4,Se’if י׳ · day 8 of 13,וְאָהַבְתָּ לְרֵעַךָ כָּמוֹךָ – רַבִּי עַקִיבָא אוֹמֵר זֶה כְּלָל גָדוֹל בַּתּוֹרָה · ויקרא יט:יח,Even HaEzer 18–19 · with the Shulchan Aruch,Gittin · 10a · Pesach / Omer,Treatment of Others — 5/5 · Happiness — 1/20,Story 57 · 58 · Achrei Mot,Niddah 49 · נִדָּה,Class 112 · of 118,Achrei Mot · Day 5,Day 203 · of 369,Chapter 3 · cycle 16,Women's Wisdom · cycle 3 of 13,Phase 3 · day 8 of 13,Gate 22 · Gate 23 · Gate 24 · day 8 of 13,Shekalim · Kiddush HaChodesh · Ta'aniyot · set 9 of 14 · day 7 of 28,Niddah 49 · review,Story 231 · Parshat Achrei Mot
204,2027-04-30,23 Nisan,Achrei Mot,Torah 214 · KST § 228 (p. 130) · Lo Taaseh 306–309,ו Vav · רו · set 10 · day 6 of 22,Chesed shebeYesod · shebeHod · day 36 of 49,ייל · 58 of 72 · שְׁכַנְיָהוּ 10 · יִשָּׂא,Spring · 22 of 91 · Ratzo · F1 letter 22 · Eicha 1:22 · ת,2nd cycle 3 · day 9 of 13 · El,Year-Cycle 5 · day 54 of 55,OC 407–408 · Orach Chaim · 407 of 728,Achrei Mot · D6 · P1 · C5,set 9 · 8/28 · Even HaEzer 20–21,Torah 214 · Zohar II 214–215,§ 228 (p. 130) · Achrei Mot,Lo Taaseh 306–309,LT Bamidbar · Folio 81 · day 232 of 364,Prayer 116 — first half · day 232 of 364,Eduyot 5 & 6 · Week 30 · Day 1,Psalms 27 & 28 · Week 30 · Day 1,Tale 3 — The Son Who Could Not Walk · cycle 16 · day 9 of 13,Sichos HaRan · §204 of 308 · day 204 of 369,OC 407–408 · half-days 407 & 408,Achrei Mot,Ben Ish Chai · Halachot,Se’if י״א · day 9 of 13,וְזֶה כָּל הָאָדָם וְתַכְלִית בְּרִיאָתוֹ וּבְרִיאַת כָּל הָעוֹלָמוֹת עֶלְיוֹנִים וְתַּחְתּוֹנִים לִהְיוֹת לוֹ דִירָה זוֹ בְּתַּחְתּוֹנִים · תניא פרק לג,Even HaEzer 20–21 · with the Shulchan Aruch,Gittin · 10a · Pesach / Omer,Treatment of Others — 5/5 · Happiness — 1/20,Story 57 · 58 · Achrei Mot,Niddah 50 · נִדָּה,Class 113 · of 118,Achrei Mot · Day 6,Day 204 · of 369,Chapter 3 · cycle 16,Women's Wisdom · cycle 3 of 13,Phase 3 · day 9 of 13,Gate 25 · Gate 26 · Gate 27 · day 9 of 13,Megillah v'Chanukah · Ishut · Geirushin · set 9 of 14 · day 8 of 28,Niddah 50 · review,Story 232 · Parshat Achrei Mot
205,2027-05-01,24 Nisan,Achrei Mot,Torah 215 · KST § 229–230 (p. 130) · Lo Taaseh 310–311,ז Zayin · קז · set 10 · day 7 of 22,Gevurah shebeYesod · shebeHod · day 37 of 49,הרח · 59 of 72 · אֶלְיָשִׁיב 11 · יִשָּׂא,Spring · 23 of 91 · Right Kidney · Eicha 5,2nd cycle 3 · day 10 of 13 · El,Year-Cycle 5 · day 55 of 55 · Yechidah — Adam Kadmon,OC 409–410 · Orach Chaim · 409 of 728,Achrei Mot · D7 · P1 · C5,set 9 · 9/28 · Even HaEzer 22–23 · Achrei Mot,Torah 215 · Zohar II 216–217,§ 229–230 (p. 130) · Achrei Mot,Lo Taaseh 310–311,LT Bamidbar · Folio 82 · day 233 of 364,Prayer 116 — second half · day 233 of 364,Eduyot 7 & 8 · Week 30 · Day 2,Psalms 29 & 30 · Week 30 · Day 2,Tale 3 — The Son Who Could Not Walk · cycle 16 · day 10 of 13,Sichos HaRan · §205 of 308 · day 205 of 369,OC 409–410 · half-days 409 & 410,Achrei Mot,Ben Ish Chai · Drash · Achrei Mot · Drash,Se’if י״ב · day 10 of 13,יִשְׂמַח יִשְׂרָאֵל בְּעוֹשָׂיו פֵּירוּש שֶׁכָּל מִי שֶׁהוּא מִזֶרַע יִשְׂרָאֵל יֵשׁ לוֹ לִשְׂמוֹחַ בְּשִׂמְחַת ה׳ אַשֶׁר שָׂשׂ וְשָׂמֵחַ בְּדִירָתוֹ בְּתַּחְתּוֹנִים · תניא פרק לג,Even HaEzer 22–23 · with the Shulchan Aruch,Gittin · 10a · Pesach / Omer,Treatment of Others — 5/5 · Happiness — 1/20,Story 57 · 58 · Achrei Mot,Niddah 51 · נִדָּה,Class 114 · of 118,Sefer Yetzirah · 3:9,Day 205 · of 369,Chapter 3 · cycle 16,Women's Wisdom · cycle 3 of 13,Phase 3 · day 10 of 13,Gate 28 · Gate 29 · Gate 30 · day 10 of 13,Yibum v'Chalitzah · Na'arah Betulah · Sotah · set 9 of 14 · day 9 of 28,Niddah 51 · review,Story 233 · Parshat Achrei Mot
206,2027-05-02,25 Nisan,Kedoshim,Torah 216 · KST § 231 (p. 131) · Lo Taaseh 309–312,ח Chet · רח · set 10 · day 8 of 22,Tiferet shebeYesod · shebeHod · day 38 of 49,מצר · 60 of 72 · יָקִים 12 · יִשָּׂא,Spring · 24 of 91 · Ratzo · F2 letter 1 · Eicha 2:1 · א,2nd cycle 3 · day 11 of 13 · El,Cycle 6 · day 1 of 41 · Nefesh 1 of 10 · I Am the Lord,OC 411–412 · Orach Chaim · 411 of 728,Kedoshim · D1 · P2 · C5,set 9 · 10/28 · Even HaEzer 24–25 · Procreation 4,Torah 216 · Zohar II 218–219,§ 231 (p. 131) · Kedoshim,Lo Taaseh 309–312,LT Bamidbar · Folio 83 · day 234 of 364,Prayer 117 — first half · day 234 of 364,Avodah Zarah 1 & 2 · Week 30 · Day 3,Psalms 31 & 32 · Week 30 · Day 3,Tale 3 — The Son Who Could Not Walk · cycle 16 · day 11 of 13,Sichos HaRan · §206 of 308 · day 206 of 369,OC 411–412 · half-days 411 & 412,Kedoshim,Rav Pe’alim · Vol II · Sod Yesharim 5 · Vol II · Sod Yesharim 6,Overview · day 11 of 13,"All twelve · Mivtza Chinuch, 5736",Even HaEzer 24–25 · Procreation 4 · with the Shulchan Aruch,Gittin · 10a · Pesach / Omer,Happiness — 2/20 · Happiness — 3/20,Story 59 · 60 · Kedoshim,Niddah 52 · נִדָּה,Class 115 · of 118,Kedoshim · Day 1,Day 206 · of 369,Chapter 3 · cycle 16,Women's Wisdom · cycle 3 of 13,Phase 3 · day 11 of 13,Gate 31 · Gate 32 · Ohr Ne’erav I · day 11 of 13,Issurei Biah · Ma'achalot Assurot · Shechitah · set 9 of 14 · day 10 of 28,Niddah 52 · review,Story 234 · Parshat Kedoshim
207,2027-05-03,26 Nisan,Kedoshim,Torah 217 · KST § 232 (p. 131) · Lo Taaseh 313–314,ט Tet · קט · set 10 · day 9 of 22,Netzach shebeYesod · shebeHod · day 39 of 49,ומב · 61 of 72 · חֻפָּה 13 · יִשָּׂא,Spring · 25 of 91 · Ratzo · F2 letter 2 · Eicha 2:2 · ב,2nd cycle 3 · day 12 of 13 · El,Cycle 6 · day 2 of 41 · Nefesh 2 of 10 · No Other Gods,OC 413–414 · Orach Chaim · 413 of 728,Kedoshim · D2 · P2 · C5,set 9 · 11/28 · Even HaEzer 26–27,Torah 217 · Zohar II 220–221,§ 232 (p. 131) · Kedoshim,Lo Taaseh 313–314,LT Bamidbar · Folio 84 · day 235 of 364,Prayer 117 — second half · day 235 of 364,Avodah Zarah 3 & 4 · Week 30 · Day 4,Psalms 33 & 34 · Week 30 · Day 4,Tale 3 — The Son Who Could Not Walk · cycle 16 · day 12 of 13,Sichos HaRan · §207 of 308 · day 207 of 369,OC 413–414 · half-days 413 & 414,Kedoshim,Rav Pe’alim · Vol II · Sod Yesharim 7 · Vol II · Sod Yesharim 8,Se’if א׳ · day 12 of 13,תּוֹרָה צִוָה לָנוּ מֹשֶׁה מוֹרָשָׁה קְהִלַת יַעֲקֹב · דברים לג:ד,Even HaEzer 26–27 · with the Shulchan Aruch,Gittin · 10a · Pesach / Omer,Happiness — 2/20 · Happiness — 3/20,Story 59 · 60 · Kedoshim,Niddah 53 · נִדָּה,Class 116 · of 118,Kedoshim · Day 2,Day 207 · of 369,Chapter 3 · cycle 16,Women's Wisdom · cycle 3 of 13,Phase 3 · day 12 of 13,Ohr Ne’erav II · Ohr Ne’erav III · Ohr Ne’erav IV · day 12 of 13,Shevuot · Nedarim · Nezirut · set 9 of 14 · day 11 of 28,Niddah 53 · review,Story 235 · Parshat Kedoshim
208,2027-05-04,27 Nisan,Kedoshim,Torah 218 · KST § 233 (p. 131) · Lo Taaseh 312–315,י Yud · רי · set 10 · day 10 of 22,Hod shebeYesod · shebeHod · day 40 of 49,יהה · 62 of 72 · יֶשֶׁבְאָב 14 · יִשָּׂא,Spring · 26 of 91 · Ratzo · F2 letter 3 · Eicha 2:3 · ג,2nd cycle 3 · day 13 of 13 · El,Cycle 6 · day 3 of 41 · Nefesh 3 of 10 · Not to Profane G-d's Name,OC 415–416 · Orach Chaim · 415 of 728,Kedoshim · D3 · P2 · C5,set 9 · 12/28 · Even HaEzer 28–29,Torah 218 · Zohar II 222–223,§ 233 (p. 131) · Kedoshim,Lo Taaseh 312–315,LT Bamidbar · Folio 85 · day 236 of 364,Prayer 118 — first half · day 236 of 364,Avodah Zarah 5 &amp; Avot 1 · Week 30 · Day 5,Psalms 35 & 36 · Week 30 · Day 5,Tale 3 — The Son Who Could Not Walk · cycle 16 · day 13 of 13,Sichos HaRan · §208 of 308 · day 208 of 369,OC 415–416 · half-days 415 & 416,Kedoshim,Rav Pe’alim · Vol II · Sod Yesharim 9 · Vol II · Sod Yesharim 10,Se’if ב׳ · day 13 of 13,שְׁמַע יִשְׂרָאֵל ה׳ אֶלֹקֵינוּ ה׳ אֶחָד · דברים ו:ד,Even HaEzer 28–29 · with the Shulchan Aruch,Gittin · 10a · Pesach / Omer,Happiness — 2/20 · Happiness — 3/20,Story 59 · 60 · Kedoshim,Niddah 54 · נִדָּה,Class 117 · of 118,Kedoshim · Day 3,Day 208 · of 369,Chapter 3 · cycle 16,Women's Wisdom · cycle 3 of 13,Phase 3 · day 13 of 13,Ohr Ne’erav V · Ohr Ne’erav VI · Ohr Ne’erav VII · day 13 of 13,Erchin v'Charamin · Kilayim · Matnot Aniyim · set 9 of 14 · day 12 of 28,Niddah 54 · review,Story 236 · Parshat Kedoshim
209,2027-05-05,28 Nisan,Kedoshim,Torah 219 · KST § 234 (p. 132) · Lo Taaseh 316–317,כ Kaf · קכ · set 10 · day 11 of 22,Yesod shebeYesod · shebeHod · day 41 of 49,ענו · 63 of 72 · בִּלְגָּה 15 · יִשָּׂא,Spring · 27 of 91 · Ratzo · F2 letter 4 · Eicha 2:4 · ד,2nd cycle 4 · day 1 of 13 · Rachum,Cycle 6 · day 4 of 41 · Nefesh 4 of 10 · The Sabbath,OC 417–418 · Orach Chaim · 417 of 728,Kedoshim · D4 · P2 · C5,set 9 · 13/28 · Even HaEzer 30–31,Torah 219 · Zohar II 224–225,§ 234 (p. 132) · Kedoshim,Lo Taaseh 316–317,LT Bamidbar · Folio 86 · day 237 of 364,Prayer 118 — second half · day 237 of 364,"Tosefta Eduyot 1, 2, 3 &amp; Tosefta Avodah Zarah 1 · Week 30 · Day 6",Psalms 37 & 38 · Week 30 · Day 6,Tale 4 — The King Who Decreed Conversion · cycle 17 · day 1 of 13,Sichos HaRan · §209 of 308 · day 209 of 369,OC 417–418 · half-days 417 & 418,Kedoshim,Rav Pe’alim · Vol II · Sod Yesharim 11 · Vol II · Sod Yesharim 12,Se’if ג׳ · day 1 of 13,"בְּכָל דוֹר וָדוֹר חַיָיב אָדָם לִרְאוֹת אֶת עַצְמוֹ כְּאִלוּ הוּא יָצָא מִמִצְרָיִם · פסחים קטז,ב",Even HaEzer 30–31 · with the Shulchan Aruch,Gittin · 10a · Pesach / Omer,Happiness — 2/20 · Happiness — 3/20,Story 59 · 60 · Kedoshim,Niddah 55 · נִדָּה,Class 118 · of 118,Kedoshim · Day 4,Day 209 · of 369,Chapter 4 · cycle 17,The Garden of Yearning · cycle 4 of 13,Phase 4 · day 1 of 13,Gate 1 · Gate 2 · Gate 3 · day 1 of 13,Terumot · Ma'aserot · Ma'aser Sheni v'Neta Revai · set 9 of 14 · day 13 of 28,Niddah 55 · review,Story 237 · Parshat Kedoshim
210,2027-05-06,29 Nisan,Kedoshim,Torah 220 · KST § 235 (p. 132) · Lo Taaseh 315–318,ל Lamed · רל · set 10 · day 12 of 22,Malchut shebeYesod · shebeHod · day 42 of 49,מחי · 64 of 72 · אִמֵּר 16 · יִשָּׂא,Spring · 28 of 91 · Ratzo · F2 letter 5 · Eicha 2:5 · ה,2nd cycle 4 · day 2 of 13 · Rachum,Cycle 6 · day 5 of 41 · Nefesh 5 of 10 · Honor Parents,OC 419–420 · Orach Chaim · 419 of 728,Kedoshim · D5 · P2 · C5,set 9 · 14/28 · Even HaEzer 32–33 · Procreation 5,Torah 220 · Zohar II 226–229,§ 235 (p. 132) · Kedoshim,Lo Taaseh 315–318,LT Bamidbar · Folio 87 · day 238 of 364,Prayer 119 — first half · day 238 of 364,"Tosefta Avodah Zarah 2, 3, 4, 5 · Week 30 · Day 7",Psalms 39 & 40 · Week 30 · Day 7,Tale 4 — The King Who Decreed Conversion · cycle 17 · day 2 of 13,Sichos HaRan · §210 of 308 · day 210 of 369,OC 419–420 · half-days 419 & 420,Kedoshim,Rav Pe’alim · Vol II · Sod Yesharim 13 · Vol II · Sod Yesharim 14,Se’if ד׳ · day 2 of 13,"כָּל יִשְׂרָאֵל יֵשׁ לָהֶם חֵלֶק לְעוֹלָם הַבָּא שֶׁנֶאֱמַר וְעַמֵךְ כּוּלָם צַדִיקִים לְעוֹלָם יִירְשׁוּ אָרֶץ נֵצֶר מַטָעַי מַעֲשֵׂה יָדַי לְהִתְפָּאֵר · סנהדרין צ,א",Even HaEzer 32–33 · Procreation 5 · with the Shulchan Aruch,Kiddushin · 10b · Iyar / Omer,Happiness — 2/20 · Happiness — 3/20,Story 59 · 60 · Kedoshim,Niddah 56 · נִדָּה,Class 1 · of 118,Kedoshim · Day 5,Day 210 · of 369,Chapter 4 · cycle 17,The Garden of Yearning · cycle 4 of 13,Phase 4 · day 2 of 13,Gate 4 · Gate 5 · Gate 6 · day 2 of 13,Bikkurim · Shemitah v'Yovel · Beit HaBechirah · set 9 of 14 · day 14 of 28,Niddah 56 · review,Story 238 · Parshat Kedoshim
211,2027-05-07,30 Nisan,Kedoshim,Torah 221 · KST § 236 (p. 133) · Lo Taaseh 319–320,מ Mem · קמ · set 10 · day 13 of 22,Chesed shebeMalchut · shebeHod · day 43 of 49,דמב · 65 of 72 · חֵזִיר 17 · יִשָּׂא,Spring · 29 of 91 · Ratzo · F2 letter 6 · Eicha 2:6 · ו,2nd cycle 4 · day 3 of 13 · Rachum,Cycle 6 · day 6 of 41 · Nefesh 6 of 10 · Do Not Murder,OC 421–422 · Orach Chaim · 421 of 728,Kedoshim · D6 · P2 · C5,set 9 · 15/28 · Even HaEzer 34–35,Torah 221 · Zohar II 230–231,§ 236 (p. 133) · Kedoshim,Lo Taaseh 319–320,LT Bamidbar · Folio 88 · day 239 of 364,Prayer 119 — second half · day 239 of 364,Avot 2 & 3 · Week 31 · Day 1,Psalms 41 & 42 · Week 31 · Day 1,Tale 4 — The King Who Decreed Conversion · cycle 17 · day 3 of 13,Sichos HaRan · §211 of 308 · day 211 of 369,OC 421–422 · half-days 421 & 422,Kedoshim,Ben Ish Chai · Halachot,Se’if ה׳ · day 3 of 13,כִּי קָרוֹב אֵלֶיךָ הַדָבָר מְאֹד בְּפִיךָ וּבִּלְבָבְךָ לַעֲשׂוֹתוֹ · דברים ל:יד,Even HaEzer 34–35 · with the Shulchan Aruch,Kiddushin · 10b · Iyar / Omer,Happiness — 2/20 · Happiness — 3/20,Story 59 · 60 · Kedoshim,Niddah 57 · נִדָּה,Class 2 · of 118,Kedoshim · Day 6,Day 211 · of 369,Chapter 4 · cycle 17,The Garden of Yearning · cycle 4 of 13,Phase 4 · day 3 of 13,Gate 7 · Gate 8 · Gate 9 · day 3 of 13,Klei HaMikdash · Biat HaMikdash · Issurei Mizbe'ach · set 9 of 14 · day 15 of 28,Niddah 57 · review,Story 239 · Parshat Kedoshim
212,2027-05-08,1 Iyar,Kedoshim,Torah 222 · KST § 237–238 (p. 134) · Lo Taaseh 318–321,נ Nun · רנ · set 10 · day 14 of 22,Gevurah shebeMalchut · shebeHod · day 44 of 49,מנק · 66 of 72 · הַפִּצֵּץ 18 · יִשָּׂא,Spring · 30 of 91 · Ratzo · F2 letter 7 · Eicha 2:7 · ז,2nd cycle 4 · day 4 of 13 · Rachum,Cycle 6 · day 7 of 41 · Nefesh 7 of 10 · Faithfulness,OC 423–424 · Orach Chaim · 423 of 728,Kedoshim · D7 · P2 · C5,set 9 · 16/28 · Even HaEzer 36–37 · Kedoshim,Torah 222 · Zohar II 232–233,§ 237–238 (p. 134) · Kedoshim,Lo Taaseh 318–321,LT Bamidbar · Folio 89 · day 240 of 364,Prayer 120 — first half · day 240 of 364,Avot 4 & 5 · Week 31 · Day 2,Psalms 43 & 44 · Week 31 · Day 2,Tale 4 — The King Who Decreed Conversion · cycle 17 · day 4 of 13,Sichos HaRan · §212 of 308 · day 212 of 369,OC 423–424 · half-days 423 & 424,Kedoshim,Ben Ish Chai · Drash · Kedoshim · Drash,Se’if ו׳ · day 4 of 13,וְהִנֵה ה׳ נִצָב עָלָיו וּמְלֹא כָל הָאָרֶץ כּבוֹדוֹ וּמַבִּיט עָלָיו וּבוֹחֵן כְּלָיוֹת וָלֵב אִם עוֹבְדוֹ כָּרָאוּי · תניא פרק מא,Even HaEzer 36–37 · with the Shulchan Aruch,Kiddushin · 10b · Iyar / Omer,Happiness — 2/20 · Happiness — 3/20,Story 59 · 60 · Kedoshim,Niddah 58 · נִדָּה,Class 3 · of 118,Sefer Yetzirah · 4:1–4:2,Day 212 · of 369,Chapter 4 · cycle 17,The Garden of Yearning · cycle 4 of 13,Phase 4 · day 4 of 13,Gate 10 · Gate 11 · Gate 12 · day 4 of 13,Ma'aseh HaKorbanot · Temidin u'Musafin · Pesulei HaMukdash · set 9 of 14 · day 16 of 28,Niddah 58 · review,Story 240 · Parshat Kedoshim
213,2027-05-09,2 Iyar,Emor,Torah 223 · KST § 239 (p. 136) · Lo Taaseh 322–323,ס Samech · קס · set 10 · day 15 of 22,Tiferet shebeMalchut · shebeHod · day 45 of 49,איע · 67 of 72 · פְּתַחְיָה 19 · יִשָּׂא,Spring · 31 of 91 · Ratzo · F2 letter 8 · Eicha 2:8 · ח,2nd cycle 4 · day 5 of 13 · Rachum,Cycle 6 · day 8 of 41 · Nefesh 8 of 10 · Do Not Steal,OC 425–426 · Orach Chaim · 425 of 728,Emor · D1 · P3 · C5,set 9 · 17/28 · Even HaEzer 38–39,Torah 223 · Zohar II 234–235,§ 239 (p. 136) · Emor,Lo Taaseh 322–323,LT Bamidbar · Folio 90 · day 241 of 364,Prayer 120 — second half · day 241 of 364,Horayot 1 & 2 · Week 31 · Day 3,Psalms 45 & 46 · Week 31 · Day 3,Tale 4 — The King Who Decreed Conversion · cycle 17 · day 5 of 13,Sichos HaRan · §213 of 308 · day 213 of 369,OC 425–426 · half-days 425 & 426,Emor,Rav Pe’alim · Vol III · Index 1 · Vol III · Index 2,Se’if ז׳ · day 5 of 13,בְּרֵאשִׁית בָּרָא אֶלֹקִים אֵת הַשָׁמַיִם וְאֵת הָאָרֶץ · בראשית א:א,Even HaEzer 38–39 · with the Shulchan Aruch,Kiddushin · 10b · Iyar / Omer,Happiness — 4/20 · Happiness — 5/20,Story 61 · 62 · Emor,Niddah 59 · נִדָּה,Class 4 · of 118,Emor · Day 1,Day 213 · of 369,Chapter 4 · cycle 17,The Garden of Yearning · cycle 4 of 13,Phase 4 · day 5 of 13,Gate 13 · Gate 14 · Gate 15 · day 5 of 13,Avodat Yom HaKippurim · Me'ilah · Korban Pesach · set 9 of 14 · day 17 of 28,Niddah 59 · review,Story 241 · Parshat Emor
214,2027-05-10,3 Iyar,Emor,Torah 224 · KST § 240 (p. 137) · Lo Taaseh 321–324,ע Ayin · רע · set 10 · day 16 of 22,Netzach shebeMalchut · shebeHod · day 46 of 49,חבו · 68 of 72 · יְחֶזְקֵאל 20 · יִשָּׂא,Spring · 32 of 91 · Ratzo · F2 letter 9 · Eicha 2:9 · ט,2nd cycle 4 · day 6 of 13 · Rachum,Cycle 6 · day 9 of 41 · Nefesh 9 of 10 · Truth / No False Witness,OC 427–428 · Orach Chaim · 427 of 728,Emor · D2 · P3 · C5,set 9 · 18/28 · Even HaEzer 40–41 · Matrimony 1,Torah 224 · Zohar II 236–237,§ 240 (p. 137) · Emor,Lo Taaseh 321–324,LT Bamidbar · Folio 91 · day 242 of 364,Prayer 121 — first half · day 242 of 364,Horayot 3 &amp; Zevachim 1 · Week 31 · Day 4,Psalms 47 & 48 · Week 31 · Day 4,Tale 4 — The King Who Decreed Conversion · cycle 17 · day 6 of 13,Sichos HaRan · §214 of 308 · day 214 of 369,OC 427–428 · half-days 427 & 428,Emor,Rav Pe’alim · Vol III · Index 3 · Vol III · Index 4,Se’if ח׳ · day 6 of 13,וְשִׁנַנְתָּם לְבָנֶיךָ וְדִבַּרְתָּ בָּם בְּשִׁבְתְּךָ בְּבֵיתֶךָ וּבְלֶכְתְּךָ בַדֶרֶךְ וּבְשָׁכְבְּךָ וּבְקוּמֶךָ · דברים ו:ז,Even HaEzer 40–41 · Matrimony 1 · with the Shulchan Aruch,Kiddushin · 10b · Iyar / Omer,Happiness — 4/20 · Happiness — 5/20,Story 61 · 62 · Emor,Niddah 60 · נִדָּה,Class 5 · of 118,Emor · Day 2,Day 214 · of 369,Chapter 4 · cycle 17,The Garden of Yearning · cycle 4 of 13,Phase 4 · day 6 of 13,Gate 16 · Gate 17 · Gate 18 · day 6 of 13,Chagigah · Bechorot · Shegagot · set 9 of 14 · day 18 of 28,Niddah 60 · review,Story 242 · Parshat Emor
215,2027-05-11,4 Iyar,Emor,Torah 225 · KST § 241 (p. 139) · Lo Taaseh 325–326,פ Peh · קפ · set 10 · day 17 of 22,Hod shebeMalchut · shebeHod · day 47 of 49,ראה · 69 of 72 · יָכִין 21 · יִשָּׂא,Spring · 33 of 91 · Ratzo · F2 letter 10 · Eicha 2:10 · י,2nd cycle 4 · day 7 of 13 · Rachum,Cycle 6 · day 10 of 41 · Nefesh 10 of 10 · Do Not Covet,OC 429–430 · Orach Chaim · 429 of 728,Emor · D3 · P3 · C5,set 9 · 19/28 · Even HaEzer 42–43,Torah 225 · Zohar II 238–239,§ 241 (p. 139) · Emor,Lo Taaseh 325–326,LT Bamidbar · Folio 92 · day 243 of 364,Prayer 121 — second half · day 243 of 364,Zevachim 2 & 3 · Week 31 · Day 5,Psalms 49 & 50 · Week 31 · Day 5,Tale 4 — The King Who Decreed Conversion · cycle 17 · day 7 of 13,Sichos HaRan · §215 of 308 · day 215 of 369,OC 429–430 · half-days 429 & 430,Emor,Rav Pe’alim · Vol III · Index 5 · Vol III · Orach Chayim 1,Se’if ט׳ · day 7 of 13,"יָגַעְתִּי וְלֹא מָצָאתִי אַל תַּאַמִין לֹא יָגַעְתִּי וּמָצָאתִי אַל תַּאַמִין יָגַעְתִּי וּמָצָאתִי תַּאַמִין · מגילה ו,ב",Even HaEzer 42–43 · with the Shulchan Aruch,Kiddushin · 10b · Iyar / Omer,Happiness — 4/20 · Happiness — 5/20,Story 61 · 62 · Emor,Niddah 61 · נִדָּה,Class 6 · of 118,Emor · Day 3,Day 215 · of 369,Chapter 4 · cycle 17,The Garden of Yearning · cycle 4 of 13,Phase 4 · day 7 of 13,Gate 19 · Gate 20 · Gate 21 · day 7 of 13,Mechusrei Kapparah · Temurah · Tumat Met · set 9 of 14 · day 19 of 28,Niddah 61 · review,Story 243 · Parshat Emor
216,2027-05-12,5 Iyar,Emor,Torah 226 · KST § 242 (p. 139) · Lo Taaseh 324–327,צ Tzaddik · רצ · set 10 · day 18 of 22,Yesod shebeMalchut · shebeHod · day 48 of 49,יבמ · 70 of 72 · גָּמוּל 22 · יִשָּׂא,Spring · 34 of 91 · Ratzo · F2 letter 11 · Eicha 2:11 · כ,2nd cycle 4 · day 8 of 13 · Rachum,Cycle 6 · day 11 of 41 · Ruach 1 of 10 · I Am the Lord,OC 431–432 · Orach Chaim · 431 of 728,Emor · D4 · P3 · C5,set 9 · 20/28 · Even HaEzer 44–45,Torah 226 · Zohar II 240–241,§ 242 (p. 139) · Emor,Lo Taaseh 324–327,LT Bamidbar · Folio 93 · day 244 of 364,Prayer 122 — first half · day 244 of 364,"Tosefta Avodah Zarah 6, 7, 8, 9 · Week 31 · Day 6",Psalms 51 & 52 · Week 31 · Day 6,Tale 4 — The King Who Decreed Conversion · cycle 17 · day 8 of 13,Sichos HaRan · §216 of 308 · day 216 of 369,OC 431–432 · half-days 431 & 432,Emor,Rav Pe’alim · Vol III · Orach Chayim 2 · Vol III · Orach Chayim 3,Se’if י׳ · day 8 of 13,וְאָהַבְתָּ לְרֵעַךָ כָּמוֹךָ – רַבִּי עַקִיבָא אוֹמֵר זֶה כְּלָל גָדוֹל בַּתּוֹרָה · ויקרא יט:יח,Even HaEzer 44–45 · with the Shulchan Aruch,Kiddushin · 10b · Iyar / Omer,Happiness — 4/20 · Happiness — 5/20,Story 61 · 62 · Emor,Niddah 62 · נִדָּה,Class 7 · of 118,Emor · Day 4,Day 216 · of 369,Chapter 4 · cycle 17,The Garden of Yearning · cycle 4 of 13,Phase 4 · day 8 of 13,Gate 22 · Gate 23 · Gate 24 · day 8 of 13,Parah Adumah · Tumat Tzara'at · Metamei Mishkav u'Moshav · set 9 of 14 · day 20 of 28,Niddah 62 · review,Story 244 · Parshat Emor
217,2027-05-13,6 Iyar,Emor,Torah 227 · KST § 243 (p. 140) · Lo Taaseh 328–329,ק Kuf · קר · set 10 · day 19 of 22,Malchut shebeMalchut · shebeHod · day 49 of 49,היי · 71 of 72 · דְּלָיָהוּ 23 · יִשָּׂא,Spring · 35 of 91 · Ratzo · F2 letter 12 · Eicha 2:12 · ל,2nd cycle 4 · day 9 of 13 · Rachum,Cycle 6 · day 12 of 41 · Ruach 2 of 10 · No Other Gods,OC 433–434 · Orach Chaim · 433 of 728,Emor · D5 · P3 · C5,set 9 · 21/28 · Even HaEzer 46–47,Torah 227 · Zohar II 242–245,§ 243 (p. 140) · Emor,Lo Taaseh 328–329,LT Bamidbar · Folio 94 · day 245 of 364,Prayer 122 — second half · day 245 of 364,"Tosefta Horayot 1, 2 &amp; Tosefta Zevachim 1, 2 · Week 31 · Day 7",Psalms 53 & 54 · Week 31 · Day 7,Tale 4 — The King Who Decreed Conversion · cycle 17 · day 9 of 13,Sichos HaRan · §217 of 308 · day 217 of 369,OC 433–434 · half-days 433 & 434,Emor,Rav Pe’alim · Vol III · Orach Chayim 4 · Vol III · Orach Chayim 5,Se’if י״א · day 9 of 13,וְזֶה כָּל הָאָדָם וְתַכְלִית בְּרִיאָתוֹ וּבְרִיאַת כָּל הָעוֹלָמוֹת עֶלְיוֹנִים וְתַּחְתּוֹנִים לִהְיוֹת לוֹ דִירָה זוֹ בְּתַּחְתּוֹנִים · תניא פרק לג,Even HaEzer 46–47 · with the Shulchan Aruch,Kiddushin · 10b · Iyar / Omer,Happiness — 4/20 · Happiness — 5/20,Story 61 · 62 · Emor,Niddah 63 · נִדָּה,Class 8 · of 118,Emor · Day 5,Day 217 · of 369,Chapter 4 · cycle 17,The Garden of Yearning · cycle 4 of 13,Phase 4 · day 9 of 13,Gate 25 · Gate 26 · Gate 27 · day 9 of 13,She'ar Avot HaTumot · Tumat Ochlin · Kelim · set 9 of 14 · day 21 of 28,Niddah 63 · review,Story 245 · Parshat Emor
218,2027-05-14,7 Iyar,Emor,Torah 228 · KST § 244 (p. 140) · Lo Taaseh 327–330,ר Reish · רק · set 10 · day 20 of 22,Chesed shebeChesed · shebeYesod · day 1 of 49,מום · 72 of 72 · מַעַזְיָהוּ 24 · יִשָּׂא,Spring · 36 of 91 · Ratzo · F2 letter 13 · Eicha 2:13 · מ,2nd cycle 4 · day 10 of 13 · Rachum,Cycle 6 · day 13 of 41 · Ruach 3 of 10 · Not to Profane G-d's Name,OC 435–436 · Orach Chaim · 435 of 728,Emor · D6 · P3 · C5,set 9 · 22/28 · Even HaEzer 48–49 · Matrimony 2,Torah 228 · Zohar II 246–247,§ 244 (p. 140) · Emor,Lo Taaseh 327–330,LT Bamidbar · Folio 95 · day 246 of 364,Prayer 123 — first half · day 246 of 364,Zevachim 4 & 5 · Week 32 · Day 1,Psalms 55 & 56 · Week 32 · Day 1,Tale 4 — The King Who Decreed Conversion · cycle 17 · day 10 of 13,Sichos HaRan · §218 of 308 · day 218 of 369,OC 435–436 · half-days 435 & 436,Emor,Ben Ish Chai · Halachot,Se’if י״ב · day 10 of 13,יִשְׂמַח יִשְׂרָאֵל בְּעוֹשָׂיו פֵּירוּש שֶׁכָּל מִי שֶׁהוּא מִזֶרַע יִשְׂרָאֵל יֵשׁ לוֹ לִשְׂמוֹחַ בְּשִׂמְחַת ה׳ אַשֶׁר שָׂשׂ וְשָׂמֵחַ בְּדִירָתוֹ בְּתַּחְתּוֹנִים · תניא פרק לג,Even HaEzer 48–49 · Matrimony 2 · with the Shulchan Aruch,Kiddushin · 10b · Iyar / Omer,Happiness — 4/20 · Happiness — 5/20,Story 61 · 62 · Emor,Niddah 64 · נִדָּה,Class 9 · of 118,Emor · Day 6,Day 218 · of 369,Chapter 4 · cycle 17,The Garden of Yearning · cycle 4 of 13,Phase 4 · day 10 of 13,Gate 28 · Gate 29 · Gate 30 · day 10 of 13,Mikvaot · Nizkei Mamon · Genevah · set 9 of 14 · day 22 of 28,Niddah 64 · review,Story 246 · Parshat Emor
219,2027-05-15,8 Iyar,Emor,Torah 229 · KST § 245–246 (p. 141) · Lo Taaseh 331–332,ש Shin · שר · set 10 · day 21 of 22,Gevurah shebeChesed · shebeYesod · day 2 of 49,,Spring · 37 of 91 · Ratzo · F2 letter 14 · Eicha 2:14 · נ,2nd cycle 4 · day 11 of 13 · Rachum,Cycle 6 · day 14 of 41 · Ruach 4 of 10 · The Sabbath,OC 437–438 · Orach Chaim · 437 of 728,Emor · D7 · P3 · C5,set 9 · 23/28 · Even HaEzer 50–51 · Emor,Torah 229 · Zohar II 248–249,§ 245–246 (p. 141) · Emor,Lo Taaseh 331–332,LT Bamidbar · Folio 96 · day 247 of 364,Prayer 123 — second half · day 247 of 364,Zevachim 6 & 7 · Week 32 · Day 2,Psalms 57 & 58 · Week 32 · Day 2,Tale 4 — The King Who Decreed Conversion · cycle 17 · day 11 of 13,Sichos HaRan · §219 of 308 · day 219 of 369,OC 437–438 · half-days 437 & 438,Emor,Ben Ish Chai · Drash · Emor · Drash,Overview · day 11 of 13,"All twelve · Mivtza Chinuch, 5736",Even HaEzer 50–51 · with the Shulchan Aruch,Kiddushin · 10b · Iyar / Omer,Happiness — 4/20 · Happiness — 5/20,Story 61 · 62 · Emor,Niddah 65 · נִדָּה,Class 10 · of 118,Sefer Yetzirah · 4:3–4:4,Day 219 · of 369,Chapter 4 · cycle 17,The Garden of Yearning · cycle 4 of 13,Phase 4 · day 11 of 13,Gate 31 · Gate 32 · Ohr Ne’erav I · day 11 of 13,Gezelah v'Avedah · Chovel u'Mazik · Rotze'ach u'Shmirat Ne · set 9 of 14 · day 23 of 28,Niddah 65 · review,Story 247 · Parshat Emor
220,2027-05-16,9 Iyar,Behar,Torah 230 · KST § 247 (p. 143) · Lo Taaseh 330–333,ת Tav · תק · set 10 · day 22 of 22,Tiferet shebeChesed · shebeYesod · day 3 of 49,והו · 1 of 72 · יְהוֹיָרִיב 1 · ה׳,Spring · 38 of 91 · Ratzo · F2 letter 15 · Eicha 2:15 · ס,2nd cycle 4 · day 12 of 13 · Rachum,Cycle 6 · day 15 of 41 · Ruach 5 of 10 · Honor Parents,OC 439–440 · Orach Chaim · 439 of 728,Behar · D1 · P4 · C5,set 9 · 24/28 · Even HaEzer 52–53,Torah 230 · Zohar II 250–251,§ 247 (p. 143) · Behar,Lo Taaseh 330–333,LT Devarim · Folio 1 · day 248 of 364,Prayer 124 — first half · day 248 of 364,Zevachim 8 & 9 · Week 32 · Day 3,Psalms 59 & 60 · Week 32 · Day 3,Tale 4 — The King Who Decreed Conversion · cycle 17 · day 12 of 13,Sichos HaRan · §220 of 308 · day 220 of 369,OC 439–440 · half-days 439 & 440,Behar,Rav Pe’alim · Vol III · Orach Chayim 6 · Vol III · Orach Chayim 7,Se’if א׳ · day 12 of 13,תּוֹרָה צִוָה לָנוּ מֹשֶׁה מוֹרָשָׁה קְהִלַת יַעֲקֹב · דברים לג:ד,Even HaEzer 52–53 · with the Shulchan Aruch,Kiddushin · 10b · Iyar / Omer,Happiness — 6/20 · Happiness — 7/20,Story 63 · 64 · Behar,Niddah 66 · נִדָּה,Class 11 · of 118,Behar · Day 1,Day 220 · of 369,Chapter 4 · cycle 17,The Garden of Yearning · cycle 4 of 13,Phase 4 · day 12 of 13,Ohr Ne’erav II · Ohr Ne’erav III · Ohr Ne’erav IV · day 12 of 13,Mechirah · Zechiyah u'Matanah · Shecheinim · set 9 of 14 · day 24 of 28,Niddah 66 · review,Story 248 · Parshat Behar
221,2027-05-17,10 Iyar,Behar,Torah 231 · KST § 248 (p. 143) · Lo Taaseh 334–335,א Alef · שא · set 11 · day 1 of 22,Netzach shebeChesed · shebeYesod · day 4 of 49,ילי · 2 of 72 · יְדַעְיָה 2 · ה׳,Spring · 39 of 91 · Ratzo · F2 letter 16 · Eicha 2:16 · פ,2nd cycle 4 · day 13 of 13 · Rachum,Cycle 6 · day 16 of 41 · Ruach 6 of 10 · Do Not Murder,OC 441–442 · Orach Chaim · 441 of 728,Behar · D2 · P4 · C5,set 9 · 25/28 · Even HaEzer 54–55,Torah 231 · Zohar II 252–253,§ 248 (p. 143) · Behar,Lo Taaseh 334–335,LT Devarim · Folio 2 · day 249 of 364,Prayer 124 — second half · day 249 of 364,Zevachim 10 & 11 · Week 32 · Day 4,Psalms 61 & 62 · Week 32 · Day 4,Tale 4 — The King Who Decreed Conversion · cycle 17 · day 13 of 13,Sichos HaRan · §221 of 308 · day 221 of 369,OC 441–442 · half-days 441 & 442,Behar,Rav Pe’alim · Vol III · Orach Chayim 8 · Vol III · Orach Chayim 9,Se’if ב׳ · day 13 of 13,שְׁמַע יִשְׂרָאֵל ה׳ אֶלֹקֵינוּ ה׳ אֶחָד · דברים ו:ד,Even HaEzer 54–55 · with the Shulchan Aruch,Nezikin · 11a · Lag BaOmer,Happiness — 6/20 · Happiness — 7/20,Story 63 · 64 · Behar,Niddah 67 · נִדָּה,Class 12 · of 118,Behar · Day 2,Day 221 · of 369,Chapter 4 · cycle 17,The Garden of Yearning · cycle 4 of 13,Phase 4 · day 13 of 13,Ohr Ne’erav V · Ohr Ne’erav VI · Ohr Ne’erav VII · day 13 of 13,Shluchin v'Shutafin · Avadim · Sechirut · set 9 of 14 · day 25 of 28,Niddah 67 · review,Story 249 · Parshat Behar
222,2027-05-18,11 Iyar,Behar,Torah 232 · KST § 249 (p. 149) · Lo Taaseh 333–336,ב Bet · תב · set 11 · day 2 of 22,Hod shebeChesed · shebeYesod · day 5 of 49,סיט · 3 of 72 · חָרִם 3 · ה׳,Spring · 40 of 91 · Ratzo · F2 letter 17 · Eicha 2:17 · ע,2nd cycle 5 · day 1 of 13 · Ve'chanun,Cycle 6 · day 17 of 41 · Ruach 7 of 10 · Faithfulness,OC 443–444 · Orach Chaim · 443 of 728,Behar · D3 · P4 · C5,set 9 · 26/28 · Even HaEzer 56–57 · Matrimony 3,Torah 232 · Zohar II 254–255,§ 249 (p. 149) · Behar,Lo Taaseh 333–336,LT Devarim · Folio 3 · day 250 of 364,Prayer 125 — first half · day 250 of 364,Zevachim 12 & 13 · Week 32 · Day 5,Psalms 63 & 64 · Week 32 · Day 5,Tale 5 — The King's Son Who Was Made of Precious Stones · cycle 18 · day 1 of 13,Sichos HaRan · §222 of 308 · day 222 of 369,OC 443–444 · half-days 443 & 444,Behar,Rav Pe’alim · Vol III · Orach Chayim 10 · Vol III · Orach Chayim 11,Se’if ג׳ · day 1 of 13,"בְּכָל דוֹר וָדוֹר חַיָיב אָדָם לִרְאוֹת אֶת עַצְמוֹ כְּאִלוּ הוּא יָצָא מִמִצְרָיִם · פסחים קטז,ב",Even HaEzer 56–57 · Matrimony 3 · with the Shulchan Aruch,Nezikin · 11a · Lag BaOmer,Happiness — 6/20 · Happiness — 7/20,Story 63 · 64 · Behar,Niddah 68 · נִדָּה,Class 13 · of 118,Behar · Day 3,Day 222 · of 369,Chapter 5 · cycle 18,In Forest Fields · cycle 5 of 13,Phase 5 · day 1 of 13,Gate 1 · Gate 2 · Gate 3 · day 1 of 13,She'elah u'Fikadon · Malveh v'Loveh · To'en v'Nit'an · set 9 of 14 · day 26 of 28,Niddah 68 · review,Story 250 · Parshat Behar
223,2027-05-19,12 Iyar,Behar,Torah 233 · KST § 250 (p. 150) · Lo Taaseh 337–338,ג Gimmel · שג · set 11 · day 3 of 22,Yesod shebeChesed · shebeYesod · day 6 of 49,עלם · 4 of 72 · שְׂעֹרִים 4 · ה׳,Spring · 41 of 91 · Ratzo · F2 letter 18 · Eicha 2:18 · צ,2nd cycle 5 · day 2 of 13 · Ve'chanun,Cycle 6 · day 18 of 41 · Ruach 8 of 10 · Do Not Steal,OC 445–446 · Orach Chaim · 445 of 728,Behar · D4 · P4 · C5,set 9 · 27/28 · Even HaEzer 58–59,Torah 233 · Zohar II 256–257,§ 250 (p. 150) · Behar,Lo Taaseh 337–338,LT Devarim · Folio 4 · day 251 of 364,Prayer 125 — second half · day 251 of 364,"Tosefta Zevachim 3, 4, 5, 6 · Week 32 · Day 6",Psalms 65 & 66 · Week 32 · Day 6,Tale 5 — The King's Son Who Was Made of Precious Stones · cycle 18 · day 2 of 13,Sichos HaRan · §223 of 308 · day 223 of 369,OC 445–446 · half-days 445 & 446,Behar,Rav Pe’alim · Vol III · Orach Chayim 12 · Vol III · Orach Chayim 13,Se’if ד׳ · day 2 of 13,"כָּל יִשְׂרָאֵל יֵשׁ לָהֶם חֵלֶק לְעוֹלָם הַבָּא שֶׁנֶאֱמַר וְעַמֵךְ כּוּלָם צַדִיקִים לְעוֹלָם יִירְשׁוּ אָרֶץ נֵצֶר מַטָעַי מַעֲשֵׂה יָדַי לְהִתְפָּאֵר · סנהדרין צ,א",Even HaEzer 58–59 · with the Shulchan Aruch,Nezikin · 11a · Lag BaOmer,Happiness — 6/20 · Happiness — 7/20,Story 63 · 64 · Behar,Niddah 69 · נִדָּה,Class 14 · of 118,Behar · Day 4,Day 223 · of 369,Chapter 5 · cycle 18,In Forest Fields · cycle 5 of 13,Phase 5 · day 2 of 13,Gate 4 · Gate 5 · Gate 6 · day 2 of 13,Nachalot · Sanhedrin · Edut · set 9 of 14 · day 27 of 28,Niddah 69 · review,Story 251 · Parshat Behar
224,2027-05-20,13 Iyar,Behar,Torah 234 · KST § 251 (p. 150) · Lo Taaseh 336–339,ד Dalet · תד · set 11 · day 4 of 22,Malchut shebeChesed · shebeYesod · day 7 of 49,מהש · 5 of 72 · מַלְכִּיָּה 5 · ה׳,Spring · 42 of 91 · Ratzo · F2 letter 19 · Eicha 2:19 · ק,2nd cycle 5 · day 3 of 13 · Ve'chanun,Cycle 6 · day 19 of 41 · Ruach 9 of 10 · Truth / No False Witness,OC 447–448 · Orach Chaim · 447 of 728,Behar · D5 · P4 · C5,set 9 · 28/28 · Even HaEzer 60–61,Torah 234 · Zohar II 258–261,§ 251 (p. 150) · Behar,Lo Taaseh 336–339,LT Devarim · Folio 5 · day 252 of 364,Prayer 126 — first half · day 252 of 364,"Tosefta Zevachim 7, 8, 9, 10 · Week 32 · Day 7",Psalms 67 & 68 · Week 32 · Day 7,Tale 5 — The King's Son Who Was Made of Precious Stones · cycle 18 · day 3 of 13,Sichos HaRan · §224 of 308 · day 224 of 369,OC 447–448 · half-days 447 & 448,Behar,Rav Pe’alim · Vol III · Orach Chayim 14 · Vol III · Orach Chayim 15,Se’if ה׳ · day 3 of 13,כִּי קָרוֹב אֵלֶיךָ הַדָבָר מְאֹד בְּפִיךָ וּבִּלְבָבְךָ לַעֲשׂוֹתוֹ · דברים ל:יד,Even HaEzer 60–61 · with the Shulchan Aruch,Nezikin · 11a · Lag BaOmer,Happiness — 6/20 · Happiness — 7/20,Story 63 · 64 · Behar,Niddah 70 · נִדָּה,Class 15 · of 118,Behar · Day 5,Day 224 · of 369,Chapter 5 · cycle 18,In Forest Fields · cycle 5 of 13,Phase 5 · day 3 of 13,Gate 7 · Gate 8 · Gate 9 · day 3 of 13,Mamrim · Evel · Melachim u'Milchamos · set 9 of 14 · day 28 of 28,Niddah 70 · review,Story 252 · Parshat Behar
225,2027-05-21,14 Iyar,Behar,Torah 235 · KST § 252 (p. 151) · Lo Taaseh 340–341,ה Heh · שה · set 11 · day 5 of 22,Chesed shebeGevurah · shebeYesod · day 8 of 49,ללה · 6 of 72 · מִיָּמִן 6 · ה׳,Spring · 43 of 91 · Ratzo · F2 letter 20 · Eicha 2:20 · ר,2nd cycle 5 · day 4 of 13 · Ve'chanun,Cycle 6 · day 20 of 41 · Ruach 10 of 10 · Do Not Covet,OC 449–450 · Orach Chaim · 449 of 728,Behar · D6 · P4 · C5,set 10 · 1/28 · Even HaEzer 62–63,Torah 235 · Zohar II 262–263,§ 252 (p. 151) · Behar,Lo Taaseh 340–341,LT Devarim · Folio 6 · day 253 of 364,Prayer 126 — second half · day 253 of 364,Zevachim 14 &amp; Menachot 1 · Week 33 · Day 1,Psalms 69 & 70 · Week 33 · Day 1,Tale 5 — The King's Son Who Was Made of Precious Stones · cycle 18 · day 4 of 13,Sichos HaRan · §225 of 308 · day 225 of 369,OC 449–450 · half-days 449 & 450,Behar,Ben Ish Chai · Halachot,Se’if ו׳ · day 4 of 13,וְהִנֵה ה׳ נִצָב עָלָיו וּמְלֹא כָל הָאָרֶץ כּבוֹדוֹ וּמַבִּיט עָלָיו וּבוֹחֵן כְּלָיוֹת וָלֵב אִם עוֹבְדוֹ כָּרָאוּי · תניא פרק מא,Even HaEzer 62–63 · with the Shulchan Aruch,Nezikin · 11a · Lag BaOmer,Happiness — 6/20 · Happiness — 7/20,Story 63 · 64 · Behar,Niddah 71 · נִדָּה,Class 16 · of 118,Behar · Day 6,Day 225 · of 369,Chapter 5 · cycle 18,In Forest Fields · cycle 5 of 13,Phase 5 · day 4 of 13,Gate 10 · Gate 11 · Gate 12 · day 4 of 13,Enumeration of the 613 Mitzvos · Yesodei HaTorah · De'ot · set 10 of 14 · day 1 of 28,Niddah 71 · review,Story 253 · Parshat Behar
226,2027-05-22,15 Iyar,Behar,Torah 236 · KST § 253–254 (p. 151) · Lo Taaseh 339–342,ו Vav · תו · set 11 · day 6 of 22,Gevurah shebeGevurah · shebeYesod · day 9 of 49,אכא · 7 of 72 · הַקּוֹץ 7 · ה׳,Spring · 44 of 91 · Ratzo · F2 letter 21 · Eicha 2:21 · ש,2nd cycle 5 · day 5 of 13 · Ve'chanun,Cycle 6 · day 21 of 41 · Neshamah 1 of 10 · I Am the Lord,OC 451–452 · Orach Chaim · 451 of 728,Behar · D7 · P4 · C5,set 10 · 2/28 · Even HaEzer 64–65 · Sanctification 1 · Behar,Torah 236 · Zohar II 264–265,§ 253–254 (p. 151) · Behar,Lo Taaseh 339–342,LT Devarim · Folio 7 · day 254 of 364,Prayer 127 — first half · day 254 of 364,Menachot 2 & 3 · Week 33 · Day 2,Psalms 71 & 72 · Week 33 · Day 2,Tale 5 — The King's Son Who Was Made of Precious Stones · cycle 18 · day 5 of 13,Sichos HaRan · §226 of 308 · day 226 of 369,OC 451–452 · half-days 451 & 452,Behar,Ben Ish Chai · Drash · Behar · Drash,Se’if ז׳ · day 5 of 13,בְּרֵאשִׁית בָּרָא אֶלֹקִים אֵת הַשָׁמַיִם וְאֵת הָאָרֶץ · בראשית א:א,Even HaEzer 64–65 · Sanctification 1 · with the Shulchan Aruch,Nezikin · 11a · Lag BaOmer,Happiness — 6/20 · Happiness — 7/20,Story 63 · 64 · Behar,Niddah 72 · נִדָּה,Class 17 · of 118,Sefer Yetzirah · 4:5–4:6,Day 226 · of 369,Chapter 5 · cycle 18,In Forest Fields · cycle 5 of 13,Phase 5 · day 5 of 13,Gate 13 · Gate 14 · Gate 15 · day 5 of 13,Talmud Torah · Avodah Zarah · Teshuvah · set 10 of 14 · day 2 of 28,Niddah 72 · review,Story 254 · Parshat Behar
227,2027-05-23,16 Iyar,Bechukotai,Torah 237 · KST § 255 (p. 152) · Lo Taaseh 343–344,ז Zayin · שז · set 11 · day 7 of 22,Tiferet shebeGevurah · shebeYesod · day 10 of 49,כהת · 8 of 72 · אֲבִיָּה 8 · ה׳,Spring · 45 of 91 · Ratzo · F2 letter 22 · Eicha 2:22 · ת,2nd cycle 5 · day 6 of 13 · Ve'chanun,Cycle 6 · day 22 of 41 · Neshamah 2 of 10 · No Other Gods,OC 453–454 · Orach Chaim · 453 of 728,Bechukotai · D1 · P5 · C5,set 10 · 3/28 · Even HaEzer 66–67,Torah 237 · Zohar II 266–267,§ 255 (p. 152) · Bechukotai,Lo Taaseh 343–344,LT Devarim · Folio 8 · day 255 of 364,Prayer 127 — second half · day 255 of 364,Menachot 4 & 5 · Week 33 · Day 3,Psalms 73 & 74 · Week 33 · Day 3,Tale 5 — The King's Son Who Was Made of Precious Stones · cycle 18 · day 6 of 13,Sichos HaRan · §227 of 308 · day 227 of 369,OC 453–454 · half-days 453 & 454,Bechukotai,Rav Pe’alim · Vol III · Orach Chayim 16 · Vol III · Orach Chayim 17,Se’if ח׳ · day 6 of 13,וְשִׁנַנְתָּם לְבָנֶיךָ וְדִבַּרְתָּ בָּם בְּשִׁבְתְּךָ בְּבֵיתֶךָ וּבְלֶכְתְּךָ בַדֶרֶךְ וּבְשָׁכְבְּךָ וּבְקוּמֶךָ · דברים ו:ז,Even HaEzer 66–67 · with the Shulchan Aruch,Nezikin · 11a · Lag BaOmer,Happiness — 8/20 · Happiness — 9/20,Story 65 · 66 · Bechukotai,Niddah 73 · נִדָּה,Class 18 · of 118,Bechukotai · Day 1,Day 227 · of 369,Chapter 5 · cycle 18,In Forest Fields · cycle 5 of 13,Phase 5 · day 6 of 13,Gate 16 · Gate 17 · Gate 18 · day 6 of 13,"Kriat Shema · Tefilah u'Birkat Kohanim · Tefillin, Mezuzah · set 10 of 14 · day 3 of 28",Niddah 73 · review,Story 255 · Parshat Bechukotai
228,2027-05-24,17 Iyar,Bechukotai,Torah 238 · KST § 256 (p. 153) · Lo Taaseh 342–345,ח Chet · תח · set 11 · day 8 of 22,Netzach shebeGevurah · shebeYesod · day 11 of 49,הזי · 9 of 72 · יֵשׁוּעַ 9 · ה׳,Spring · 46 of 91 · Heart of the season · Eicha 5,2nd cycle 5 · day 7 of 13 · Ve'chanun,Cycle 6 · day 23 of 41 · Neshamah 3 of 10 · Not to Profane G-d's Name,OC 455–456 · Orach Chaim · 455 of 728,Bechukotai · D2 · P5 · C5,set 10 · 4/28 · Even HaEzer 68–69,Torah 238 · Zohar II 268–269,§ 256 (p. 153) · Bechukotai,Lo Taaseh 342–345,LT Devarim · Folio 9 · day 256 of 364,Prayer 128 — first half · day 256 of 364,Menachot 6 & 7 · Week 33 · Day 4,Psalms 75 & 76 · Week 33 · Day 4,Tale 5 — The King's Son Who Was Made of Precious Stones · cycle 18 · day 7 of 13,Sichos HaRan · §228 of 308 · day 228 of 369,OC 455–456 · half-days 455 & 456,Bechukotai,Rav Pe’alim · Vol III · Orach Chayim 18 · Vol III · Orach Chayim 19,Se’if ט׳ · day 7 of 13,"יָגַעְתִּי וְלֹא מָצָאתִי אַל תַּאַמִין לֹא יָגַעְתִּי וּמָצָאתִי אַל תַּאַמִין יָגַעְתִּי וּמָצָאתִי תַּאַמִין · מגילה ו,ב",Even HaEzer 68–69 · with the Shulchan Aruch,Nezikin · 11a · Lag BaOmer,Happiness — 8/20 · Happiness — 9/20,Story 65 · 66 · Bechukotai,,Class 19 · of 118,Bechukotai · Day 2,Day 228 · of 369,Chapter 5 · cycle 18,In Forest Fields · cycle 5 of 13,Phase 5 · day 7 of 13,Gate 19 · Gate 20 · Gate 21 · day 7 of 13,Tzitzit · Berachot · Milah · set 10 of 14 · day 4 of 28,,Story 256 · Parshat Bechukotai
229,2027-05-25,18 Iyar,Bechukotai,Torah 239 · KST § 257 (p. 154) · Lo Taaseh 346–347,ט Tet · שט · set 11 · day 9 of 22,Hod shebeGevurah · shebeYesod · day 12 of 49,אלד · 10 of 72 · שְׁכַנְיָהוּ 10 · ה׳,Spring · 47 of 91 · Shov · F3 letter 1 · Eicha 3:1–3 · א,2nd cycle 5 · day 8 of 13 · Ve'chanun,Cycle 6 · day 24 of 41 · Neshamah 4 of 10 · The Sabbath,OC 457–458 · Orach Chaim · 457 of 728,Bechukotai · D3 · P5 · C5,set 10 · 5/28 · Even HaEzer 70–71,Torah 239 · Zohar III 1–2,§ 257 (p. 154) · Bechukotai,Lo Taaseh 346–347,LT Devarim · Folio 10 · day 257 of 364,Prayer 128 — second half · day 257 of 364,Menachot 8 & 9 · Week 33 · Day 5,Psalms 77 & 78 · Week 33 · Day 5,Tale 5 — The King's Son Who Was Made of Precious Stones · cycle 18 · day 8 of 13,Sichos HaRan · §229 of 308 · day 229 of 369,OC 457–458 · half-days 457 & 458,Bechukotai,Rav Pe’alim · Vol III · Orach Chayim 20 · Vol III · Orach Chayim 21,Se’if י׳ · day 8 of 13,וְאָהַבְתָּ לְרֵעַךָ כָּמוֹךָ – רַבִּי עַקִיבָא אוֹמֵר זֶה כְּלָל גָדוֹל בַּתּוֹרָה · ויקרא יט:יח,Even HaEzer 70–71 · with the Shulchan Aruch,Nezikin · 11a · Lag BaOmer,Happiness — 8/20 · Happiness — 9/20,Story 65 · 66 · Bechukotai,,Class 20 · of 118,Bechukotai · Day 3,Day 229 · of 369,Chapter 5 · cycle 18,In Forest Fields · cycle 5 of 13,Phase 5 · day 8 of 13,Gate 22 · Gate 23 · Gate 24 · day 8 of 13,Shabbat · Eruvin · Shevitat Asor · set 10 of 14 · day 5 of 28,,Story 257 · Parshat Bechukotai
230,2027-05-26,19 Iyar,Bechukotai,Torah 240 · KST § 258 (p. 154) · Lo Taaseh 345–348,י Yud · תי · set 11 · day 10 of 22,Yesod shebeGevurah · shebeYesod · day 13 of 49,לאו · 11 of 72 · אֶלְיָשִׁיב 11 · ה׳,Spring · 48 of 91 · Shov · F3 letter 2 · Eicha 3:4–6 · ב,2nd cycle 5 · day 9 of 13 · Ve'chanun,Cycle 6 · day 25 of 41 · Neshamah 5 of 10 · Honor Parents,OC 459–460 · Orach Chaim · 459 of 728,Bechukotai · D4 · P5 · C5,set 10 · 6/28 · Even HaEzer 72–73 · Sanctification 2,Torah 240 · Zohar III 3–4,§ 258 (p. 154) · Bechukotai,Lo Taaseh 345–348,LT Devarim · Folio 11 · day 258 of 364,Prayer 129 — first half · day 258 of 364,"Tosefta Zevachim 11, 12, 13 &amp; Tosefta Menachot 1 · Week 33 · Day 6",Psalms 79 & 80 · Week 33 · Day 6,Tale 5 — The King's Son Who Was Made of Precious Stones · cycle 18 · day 9 of 13,Sichos HaRan · §230 of 308 · day 230 of 369,OC 459–460 · half-days 459 & 460,Bechukotai,Rav Pe’alim · Vol III · Orach Chayim 22 · Vol III · Orach Chayim 23,Se’if י״א · day 9 of 13,וְזֶה כָּל הָאָדָם וְתַכְלִית בְּרִיאָתוֹ וּבְרִיאַת כָּל הָעוֹלָמוֹת עֶלְיוֹנִים וְתַּחְתּוֹנִים לִהְיוֹת לוֹ דִירָה זוֹ בְּתַּחְתּוֹנִים · תניא פרק לג,Even HaEzer 72–73 · Sanctification 2 · with the Shulchan Aruch,Nezikin · 11a · Lag BaOmer,Happiness — 8/20 · Happiness — 9/20,Story 65 · 66 · Bechukotai,,Class 21 · of 118,Bechukotai · Day 4,Day 230 · of 369,Chapter 5 · cycle 18,In Forest Fields · cycle 5 of 13,Phase 5 · day 9 of 13,Gate 25 · Gate 26 · Gate 27 · day 9 of 13,"Shevitat Yom Tov · Chametz u'Matzah · Shofar, Sukkah v'Lul · set 10 of 14 · day 6 of 28",,Story 258 · Parshat Bechukotai
231,2027-05-27,20 Iyar,Bechukotai,Torah 241 · KST § 259 (p. 154) · Lo Taaseh 349–350,כ Kaf · שכ · set 11 · day 11 of 22,Malchut shebeGevurah · shebeYesod · day 14 of 49,ההע · 12 of 72 · יָקִים 12 · ה׳,Spring · 49 of 91 · Shov · F3 letter 3 · Eicha 3:7–9 · ג,2nd cycle 5 · day 10 of 13 · Ve'chanun,Cycle 6 · day 26 of 41 · Neshamah 6 of 10 · Do Not Murder,OC 461–462 · Orach Chaim · 461 of 728,Bechukotai · D5 · P5 · C5,set 10 · 7/28 · Even HaEzer 74–75,Torah 241 · Zohar III 5–8,§ 259 (p. 154) · Bechukotai,Lo Taaseh 349–350,LT Devarim · Folio 12 · day 259 of 364,Prayer 129 — second half · day 259 of 364,"Tosefta Menachot 2, 3, 4, 5 · Week 33 · Day 7",Psalms 81 & 82 · Week 33 · Day 7,Tale 5 — The King's Son Who Was Made of Precious Stones · cycle 18 · day 10 of 13,Sichos HaRan · §231 of 308 · day 231 of 369,OC 461–462 · half-days 461 & 462,Bechukotai,Rav Pe’alim · Vol III · Orach Chayim 24 · Vol III · Orach Chayim 25,Se’if י״ב · day 10 of 13,יִשְׂמַח יִשְׂרָאֵל בְּעוֹשָׂיו פֵּירוּש שֶׁכָּל מִי שֶׁהוּא מִזֶרַע יִשְׂרָאֵל יֵשׁ לוֹ לִשְׂמוֹחַ בְּשִׂמְחַת ה׳ אַשֶׁר שָׂשׂ וְשָׂמֵחַ בְּדִירָתוֹ בְּתַּחְתּוֹנִים · תניא פרק לג,Even HaEzer 74–75 · with the Shulchan Aruch,Nezikin · 11a · Lag BaOmer,Happiness — 8/20 · Happiness — 9/20,Story 65 · 66 · Bechukotai,,Class 22 · of 118,Bechukotai · Day 5,Day 231 · of 369,Chapter 5 · cycle 18,In Forest Fields · cycle 5 of 13,Phase 5 · day 10 of 13,Gate 28 · Gate 29 · Gate 30 · day 10 of 13,Shekalim · Kiddush HaChodesh · Ta'aniyot · set 10 of 14 · day 7 of 28,,Story 259 · Parshat Bechukotai
232,2027-05-28,21 Iyar,Bechukotai,Torah 242 · KST § 260 (p. 155) · Lo Taaseh 348–351,ל Lamed · תל · set 11 · day 12 of 22,Chesed shebeTiferet · shebeYesod · day 15 of 49,יזל · 13 of 72 · חֻפָּה 13 · ה׳,Spring · 50 of 91 · Shov · F3 letter 4 · Eicha 3:10–12 · ד,2nd cycle 5 · day 11 of 13 · Ve'chanun,Cycle 6 · day 27 of 41 · Neshamah 7 of 10 · Faithfulness,OC 463–464 · Orach Chaim · 463 of 728,Bechukotai · D6 · P5 · C5,set 10 · 8/28 · Even HaEzer 76–77,Torah 242 · Zohar III 9–10,§ 260 (p. 155) · Bechukotai,Lo Taaseh 348–351,LT Devarim · Folio 13 · day 260 of 364,Prayer 130 — first half · day 260 of 364,Menachot 10 & 11 · Week 34 · Day 1,Psalms 83 & 84 · Week 34 · Day 1,Tale 5 — The King's Son Who Was Made of Precious Stones · cycle 18 · day 11 of 13,Sichos HaRan · §232 of 308 · day 232 of 369,OC 463–464 · half-days 463 & 464,Bechukotai,Ben Ish Chai · Halachot,Overview · day 11 of 13,"All twelve · Mivtza Chinuch, 5736",Even HaEzer 76–77 · with the Shulchan Aruch,Sanhedrin / Makkot · 11b · Omer / Rosh Chodesh Sivan,Happiness — 8/20 · Happiness — 9/20,Story 65 · 66 · Bechukotai,,Class 23 · of 118,Bechukotai · Day 6,Day 232 · of 369,Chapter 5 · cycle 18,In Forest Fields · cycle 5 of 13,Phase 5 · day 11 of 13,Gate 31 · Gate 32 · Ohr Ne’erav I · day 11 of 13,Megillah v'Chanukah · Ishut · Geirushin · set 10 of 14 · day 8 of 28,,Story 260 · Parshat Bechukotai
233,2027-05-29,22 Iyar,Bechukotai,Torah 243 · KST § 261–262 (p. 155) · Lo Taaseh 352–353,מ Mem · שמ · set 11 · day 13 of 22,Gevurah shebeTiferet · shebeYesod · day 16 of 49,מבה · 14 of 72 · יֶשֶׁבְאָב 14 · ה׳,Spring · 51 of 91 · Shov · F3 letter 5 · Eicha 3:13–15 · ה,2nd cycle 5 · day 12 of 13 · Ve'chanun,Cycle 6 · day 28 of 41 · Neshamah 8 of 10 · Do Not Steal,OC 465–466 · Orach Chaim · 465 of 728,Bechukotai · D7 · P5 · C5,set 10 · 9/28 · Even HaEzer 78–79 · Bechukotai,Torah 243 · Zohar III 11–12,§ 261–262 (p. 155) · Bechukotai,Lo Taaseh 352–353,LT Devarim · Folio 14 · day 261 of 364,Prayer 130 — second half · day 261 of 364,Menachot 12 & 13 · Week 34 · Day 2,Psalms 85 & 86 · Week 34 · Day 2,Tale 5 — The King's Son Who Was Made of Precious Stones · cycle 18 · day 12 of 13,Sichos HaRan · §233 of 308 · day 233 of 369,OC 465–466 · half-days 465 & 466,Bechukotai,Ben Ish Chai · Drash · Bechukotai · Drash,Se’if א׳ · day 12 of 13,תּוֹרָה צִוָה לָנוּ מֹשֶׁה מוֹרָשָׁה קְהִלַת יַעֲקֹב · דברים לג:ד,Even HaEzer 78–79 · with the Shulchan Aruch,Sanhedrin / Makkot · 11b · Omer / Rosh Chodesh Sivan,Happiness — 8/20 · Happiness — 9/20,Story 65 · 66 · Bechukotai,,Class 24 · of 118,Sefer Yetzirah · 4:7–4:8,Day 233 · of 369,Chapter 5 · cycle 18,In Forest Fields · cycle 5 of 13,Phase 5 · day 12 of 13,Ohr Ne’erav II · Ohr Ne’erav III · Ohr Ne’erav IV · day 12 of 13,Yibum v'Chalitzah · Na'arah Betulah · Sotah · set 10 of 14 · day 9 of 28,,Story 261 · Parshat Bechukotai
234,2027-05-30,23 Iyar,Bamidbar,Torah 244 · KST § 263 (p. 156) · Lo Taaseh 351–354,נ Nun · תנ · set 11 · day 14 of 22,Tiferet shebeTiferet · shebeYesod · day 17 of 49,הרי · 15 of 72 · בִּלְגָּה 15 · ה׳,Spring · 52 of 91 · Shov · F3 letter 6 · Eicha 3:16–18 · ו,2nd cycle 5 · day 13 of 13 · Ve'chanun,Cycle 6 · day 29 of 41 · Neshamah 9 of 10 · Truth / No False Witness,OC 467–468 · Orach Chaim · 467 of 728,Bamidbar · D1 · P6 · C5,set 10 · 10/28 · Even HaEzer 80–81 · Sanctification 3,Torah 244 · Zohar III 13–14,§ 263 (p. 156) · Bamidbar,Lo Taaseh 351–354,LT Devarim · Folio 15 · day 262 of 364,Prayer 131 — first half · day 262 of 364,Chulin 1 & 2 · Week 34 · Day 3,Psalms 87 & 88 · Week 34 · Day 3,Tale 5 — The King's Son Who Was Made of Precious Stones · cycle 18 · day 13 of 13,Sichos HaRan · §234 of 308 · day 234 of 369,OC 467–468 · half-days 467 & 468,Bamidbar,Rav Pe’alim · Vol III · Orach Chayim 26 · Vol III · Orach Chayim 27,Se’if ב׳ · day 13 of 13,שְׁמַע יִשְׂרָאֵל ה׳ אֶלֹקֵינוּ ה׳ אֶחָד · דברים ו:ד,Even HaEzer 80–81 · Sanctification 3 · with the Shulchan Aruch,Sanhedrin / Makkot · 11b · Omer / Rosh Chodesh Sivan,Happiness — 10/20 · Happiness — 11/20,Story 67 · 68 · Bamidbar,,Class 25 · of 118,Bamidbar · Day 1,Day 234 · of 369,Chapter 5 · cycle 18,In Forest Fields · cycle 5 of 13,Phase 5 · day 13 of 13,Ohr Ne’erav V · Ohr Ne’erav VI · Ohr Ne’erav VII · day 13 of 13,Issurei Biah · Ma'achalot Assurot · Shechitah · set 10 of 14 · day 10 of 28,,Story 262 · Parshat Bamidbar
235,2027-05-31,24 Iyar,Bamidbar,Torah 245 · KST § 264 (p. 156) · Lo Taaseh 355–356,ס Samech · שס · set 11 · day 15 of 22,Netzach shebeTiferet · shebeYesod · day 18 of 49,הקם · 16 of 72 · אִמֵּר 16 · ה׳,Spring · 53 of 91 · Shov · F3 letter 7 · Eicha 3:19–21 · ז,2nd cycle 6 · day 1 of 13 · Erech Apayim,Cycle 6 · day 30 of 41 · Neshamah 10 of 10 · Do Not Covet,OC 469–470 · Orach Chaim · 469 of 728,Bamidbar · D2 · P6 · C5,set 10 · 11/28 · Even HaEzer 82–83,Torah 245 · Zohar III 15–16,§ 264 (p. 156) · Bamidbar,Lo Taaseh 355–356,LT Devarim · Folio 16 · day 263 of 364,Prayer 131 — second half · day 263 of 364,Chulin 3 & 4 · Week 34 · Day 4,Psalms 89 & 90 · Week 34 · Day 4,Tale 6 — The Humble King · cycle 19 · day 1 of 13,Sichos HaRan · §235 of 308 · day 235 of 369,OC 469–470 · half-days 469 & 470,Bamidbar,Rav Pe’alim · Vol III · Orach Chayim 28 · Vol III · Orach Chayim 29,Se’if ג׳ · day 1 of 13,"בְּכָל דוֹר וָדוֹר חַיָיב אָדָם לִרְאוֹת אֶת עַצְמוֹ כְּאִלוּ הוּא יָצָא מִמִצְרָיִם · פסחים קטז,ב",Even HaEzer 82–83 · with the Shulchan Aruch,Sanhedrin / Makkot · 11b · Omer / Rosh Chodesh Sivan,Happiness — 10/20 · Happiness — 11/20,Story 67 · 68 · Bamidbar,,Class 26 · of 118,Bamidbar · Day 2,Day 235 · of 369,Chapter 6 · cycle 19,The Garden of Riches · cycle 6 of 13,Phase 6 · day 1 of 13,Gate 1 · Gate 2 · Gate 3 · day 1 of 13,Shevuot · Nedarim · Nezirut · set 10 of 14 · day 11 of 28,,Story 263 · Parshat Bamidbar
236,2027-06-01,25 Iyar,Bamidbar,Torah 246 · KST § 265 (p. 157) · Lo Taaseh 354–357,ע Ayin · תע · set 11 · day 16 of 22,Hod shebeTiferet · shebeYesod · day 19 of 49,לאו · 17 of 72 · חֵזִיר 17 · ה׳,Spring · 54 of 91 · Shov · F3 letter 8 · Eicha 3:22–24 · ח,2nd cycle 6 · day 2 of 13 · Erech Apayim,Cycle 6 · day 31 of 41 · Chayah 1 of 10 · I Am the Lord,OC 471–472 · Orach Chaim · 471 of 728,Bamidbar · D3 · P6 · C5,set 10 · 12/28 · Even HaEzer 84–85,Torah 246 · Zohar III 17–18,§ 265 (p. 157) · Bamidbar,Lo Taaseh 354–357,LT Devarim · Folio 17 · day 264 of 364,Prayer 132 — first half · day 264 of 364,Chulin 5 & 6 · Week 34 · Day 5,Psalms 91 & 92 · Week 34 · Day 5,Tale 6 — The Humble King · cycle 19 · day 2 of 13,Sichos HaRan · §236 of 308 · day 236 of 369,OC 471–472 · half-days 471 & 472,Bamidbar,Rav Pe’alim · Vol III · Orach Chayim 30 · Vol III · Orach Chayim 31,Se’if ד׳ · day 2 of 13,"כָּל יִשְׂרָאֵל יֵשׁ לָהֶם חֵלֶק לְעוֹלָם הַבָּא שֶׁנֶאֱמַר וְעַמֵךְ כּוּלָם צַדִיקִים לְעוֹלָם יִירְשׁוּ אָרֶץ נֵצֶר מַטָעַי מַעֲשֵׂה יָדַי לְהִתְפָּאֵר · סנהדרין צ,א",Even HaEzer 84–85 · with the Shulchan Aruch,Sanhedrin / Makkot · 11b · Omer / Rosh Chodesh Sivan,Happiness — 10/20 · Happiness — 11/20,Story 67 · 68 · Bamidbar,,Class 27 · of 118,Bamidbar · Day 3,Day 236 · of 369,Chapter 6 · cycle 19,The Garden of Riches · cycle 6 of 13,Phase 6 · day 2 of 13,Gate 4 · Gate 5 · Gate 6 · day 2 of 13,Erchin v'Charamin · Kilayim · Matnot Aniyim · set 10 of 14 · day 12 of 28,,Story 264 · Parshat Bamidbar
237,2027-06-02,26 Iyar,Bamidbar,Torah 247 · KST § 266 (p. 157) · Lo Taaseh 358–359,פ Peh · שפ · set 11 · day 17 of 22,Yesod shebeTiferet · shebeYesod · day 20 of 49,כלי · 18 of 72 · הַפִּצֵּץ 18 · ה׳,Spring · 55 of 91 · Shov · F3 letter 9 · Eicha 3:25–27 · ט,2nd cycle 6 · day 3 of 13 · Erech Apayim,Cycle 6 · day 32 of 41 · Chayah 2 of 10 · No Other Gods,OC 473–474 · Orach Chaim · 473 of 728,Bamidbar · D4 · P6 · C5,set 10 · 13/28 · Even HaEzer 86–87,Torah 247 · Zohar III 19–20,§ 266 (p. 157) · Bamidbar,Lo Taaseh 358–359,LT Devarim · Folio 18 · day 265 of 364,Prayer 132 — second half · day 265 of 364,"Tosefta Menachot 6, 7, 8, 9 · Week 34 · Day 6",Psalms 93 & 94 · Week 34 · Day 6,Tale 6 — The Humble King · cycle 19 · day 3 of 13,Sichos HaRan · §237 of 308 · day 237 of 369,OC 473–474 · half-days 473 & 474,Bamidbar,Rav Pe’alim · Vol III · Orach Chayim 32 · Vol III · Orach Chayim 33,Se’if ה׳ · day 3 of 13,כִּי קָרוֹב אֵלֶיךָ הַדָבָר מְאֹד בְּפִיךָ וּבִּלְבָבְךָ לַעֲשׂוֹתוֹ · דברים ל:יד,Even HaEzer 86–87 · with the Shulchan Aruch,Sanhedrin / Makkot · 11b · Omer / Rosh Chodesh Sivan,Happiness — 10/20 · Happiness — 11/20,Story 67 · 68 · Bamidbar,,Class 28 · of 118,Bamidbar · Day 4,Day 237 · of 369,Chapter 6 · cycle 19,The Garden of Riches · cycle 6 of 13,Phase 6 · day 3 of 13,Gate 7 · Gate 8 · Gate 9 · day 3 of 13,Terumot · Ma'aserot · Ma'aser Sheni v'Neta Revai · set 10 of 14 · day 13 of 28,,Story 265 · Parshat Bamidbar
238,2027-06-03,27 Iyar,Bamidbar,Torah 248 · KST § 267 (p. 157) · Lo Taaseh 357–360,צ Tzaddik · תצ · set 11 · day 18 of 22,Malchut shebeTiferet · shebeYesod · day 21 of 49,לוו · 19 of 72 · פְּתַחְיָה 19 · ה׳,Spring · 56 of 91 · Shov · F3 letter 10 · Eicha 3:28–30 · י,2nd cycle 6 · day 4 of 13 · Erech Apayim,Cycle 6 · day 33 of 41 · Chayah 3 of 10 · Not to Profane G-d's Name,OC 475–476 · Orach Chaim · 475 of 728,Bamidbar · D5 · P6 · C5,set 10 · 14/28 · Even HaEzer 88–89 · a Bill of Marriage 1,Torah 248 · Zohar III 21–24,§ 267 (p. 157) · Bamidbar,Lo Taaseh 357–360,LT Devarim · Folio 19 · day 266 of 364,Prayer 133 — first half · day 266 of 364,"Tosefta Menachot 10, 11, 12, 13 &amp; Tosefta Chulin 1 · Week 34 · Day 7",Psalms 95 & 96 · Week 34 · Day 7,Tale 6 — The Humble King · cycle 19 · day 4 of 13,Sichos HaRan · §238 of 308 · day 238 of 369,OC 475–476 · half-days 475 & 476,Bamidbar,Rav Pe’alim · Vol III · Orach Chayim 34 · Vol III · Orach Chayim 35,Se’if ו׳ · day 4 of 13,וְהִנֵה ה׳ נִצָב עָלָיו וּמְלֹא כָל הָאָרֶץ כּבוֹדוֹ וּמַבִּיט עָלָיו וּבוֹחֵן כְּלָיוֹת וָלֵב אִם עוֹבְדוֹ כָּרָאוּי · תניא פרק מא,Even HaEzer 88–89 · a Bill of Marriage 1 · with the Shulchan Aruch,Sanhedrin / Makkot · 11b · Omer / Rosh Chodesh Sivan,Happiness — 10/20 · Happiness — 11/20,Story 67 · 68 · Bamidbar,,Class 29 · of 118,Bamidbar · Day 5,Day 238 · of 369,Chapter 6 · cycle 19,The Garden of Riches · cycle 6 of 13,Phase 6 · day 4 of 13,Gate 10 · Gate 11 · Gate 12 · day 4 of 13,Bikkurim · Shemitah v'Yovel · Beit HaBechirah · set 10 of 14 · day 14 of 28,,Story 266 · Parshat Bamidbar
239,2027-06-04,28 Iyar,Bamidbar,Torah 249 · KST § 268 (p. 157) · Lo Taaseh 358–361,ק Kuf · שק · set 11 · day 19 of 22,Chesed shebeNetzach · shebeYesod · day 22 of 49,פהל · 20 of 72 · יְחֶזְקֵאל 20 · ה׳,Spring · 57 of 91 · Shov · F3 letter 11 · Eicha 3:31–33 · כ,2nd cycle 6 · day 5 of 13 · Erech Apayim,Cycle 6 · day 34 of 41 · Chayah 4 of 10 · The Sabbath,OC 477–478 · Orach Chaim · 477 of 728,Bamidbar · D6 · P6 · C5,set 10 · 15/28 · Even HaEzer 90–91,Torah 249 · Zohar III 25–26,§ 268 (p. 157) · Bamidbar,Lo Taaseh 358–361,LT Devarim · Folio 20 · day 267 of 364,Prayer 133 — second half · day 267 of 364,Chulin 7 & 8 · Week 35 · Day 1,Psalms 97 & 98 · Week 35 · Day 1,Tale 6 — The Humble King · cycle 19 · day 5 of 13,Sichos HaRan · §239 of 308 · day 239 of 369,OC 477–478 · half-days 477 & 478,Bamidbar,Ben Ish Chai · Halachot,Se’if ז׳ · day 5 of 13,בְּרֵאשִׁית בָּרָא אֶלֹקִים אֵת הַשָׁמַיִם וְאֵת הָאָרֶץ · בראשית א:א,Even HaEzer 90–91 · with the Shulchan Aruch,Sanhedrin / Makkot · 11b · Omer / Rosh Chodesh Sivan,Happiness — 10/20 · Happiness — 11/20,Story 67 · 68 · Bamidbar,,Class 30 · of 118,Bamidbar · Day 6,Day 239 · of 369,Chapter 6 · cycle 19,The Garden of Riches · cycle 6 of 13,Phase 6 · day 5 of 13,Gate 13 · Gate 14 · Gate 15 · day 5 of 13,Klei HaMikdash · Biat HaMikdash · Issurei Mizbe'ach · set 10 of 14 · day 15 of 28,,Story 267 · Parshat Bamidbar
240,2027-06-05,29 Iyar,Bamidbar,Torah 250 · KST § 269–270 (p. 158) · Lo Taaseh 359–362,ר Reish · תר · set 11 · day 20 of 22,Gevurah shebeNetzach · shebeYesod · day 23 of 49,נלך · 21 of 72 · יָכִין 21 · ה׳,Spring · 58 of 91 · Shov · F3 letter 12 · Eicha 3:34–36 · ל,2nd cycle 6 · day 6 of 13 · Erech Apayim,Cycle 6 · day 35 of 41 · Chayah 5 of 10 · Honor Parents,OC 479–480 · Orach Chaim · 479 of 728,Bamidbar · D7 · P6 · C5,set 10 · 16/28 · Even HaEzer 92–93 · Bamidbar,Torah 250 · Zohar III 27–28,§ 269–270 (p. 158) · Bamidbar,Lo Taaseh 359–362,LT Devarim · Folio 21 · day 268 of 364,Prayer 134 — first half · day 268 of 364,Chulin 9 & 10 · Week 35 · Day 2,Psalms 99 & 100 · Week 35 · Day 2,Tale 6 — The Humble King · cycle 19 · day 6 of 13,Sichos HaRan · §240 of 308 · day 240 of 369,OC 479–480 · half-days 479 & 480,Bamidbar,Ben Ish Chai · Drash · Bamidbar · Drash,Se’if ח׳ · day 6 of 13,וְשִׁנַנְתָּם לְבָנֶיךָ וְדִבַּרְתָּ בָּם בְּשִׁבְתְּךָ בְּבֵיתֶךָ וּבְלֶכְתְּךָ בַדֶרֶךְ וּבְשָׁכְבְּךָ וּבְקוּמֶךָ · דברים ו:ז,Even HaEzer 92–93 · with the Shulchan Aruch,Sanhedrin / Makkot · 11b · Omer / Rosh Chodesh Sivan,Happiness — 10/20 · Happiness — 11/20,Story 67 · 68 · Bamidbar,,Class 31 · of 118,Sefer Yetzirah · 4:9–4:10,Day 240 · of 369,Chapter 6 · cycle 19,The Garden of Riches · cycle 6 of 13,Phase 6 · day 6 of 13,Gate 16 · Gate 17 · Gate 18 · day 6 of 13,Ma'aseh HaKorbanot · Temidin u'Musafin · Pesulei HaMukdash · set 10 of 14 · day 16 of 28,,Story 268 · Parshat Bamidbar
241,2027-06-06,1 Sivan,Nasso,Torah 251 · KST § 271 (p. 158) · Lo Taaseh 360–363,ש Shin · שת · set 11 · day 21 of 22,Tiferet shebeNetzach · shebeYesod · day 24 of 49,ייי · 22 of 72 · גָּמוּל 22 · ה׳,Spring · 59 of 91 · Shov · F3 letter 13 · Eicha 3:37–39 · מ,2nd cycle 6 · day 7 of 13 · Erech Apayim,Cycle 6 · day 36 of 41 · Chayah 6 of 10 · Do Not Murder,OC 481–482 · Orach Chaim · 481 of 728,Nasso · D1 · P7 · C5,set 10 · 17/28 · Even HaEzer 94–95,Torah 251 · Zohar III 29–30,§ 271 (p. 158) · Nasso,Lo Taaseh 360–363,LT Devarim · Folio 22 · day 269 of 364,Prayer 134 — second half · day 269 of 364,Chulin 11 & 12 · Week 35 · Day 3,Psalms 101 & 102 · Week 35 · Day 3,Tale 6 — The Humble King · cycle 19 · day 7 of 13,Sichos HaRan · §241 of 308 · day 241 of 369,OC 481–482 · half-days 481 & 482,Nasso,Rav Pe’alim · Vol III · Orach Chayim 36 · Vol III · Orach Chayim 37,Se’if ט׳ · day 7 of 13,"יָגַעְתִּי וְלֹא מָצָאתִי אַל תַּאַמִין לֹא יָגַעְתִּי וּמָצָאתִי אַל תַּאַמִין יָגַעְתִּי וּמָצָאתִי תַּאַמִין · מגילה ו,ב",Even HaEzer 94–95 · with the Shulchan Aruch,Sanhedrin / Makkot · 11b · Omer / Rosh Chodesh Sivan,Happiness — 12/20 · Happiness — 13/20,Story 69 · 70 · Nasso,,Class 32 · of 118,Nasso · Day 1,Day 241 · of 369,Chapter 6 · cycle 19,The Garden of Riches · cycle 6 of 13,Phase 6 · day 7 of 13,Gate 19 · Gate 20 · Gate 21 · day 7 of 13,Avodat Yom HaKippurim · Me'ilah · Korban Pesach · set 10 of 14 · day 17 of 28,,Story 269 · Parshat Nasso
242,2027-06-07,2 Sivan,Nasso,Torah 252 · KST § 272 (p. 158) · Lo Taaseh 361–364,ת Tav · תש · set 11 · day 22 of 22,Netzach shebeNetzach · shebeYesod · day 25 of 49,מלה · 23 of 72 · דְּלָיָהוּ 23 · ה׳,Spring · 60 of 91 · Shov · F3 letter 14 · Eicha 3:40–42 · נ,2nd cycle 6 · day 8 of 13 · Erech Apayim,Cycle 6 · day 37 of 41 · Chayah 7 of 10 · Faithfulness,OC 483–484 · Orach Chaim · 483 of 728,Nasso · D2 · P7 · C5,set 10 · 18/28 · Even HaEzer 96–97 · a Bill of Marriage 2,Torah 252 · Zohar III 31–32,§ 272 (p. 158) · Nasso,Lo Taaseh 361–364,LT Devarim · Folio 23 · day 270 of 364,Prayer 135 — first half · day 270 of 364,Bechorot 1 & 2 · Week 35 · Day 4,Psalms 103 & 104 · Week 35 · Day 4,Tale 6 — The Humble King · cycle 19 · day 8 of 13,Sichos HaRan · §242 of 308 · day 242 of 369,OC 483–484 · half-days 483 & 484,Nasso,Rav Pe’alim · Vol III · Orach Chayim 38 · Vol III · Orach Chayim 39,Se’if י׳ · day 8 of 13,וְאָהַבְתָּ לְרֵעַךָ כָּמוֹךָ – רַבִּי עַקִיבָא אוֹמֵר זֶה כְּלָל גָדוֹל בַּתּוֹרָה · ויקרא יט:יח,Even HaEzer 96–97 · a Bill of Marriage 2 · with the Shulchan Aruch,Sanhedrin / Makkot · 11b · Omer / Rosh Chodesh Sivan,Happiness — 12/20 · Happiness — 13/20,Story 69 · 70 · Nasso,,Class 33 · of 118,Nasso · Day 2,Day 242 · of 369,Chapter 6 · cycle 19,The Garden of Riches · cycle 6 of 13,Phase 6 · day 8 of 13,Gate 22 · Gate 23 · Gate 24 · day 8 of 13,Chagigah · Bechorot · Shegagot · set 10 of 14 · day 18 of 28,,Story 270 · Parshat Nasso
243,2027-06-08,3 Sivan,Nasso,Torah 253 · KST § 273 (p. 159) · Lo Taaseh 362–365,א Alef · אך · set 12 · day 1 of 22,Hod shebeNetzach · shebeYesod · day 26 of 49,חהו · 24 of 72 · מַעַזְיָהוּ 24 · ה׳,Spring · 61 of 91 · Shov · F3 letter 15 · Eicha 3:43–45 · ס,2nd cycle 6 · day 9 of 13 · Erech Apayim,Cycle 6 · day 38 of 41 · Chayah 8 of 10 · Do Not Steal,OC 485–486 · Orach Chaim · 485 of 728,Nasso · D3 · P7 · C5,set 10 · 19/28 · Even HaEzer 98–99,Torah 253 · Zohar III 33–34,§ 273 (p. 159) · Nasso,Lo Taaseh 362–365,LT Devarim · Folio 24 · day 271 of 364,Prayer 135 — second half · day 271 of 364,Bechorot 3 & 4 · Week 35 · Day 5,Psalms 105 & 106 · Week 35 · Day 5,Tale 6 — The Humble King · cycle 19 · day 9 of 13,Sichos HaRan · §243 of 308 · day 243 of 369,OC 485–486 · half-days 485 & 486,Nasso,Rav Pe’alim · Vol III · Orach Chayim 40 · Vol III · Orach Chayim 41,Se’if י״א · day 9 of 13,וְזֶה כָּל הָאָדָם וְתַכְלִית בְּרִיאָתוֹ וּבְרִיאַת כָּל הָעוֹלָמוֹת עֶלְיוֹנִים וְתַּחְתּוֹנִים לִהְיוֹת לוֹ דִירָה זוֹ בְּתַּחְתּוֹנִים · תניא פרק לג,Even HaEzer 98–99 · with the Shulchan Aruch,Shvuot · 12a · Shavuot,Happiness — 12/20 · Happiness — 13/20,Story 69 · 70 · Nasso,,Class 34 · of 118,Nasso · Day 3,Day 243 · of 369,Chapter 6 · cycle 19,The Garden of Riches · cycle 6 of 13,Phase 6 · day 9 of 13,Gate 25 · Gate 26 · Gate 27 · day 9 of 13,Mechusrei Kapparah · Temurah · Tumat Met · set 10 of 14 · day 19 of 28,,Story 271 · Parshat Nasso
244,2027-06-09,4 Sivan,Nasso,Torah 254 · KST § 274 (p. 160) · Aseh 1–2,ב Bet · בך · set 12 · day 2 of 22,Yesod shebeNetzach · shebeYesod · day 27 of 49,נתה · 25 of 72 · יְהוֹיָרִיב 1 · פָּנָיו,Spring · 62 of 91 · Shov · F3 letter 16 · Eicha 3:46–48 · פ,2nd cycle 6 · day 10 of 13 · Erech Apayim,Cycle 6 · day 39 of 41 · Chayah 9 of 10 · Truth / No False Witness,OC 487–488 · Orach Chaim · 487 of 728,Nasso · D4 · P7 · C5,set 10 · 20/28 · Even HaEzer 100–101,Torah 254 · Zohar III 35–36,§ 274 (p. 160) · Nasso,Aseh 1–2,LT Devarim · Folio 25 · day 272 of 364,Prayer 136 — first half · day 272 of 364,"Tosefta Chulin 2, 3, 4, 5 · Week 35 · Day 6",Psalms 107 & 108 · Week 35 · Day 6,Tale 6 — The Humble King · cycle 19 · day 10 of 13,Sichos HaRan · §244 of 308 · day 244 of 369,OC 487–488 · half-days 487 & 488,Nasso,Rav Pe’alim · Vol III · Orach Chayim 42 · Vol III · Orach Chayim 43,Se’if י״ב · day 10 of 13,יִשְׂמַח יִשְׂרָאֵל בְּעוֹשָׂיו פֵּירוּש שֶׁכָּל מִי שֶׁהוּא מִזֶרַע יִשְׂרָאֵל יֵשׁ לוֹ לִשְׂמוֹחַ בְּשִׂמְחַת ה׳ אַשֶׁר שָׂשׂ וְשָׂמֵחַ בְּדִירָתוֹ בְּתַּחְתּוֹנִים · תניא פרק לג,Even HaEzer 100–101 · with the Shulchan Aruch,Shvuot · 12a · Shavuot,Happiness — 12/20 · Happiness — 13/20,Story 69 · 70 · Nasso,,Class 35 · of 118,Nasso · Day 4,Day 244 · of 369,Chapter 6 · cycle 19,The Garden of Riches · cycle 6 of 13,Phase 6 · day 10 of 13,Gate 28 · Gate 29 · Gate 30 · day 10 of 13,Parah Adumah · Tumat Tzara'at · Metamei Mishkav u'Moshav · set 10 of 14 · day 20 of 28,,Story 272 · Parshat Nasso
245,2027-06-10,5 Sivan,Nasso,Torah 255 · KST § 275 (p. 160) · Aseh 3–4,ג Gimmel · גך · set 12 · day 3 of 22,Malchut shebeNetzach · shebeYesod · day 28 of 49,האא · 26 of 72 · יְדַעְיָה 2 · פָּנָיו,Spring · 63 of 91 · Shov · F3 letter 17 · Eicha 3:49–51 · ע,2nd cycle 6 · day 11 of 13 · Erech Apayim,Cycle 6 · day 40 of 41 · Chayah 10 of 10 · Do Not Covet,OC 489–490 · Orach Chaim · 489 of 728,Nasso · D5 · P7 · C5,set 10 · 21/28 · Even HaEzer 102–103,Torah 255 · Zohar III 37–40,§ 275 (p. 160) · Nasso,Aseh 3–4,LT Devarim · Folio 26 · day 273 of 364,Prayer 136 — second half · day 273 of 364,"Tosefta Chulin 6, 7, 8, 9 · Week 35 · Day 7",Psalms 109 & 110 · Week 35 · Day 7,Tale 6 — The Humble King · cycle 19 · day 11 of 13,Sichos HaRan · §245 of 308 · day 245 of 369,OC 489–490 · half-days 489 & 490,Nasso,Rav Pe’alim · Vol III · Orach Chayim 44 · Vol III · Orach Chayim 45,Overview · day 11 of 13,"All twelve · Mivtza Chinuch, 5736",Even HaEzer 102–103 · with the Shulchan Aruch,Shvuot · 12a · Shavuot,Happiness — 12/20 · Happiness — 13/20,Story 69 · 70 · Nasso,,Class 36 · of 118,Nasso · Day 5,Day 245 · of 369,Chapter 6 · cycle 19,The Garden of Riches · cycle 6 of 13,Phase 6 · day 11 of 13,Gate 31 · Gate 32 · Ohr Ne’erav I · day 11 of 13,She'ar Avot HaTumot · Tumat Ochlin · Kelim · set 10 of 14 · day 21 of 28,,Story 273 · Parshat Nasso
246,2027-06-11,6 Sivan,Nasso,Torah 256 · KST § 276 (p. 160) · Aseh 5–6,ד Dalet · דך · set 12 · day 4 of 22,Chesed shebeHod · shebeYesod · day 29 of 49,ירת · 27 of 72 · חָרִם 3 · פָּנָיו,Spring · 64 of 91 · Shov · F3 letter 18 · Eicha 3:52–54 · צ,2nd cycle 6 · day 12 of 13 · Erech Apayim,,OC 491–492 · Orach Chaim · 491 of 728,Nasso · D6 · P7 · C5,set 10 · 22/28 · Even HaEzer 104–105 · a Bill of Divorce 1,Torah 256 · Zohar III 41–42,§ 276 (p. 160) · Nasso,Aseh 5–6,LT Devarim · Folio 27 · day 274 of 364,Prayer 137 — first half · day 274 of 364,Bechorot 5 & 6 · Week 36 · Day 1,Psalms 111 & 112 · Week 36 · Day 1,Tale 6 — The Humble King · cycle 19 · day 12 of 13,Sichos HaRan · §246 of 308 · day 246 of 369,OC 491–492 · half-days 491 & 492,Nasso,Ben Ish Chai · Halachot,Se’if א׳ · day 12 of 13,תּוֹרָה צִוָה לָנוּ מֹשֶׁה מוֹרָשָׁה קְהִלַת יַעֲקֹב · דברים לג:ד,Even HaEzer 104–105 · a Bill of Divorce 1 · with the Shulchan Aruch,Shvuot · 12a · Shavuot,Happiness — 12/20 · Happiness — 13/20,Story 69 · 70 · Nasso,,Class 37 · of 118,Nasso · Day 6,Day 246 · of 369,Chapter 6 · cycle 19,The Garden of Riches · cycle 6 of 13,Phase 6 · day 12 of 13,Ohr Ne’erav II · Ohr Ne’erav III · Ohr Ne’erav IV · day 12 of 13,Mikvaot · Nizkei Mamon · Genevah · set 10 of 14 · day 22 of 28,,Story 274 · Parshat Nasso
247,2027-06-12,7 Sivan,Nasso,Torah 257 · KST § 277–278 (p. 161) · Aseh 7–8,ה Heh · הך · set 12 · day 5 of 22,Gevurah shebeHod · shebeYesod · day 30 of 49,שאה · 28 of 72 · שְׂעֹרִים 4 · פָּנָיו,Spring · 65 of 91 · Shov · F3 letter 19 · Eicha 3:55–57 · ק,2nd cycle 6 · day 13 of 13 · Erech Apayim,Cycle 7 · day 1 of 41 · Nefesh 1 of 10 · I Am the Lord,OC 493–494 · Orach Chaim · 493 of 728,Nasso · D7 · P7 · C5,set 10 · 23/28 · Even HaEzer 106–107 · Nasso,Torah 257 · Zohar III 43–44,§ 277–278 (p. 161) · Nasso,Aseh 7–8,LT Devarim · Folio 28 · day 275 of 364,Prayer 137 — second half · day 275 of 364,Bechorot 7 & 8 · Week 36 · Day 2,Psalms 113 & 114 · Week 36 · Day 2,Tale 6 — The Humble King · cycle 19 · day 13 of 13,Sichos HaRan · §247 of 308 · day 247 of 369,OC 493–494 · half-days 493 & 494,Nasso,Ben Ish Chai · Drash · Nasso · Drash,Se’if ב׳ · day 13 of 13,שְׁמַע יִשְׂרָאֵל ה׳ אֶלֹקֵינוּ ה׳ אֶחָד · דברים ו:ד,Even HaEzer 106–107 · with the Shulchan Aruch,Shvuot · 12a · Shavuot,Happiness — 12/20 · Happiness — 13/20,Story 69 · 70 · Nasso,,Class 38 · of 118,Sefer Yetzirah · 4:11–4:12,Day 247 · of 369,Chapter 6 · cycle 19,The Garden of Riches · cycle 6 of 13,Phase 6 · day 13 of 13,Ohr Ne’erav V · Ohr Ne’erav VI · Ohr Ne’erav VII · day 13 of 13,Gezelah v'Avedah · Chovel u'Mazik · Rotze'ach u'Shmirat Ne · set 10 of 14 · day 23 of 28,,Story 275 · Parshat Nasso
248,2027-06-13,8 Sivan,Nasso,Torah 258 · KST § 271 (p. 158) · Aseh 9–10,ו Vav · וך · set 12 · day 6 of 22,Tiferet shebeHod · shebeYesod · day 31 of 49,ריי · 29 of 72 · מַלְכִּיָּה 5 · פָּנָיו,Spring · 66 of 91 · Shov · F3 letter 20 · Eicha 3:58–60 · ר,2nd cycle 7 · day 1 of 13 · Ve'rav Chesed,Cycle 7 · day 2 of 41 · Nefesh 2 of 10 · No Other Gods,OC 495–496 · Orach Chaim · 495 of 728,Nasso · D1 · P7 · C5,set 10 · 24/28 · Even HaEzer 108–109,Torah 258 · Zohar III 45–46,§ 271 (p. 158) · Nasso,Aseh 9–10,LT Devarim · Folio 29 · day 276 of 364,Prayer 138 — first half · day 276 of 364,Bechorot 9 &amp; Erchin 1 · Week 36 · Day 3,Psalms 115 & 116 · Week 36 · Day 3,Tale 7 — The Fly and the Spider · cycle 20 · day 1 of 13,Sichos HaRan · §248 of 308 · day 248 of 369,OC 495–496 · half-days 495 & 496,Nasso,Rav Pe’alim · Vol III · Orach Chayim 36 · Vol III · Orach Chayim 37,Se’if ג׳ · day 1 of 13,"בְּכָל דוֹר וָדוֹר חַיָיב אָדָם לִרְאוֹת אֶת עַצְמוֹ כְּאִלוּ הוּא יָצָא מִמִצְרָיִם · פסחים קטז,ב",Even HaEzer 108–109 · with the Shulchan Aruch,Shvuot · 12a · Shavuot,Happiness — 12/20 · Happiness — 13/20,Story 69 · 70 · Nasso,,Class 39 · of 118,Nasso · Day 1,Day 248 · of 369,Chapter 7 · cycle 20,The Garden of Gratitude · cycle 7 of 13,Phase 7 · day 1 of 13,Gate 1 · Gate 2 · Gate 3 · day 1 of 13,Mechirah · Zechiyah u'Matanah · Shecheinim · set 10 of 14 · day 24 of 28,,Story 276 · Parshat Nasso
249,2027-06-14,9 Sivan,Nasso,Torah 259 · KST § 272 (p. 158) · Aseh 11–12,ז Zayin · זך · set 12 · day 7 of 22,Netzach shebeHod · shebeYesod · day 32 of 49,אום · 30 of 72 · מִיָּמִן 6 · פָּנָיו,Spring · 67 of 91 · Shov · F3 letter 21 · Eicha 3:61–63 · ש,2nd cycle 7 · day 2 of 13 · Ve'rav Chesed,Cycle 7 · day 3 of 41 · Nefesh 3 of 10 · Not to Profane G-d's Name,OC 497–498 · Orach Chaim · 497 of 728,Nasso · D2 · P7 · C5,set 10 · 25/28 · Even HaEzer 110–111,Torah 259 · Zohar III 47–48,§ 272 (p. 158) · Nasso,Aseh 11–12,LT Devarim · Folio 30 · day 277 of 364,Prayer 138 — second half · day 277 of 364,Erchin 2 & 3 · Week 36 · Day 4,Psalms 117 & 118 · Week 36 · Day 4,Tale 7 — The Fly and the Spider · cycle 20 · day 2 of 13,Sichos HaRan · §249 of 308 · day 249 of 369,OC 497–498 · half-days 497 & 498,Nasso,Rav Pe’alim · Vol III · Orach Chayim 38 · Vol III · Orach Chayim 39,Se’if ד׳ · day 2 of 13,"כָּל יִשְׂרָאֵל יֵשׁ לָהֶם חֵלֶק לְעוֹלָם הַבָּא שֶׁנֶאֱמַר וְעַמֵךְ כּוּלָם צַדִיקִים לְעוֹלָם יִירְשׁוּ אָרֶץ נֵצֶר מַטָעַי מַעֲשֵׂה יָדַי לְהִתְפָּאֵר · סנהדרין צ,א",Even HaEzer 110–111 · with the Shulchan Aruch,Shvuot · 12a · Shavuot,Happiness — 12/20 · Happiness — 13/20,Story 69 · 70 · Nasso,,Class 40 · of 118,Nasso · Day 2,Day 249 · of 369,Chapter 7 · cycle 20,The Garden of Gratitude · cycle 7 of 13,Phase 7 · day 2 of 13,Gate 4 · Gate 5 · Gate 6 · day 2 of 13,Shluchin v'Shutafin · Avadim · Sechirut · set 10 of 14 · day 25 of 28,,Story 277 · Parshat Nasso
250,2027-06-15,10 Sivan,Nasso,Torah 260 · KST § 273 (p. 159) · Aseh 13–14,ח Chet · חך · set 12 · day 8 of 22,Hod shebeHod · shebeYesod · day 33 of 49,לכב · 31 of 72 · הַקּוֹץ 7 · פָּנָיו,Spring · 68 of 91 · Shov · F3 letter 22 · Eicha 3:64–66 · ת,2nd cycle 7 · day 3 of 13 · Ve'rav Chesed,Cycle 7 · day 4 of 41 · Nefesh 4 of 10 · The Sabbath,OC 499–500 · Orach Chaim · 499 of 728,Nasso · D3 · P7 · C5,set 10 · 26/28 · Even HaEzer 112–113 · a Bill of Divorce 2,Torah 260 · Zohar III 49–50,§ 273 (p. 159) · Nasso,Aseh 13–14,LT Devarim · Folio 31 · day 278 of 364,Prayer 139 — first half · day 278 of 364,Erchin 4 & 5 · Week 36 · Day 5,Psalms 119–134 · Week 36 · Day 5,Tale 7 — The Fly and the Spider · cycle 20 · day 3 of 13,Sichos HaRan · §250 of 308 · day 250 of 369,OC 499–500 · half-days 499 & 500,Nasso,Rav Pe’alim · Vol III · Orach Chayim 40 · Vol III · Orach Chayim 41,Se’if ה׳ · day 3 of 13,כִּי קָרוֹב אֵלֶיךָ הַדָבָר מְאֹד בְּפִיךָ וּבִּלְבָבְךָ לַעֲשׂוֹתוֹ · דברים ל:יד,Even HaEzer 112–113 · a Bill of Divorce 2 · with the Shulchan Aruch,Shvuot · 12a · Shavuot,Happiness — 12/20 · Happiness — 13/20,Story 69 · 70 · Nasso,,Class 41 · of 118,Nasso · Day 3,Day 250 · of 369,Chapter 7 · cycle 20,The Garden of Gratitude · cycle 7 of 13,Phase 7 · day 3 of 13,Gate 7 · Gate 8 · Gate 9 · day 3 of 13,She'elah u'Fikadon · Malveh v'Loveh · To'en v'Nit'an · set 10 of 14 · day 26 of 28,,Story 278 · Parshat Nasso
251,2027-06-16,11 Sivan,Nasso,Torah 261 · KST § 274 (p. 160) · Aseh 15–16,ט Tet · טך · set 12 · day 9 of 22,Yesod shebeHod · shebeYesod · day 34 of 49,ושר · 32 of 72 · אֲבִיָּה 8 · פָּנָיו,Spring · 69 of 91 · Left Kidney · Eicha 5,2nd cycle 7 · day 4 of 13 · Ve'rav Chesed,Cycle 7 · day 5 of 41 · Nefesh 5 of 10 · Honor Parents,OC 501–502 · Orach Chaim · 501 of 728,Nasso · D4 · P7 · C5,set 10 · 27/28 · Even HaEzer 114–115,Torah 261 · Zohar III 51–52,§ 274 (p. 160) · Nasso,Aseh 15–16,LT Devarim · Folio 32 · day 279 of 364,Prayer 139 — second half · day 279 of 364,"Tosefta Chulin 10 &amp; Tosefta Bechorot 1, 2, 3 · Week 36 · Day 6",Psalms 135 & 136 · Week 36 · Day 6,Tale 7 — The Fly and the Spider · cycle 20 · day 4 of 13,Sichos HaRan · §251 of 308 · day 251 of 369,OC 501–502 · half-days 501 & 502,Nasso,Rav Pe’alim · Vol III · Orach Chayim 42 · Vol III · Orach Chayim 43,Se’if ו׳ · day 4 of 13,וְהִנֵה ה׳ נִצָב עָלָיו וּמְלֹא כָל הָאָרֶץ כּבוֹדוֹ וּמַבִּיט עָלָיו וּבוֹחֵן כְּלָיוֹת וָלֵב אִם עוֹבְדוֹ כָּרָאוּי · תניא פרק מא,Even HaEzer 114–115 · with the Shulchan Aruch,Shvuot · 12a · Shavuot,Happiness — 12/20 · Happiness — 13/20,Story 69 · 70 · Nasso,,Class 42 · of 118,Nasso · Day 4,Day 251 · of 369,Chapter 7 · cycle 20,The Garden of Gratitude · cycle 7 of 13,Phase 7 · day 4 of 13,Gate 10 · Gate 11 · Gate 12 · day 4 of 13,Nachalot · Sanhedrin · Edut · set 10 of 14 · day 27 of 28,,Story 279 · Parshat Nasso
252,2027-06-17,12 Sivan,Nasso,Torah 262 · KST § 275 (p. 160) · Aseh 17–18,י Yud · יך · set 12 · day 10 of 22,Malchut shebeHod · shebeYesod · day 35 of 49,יחו · 33 of 72 · יֵשׁוּעַ 9 · פָּנָיו,Spring · 70 of 91 · Shov · F4 letter 1 · Eicha 4:1 · א,2nd cycle 7 · day 5 of 13 · Ve'rav Chesed,Cycle 7 · day 6 of 41 · Nefesh 6 of 10 · Do Not Murder,OC 503–504 · Orach Chaim · 503 of 728,Nasso · D5 · P7 · C5,set 10 · 28/28 · Even HaEzer 116–117,Torah 262 · Zohar III 53–56,§ 275 (p. 160) · Nasso,Aseh 17–18,LT Devarim · Folio 33 · day 280 of 364,Prayer 140 — first half · day 280 of 364,"Tosefta Bechorot 4, 5, 6, 7 · Week 36 · Day 7",Psalms 137 & 138 · Week 36 · Day 7,Tale 7 — The Fly and the Spider · cycle 20 · day 5 of 13,Sichos HaRan · §252 of 308 · day 252 of 369,OC 503–504 · half-days 503 & 504,Nasso,Rav Pe’alim · Vol III · Orach Chayim 44 · Vol III · Orach Chayim 45,Se’if ז׳ · day 5 of 13,בְּרֵאשִׁית בָּרָא אֶלֹקִים אֵת הַשָׁמַיִם וְאֵת הָאָרֶץ · בראשית א:א,Even HaEzer 116–117 · with the Shulchan Aruch,Shvuot · 12a · Shavuot,Happiness — 12/20 · Happiness — 13/20,Story 69 · 70 · Nasso,,Class 43 · of 118,Nasso · Day 5,Day 252 · of 369,Chapter 7 · cycle 20,The Garden of Gratitude · cycle 7 of 13,Phase 7 · day 5 of 13,Gate 13 · Gate 14 · Gate 15 · day 5 of 13,Mamrim · Evel · Melachim u'Milchamos · set 10 of 14 · day 28 of 28,,Story 280 · Parshat Nasso
253,2027-06-18,13 Sivan,Nasso,Torah 263 · KST § 276 (p. 160) · Aseh 19–20,כ Kaf · כך · set 12 · day 11 of 22,Chesed shebeYesod · shebeYesod · day 36 of 49,להח · 34 of 72 · שְׁכַנְיָהוּ 10 · פָּנָיו,Spring · 71 of 91 · Shov · F4 letter 2 · Eicha 4:2 · ב,2nd cycle 7 · day 6 of 13 · Ve'rav Chesed,Cycle 7 · day 7 of 41 · Nefesh 7 of 10 · Faithfulness,OC 505–506 · Orach Chaim · 505 of 728,Nasso · D6 · P7 · C5,set 11 · 1/28 · Even HaEzer 118–119,Torah 263 · Zohar III 57–58,§ 276 (p. 160) · Nasso,Aseh 19–20,LT Devarim · Folio 34 · day 281 of 364,Prayer 140 — second half · day 281 of 364,Erchin 6 & 7 · Week 37 · Day 1,Psalms 139 & 140 · Week 37 · Day 1,Tale 7 — The Fly and the Spider · cycle 20 · day 6 of 13,Sichos HaRan · §253 of 308 · day 253 of 369,OC 505–506 · half-days 505 & 506,Nasso,Ben Ish Chai · Halachot,Se’if ח׳ · day 6 of 13,וְשִׁנַנְתָּם לְבָנֶיךָ וְדִבַּרְתָּ בָּם בְּשִׁבְתְּךָ בְּבֵיתֶךָ וּבְלֶכְתְּךָ בַדֶרֶךְ וּבְשָׁכְבְּךָ וּבְקוּמֶךָ · דברים ו:ז,Even HaEzer 118–119 · with the Shulchan Aruch,Shvuot · 12a · Shavuot,Happiness — 12/20 · Happiness — 13/20,Story 69 · 70 · Nasso,,Class 44 · of 118,Nasso · Day 6,Day 253 · of 369,Chapter 7 · cycle 20,The Garden of Gratitude · cycle 7 of 13,Phase 7 · day 6 of 13,Gate 16 · Gate 17 · Gate 18 · day 6 of 13,Enumeration of the 613 Mitzvos · Yesodei HaTorah · De'ot · set 11 of 14 · day 1 of 28,,Story 281 · Parshat Nasso
254,2027-06-19,14 Sivan,Nasso,Torah 264 · KST § 277–278 (p. 161) · Aseh 21–22,ל Lamed · לך · set 12 · day 12 of 22,Gevurah shebeYesod · shebeYesod · day 37 of 49,כוק · 35 of 72 · אֶלְיָשִׁיב 11 · פָּנָיו,Spring · 72 of 91 · Shov · F4 letter 3 · Eicha 4:3 · ג,2nd cycle 7 · day 7 of 13 · Ve'rav Chesed,Cycle 7 · day 8 of 41 · Nefesh 8 of 10 · Do Not Steal,OC 507–508 · Orach Chaim · 507 of 728,Nasso · D7 · P7 · C5,set 11 · 2/28 · Even HaEzer 120–121 · a Bill of Divorce 3 · Nasso,Torah 264 · Zohar III 59–60,§ 277–278 (p. 161) · Nasso,Aseh 21–22,LT Devarim · Folio 35 · day 282 of 364,Prayer 141 — first half · day 282 of 364,Erchin 8 & 9 · Week 37 · Day 2,Psalms 141 & 142 · Week 37 · Day 2,Tale 7 — The Fly and the Spider · cycle 20 · day 7 of 13,Sichos HaRan · §254 of 308 · day 254 of 369,OC 507–508 · half-days 507 & 508,Nasso,Ben Ish Chai · Drash · Nasso · Drash,Se’if ט׳ · day 7 of 13,"יָגַעְתִּי וְלֹא מָצָאתִי אַל תַּאַמִין לֹא יָגַעְתִּי וּמָצָאתִי אַל תַּאַמִין יָגַעְתִּי וּמָצָאתִי תַּאַמִין · מגילה ו,ב",Even HaEzer 120–121 · a Bill of Divorce 3 · with the Shulchan Aruch,Avodah Zarah · 12b · Sivan,Happiness — 12/20 · Happiness — 13/20,Story 69 · 70 · Nasso,,Class 45 · of 118,Sefer Yetzirah · 4:11–4:12,Day 254 · of 369,Chapter 7 · cycle 20,The Garden of Gratitude · cycle 7 of 13,Phase 7 · day 7 of 13,Gate 19 · Gate 20 · Gate 21 · day 7 of 13,Talmud Torah · Avodah Zarah · Teshuvah · set 11 of 14 · day 2 of 28,,Story 282 · Parshat Nasso
255,2027-06-20,15 Sivan,Behaalotecha,Torah 265 · KST § 279 (p. 161) · Aseh 23–24,מ Mem · מך · set 12 · day 13 of 22,Tiferet shebeYesod · shebeYesod · day 38 of 49,מנד · 36 of 72 · יָקִים 12 · פָּנָיו,Spring · 73 of 91 · Shov · F4 letter 4 · Eicha 4:4 · ד,2nd cycle 7 · day 8 of 13 · Ve'rav Chesed,Cycle 7 · day 9 of 41 · Nefesh 9 of 10 · Truth / No False Witness,OC 509–510 · Orach Chaim · 509 of 728,Behaalotecha · D1 · P8 · C5,set 11 · 3/28 · Even HaEzer 122–123,Torah 265 · Zohar III 61–62,§ 279 (p. 161) · Behaalotecha,Aseh 23–24,LT Devarim · Folio 36 · day 283 of 364,Prayer 141 — second half · day 283 of 364,Temurah 1 & 2 · Week 37 · Day 3,Psalms 143 & 144 · Week 37 · Day 3,Tale 7 — The Fly and the Spider · cycle 20 · day 8 of 13,Sichos HaRan · §255 of 308 · day 255 of 369,OC 509–510 · half-days 509 & 510,Behaalotecha,Rav Pe’alim · Vol III · Yoreh Deah 1 · Vol III · Yoreh Deah 2,Se’if י׳ · day 8 of 13,וְאָהַבְתָּ לְרֵעַךָ כָּמוֹךָ – רַבִּי עַקִיבָא אוֹמֵר זֶה כְּלָל גָדוֹל בַּתּוֹרָה · ויקרא יט:יח,Even HaEzer 122–123 · with the Shulchan Aruch,Avodah Zarah · 12b · Sivan,Happiness — 14/20 · Happiness — 15/20,Story 71 · 72 · Behaalotecha,,Class 46 · of 118,Behaalotecha · Day 1,Day 255 · of 369,Chapter 7 · cycle 20,The Garden of Gratitude · cycle 7 of 13,Phase 7 · day 8 of 13,Gate 22 · Gate 23 · Gate 24 · day 8 of 13,"Kriat Shema · Tefilah u'Birkat Kohanim · Tefillin, Mezuzah · set 11 of 14 · day 3 of 28",,Story 283 · Parshat Behaalotecha
256,2027-06-21,16 Sivan,Behaalotecha,Torah 266 · KST § 280 (p. 162) · Aseh 25–26,נ Nun · נך · set 12 · day 14 of 22,Netzach shebeYesod · shebeYesod · day 39 of 49,אני · 37 of 72 · חֻפָּה 13 · פָּנָיו,Spring · 74 of 91 · Shov · F4 letter 5 · Eicha 4:5 · ה,2nd cycle 7 · day 9 of 13 · Ve'rav Chesed,Cycle 7 · day 10 of 41 · Nefesh 10 of 10 · Do Not Covet,OC 511–512 · Orach Chaim · 511 of 728,Behaalotecha · D2 · P8 · C5,set 11 · 4/28 · Even HaEzer 124–125,Torah 266 · Zohar III 63–64,§ 280 (p. 162) · Behaalotecha,Aseh 25–26,LT Devarim · Folio 37 · day 284 of 364,Prayer 142 — first half · day 284 of 364,Temurah 3 & 4 · Week 37 · Day 4,Psalms 145 & 146 · Week 37 · Day 4,Tale 7 — The Fly and the Spider · cycle 20 · day 9 of 13,Sichos HaRan · §256 of 308 · day 256 of 369,OC 511–512 · half-days 511 & 512,Behaalotecha,Rav Pe’alim · Vol III · Yoreh Deah 3 · Vol III · Yoreh Deah 4,Se’if י״א · day 9 of 13,וְזֶה כָּל הָאָדָם וְתַכְלִית בְּרִיאָתוֹ וּבְרִיאַת כָּל הָעוֹלָמוֹת עֶלְיוֹנִים וְתַּחְתּוֹנִים לִהְיוֹת לוֹ דִירָה זוֹ בְּתַּחְתּוֹנִים · תניא פרק לג,Even HaEzer 124–125 · with the Shulchan Aruch,Avodah Zarah · 12b · Sivan,Happiness — 14/20 · Happiness — 15/20,Story 71 · 72 · Behaalotecha,,Class 47 · of 118,Behaalotecha · Day 2,Day 256 · of 369,Chapter 7 · cycle 20,The Garden of Gratitude · cycle 7 of 13,Phase 7 · day 9 of 13,Gate 25 · Gate 26 · Gate 27 · day 9 of 13,Tzitzit · Berachot · Milah · set 11 of 14 · day 4 of 28,,Story 284 · Parshat Behaalotecha
257,2027-06-22,17 Sivan,Behaalotecha,Torah 267 · KST § 281 (p. 162) · Aseh 27–28,ס Samech · סך · set 12 · day 15 of 22,Hod shebeYesod · shebeYesod · day 40 of 49,חעם · 38 of 72 · יֶשֶׁבְאָב 14 · פָּנָיו,Spring · 75 of 91 · Shov · F4 letter 6 · Eicha 4:6 · ו,2nd cycle 7 · day 10 of 13 · Ve'rav Chesed,Cycle 7 · day 11 of 41 · Ruach 1 of 10 · I Am the Lord,OC 513–514 · Orach Chaim · 513 of 728,Behaalotecha · D3 · P8 · C5,set 11 · 5/28 · Even HaEzer 126–127,Torah 267 · Zohar III 65–66,§ 281 (p. 162) · Behaalotecha,Aseh 27–28,LT Devarim · Folio 38 · day 285 of 364,Prayer 142 — second half · day 285 of 364,Temurah 5 & 6 · Week 37 · Day 5,Psalms 147 & 148 · Week 37 · Day 5,Tale 7 — The Fly and the Spider · cycle 20 · day 10 of 13,Sichos HaRan · §257 of 308 · day 257 of 369,OC 513–514 · half-days 513 & 514,Behaalotecha,Rav Pe’alim · Vol III · Yoreh Deah 5 · Vol III · Yoreh Deah 6,Se’if י״ב · day 10 of 13,יִשְׂמַח יִשְׂרָאֵל בְּעוֹשָׂיו פֵּירוּש שֶׁכָּל מִי שֶׁהוּא מִזֶרַע יִשְׂרָאֵל יֵשׁ לוֹ לִשְׂמוֹחַ בְּשִׂמְחַת ה׳ אַשֶׁר שָׂשׂ וְשָׂמֵחַ בְּדִירָתוֹ בְּתַּחְתּוֹנִים · תניא פרק לג,Even HaEzer 126–127 · with the Shulchan Aruch,Avodah Zarah · 12b · Sivan,Happiness — 14/20 · Happiness — 15/20,Story 71 · 72 · Behaalotecha,,Class 48 · of 118,Behaalotecha · Day 3,Day 257 · of 369,Chapter 7 · cycle 20,The Garden of Gratitude · cycle 7 of 13,Phase 7 · day 10 of 13,Gate 28 · Gate 29 · Gate 30 · day 10 of 13,Shabbat · Eruvin · Shevitat Asor · set 11 of 14 · day 5 of 28,,Story 285 · Parshat Behaalotecha
258,2027-06-23,18 Sivan,Behaalotecha,Torah 268 · KST § 282 (p. 163) · Aseh 29–30,ע Ayin · עך · set 12 · day 16 of 22,Yesod shebeYesod · shebeYesod · day 41 of 49,רעה · 39 of 72 · בִּלְגָּה 15 · פָּנָיו,Spring · 76 of 91 · Shov · F4 letter 7 · Eicha 4:7 · ז,2nd cycle 7 · day 11 of 13 · Ve'rav Chesed,Cycle 7 · day 12 of 41 · Ruach 2 of 10 · No Other Gods,OC 515–516 · Orach Chaim · 515 of 728,Behaalotecha · D4 · P8 · C5,set 11 · 6/28 · Even HaEzer 128–129 · a Bill of Divorce 4,Torah 268 · Zohar III 67–68,§ 282 (p. 163) · Behaalotecha,Aseh 29–30,LT Devarim · Folio 39 · day 286 of 364,Prayer 143 — first half · day 286 of 364,"Tosefta Erchin 1, 2, 3, 4 · Week 37 · Day 6",Psalms 149 & 150 · Week 37 · Day 6,Tale 7 — The Fly and the Spider · cycle 20 · day 11 of 13,Sichos HaRan · §258 of 308 · day 258 of 369,OC 515–516 · half-days 515 & 516,Behaalotecha,Rav Pe’alim · Vol III · Yoreh Deah 7 · Vol III · Yoreh Deah 8,Overview · day 11 of 13,"All twelve · Mivtza Chinuch, 5736",Even HaEzer 128–129 · a Bill of Divorce 4 · with the Shulchan Aruch,Avodah Zarah · 12b · Sivan,Happiness — 14/20 · Happiness — 15/20,Story 71 · 72 · Behaalotecha,,Class 49 · of 118,Behaalotecha · Day 4,Day 258 · of 369,Chapter 7 · cycle 20,The Garden of Gratitude · cycle 7 of 13,Phase 7 · day 11 of 13,Gate 31 · Gate 32 · Ohr Ne’erav I · day 11 of 13,"Shevitat Yom Tov · Chametz u'Matzah · Shofar, Sukkah v'Lul · set 11 of 14 · day 6 of 28",,Story 286 · Parshat Behaalotecha
259,2027-06-24,19 Sivan,Behaalotecha,Torah 269 · KST § 283 (p. 163) · Aseh 31–32,פ Peh · פך · set 12 · day 17 of 22,Malchut shebeYesod · shebeYesod · day 42 of 49,ייז · 40 of 72 · אִמֵּר 16 · פָּנָיו,Spring · 77 of 91 · Shov · F4 letter 8 · Eicha 4:8 · ח,2nd cycle 7 · day 12 of 13 · Ve'rav Chesed,Cycle 7 · day 13 of 41 · Ruach 3 of 10 · Not to Profane G-d's Name,OC 517–518 · Orach Chaim · 517 of 728,Behaalotecha · D5 · P8 · C5,set 11 · 7/28 · Even HaEzer 130–131,Torah 269 · Zohar III 69–72,§ 283 (p. 163) · Behaalotecha,Aseh 31–32,LT Devarim · Folio 40 · day 287 of 364,Prayer 143 — second half · day 287 of 364,"Tosefta Erchin 5 &amp; Tosefta Temurah 1, 2, 3 · Week 37 · Day 7",Proverbs 1 & 2 · Week 37 · Day 7,Tale 7 — The Fly and the Spider · cycle 20 · day 12 of 13,Sichos HaRan · §259 of 308 · day 259 of 369,OC 517–518 · half-days 517 & 518,Behaalotecha,Rav Pe’alim · Vol III · Yoreh Deah 9 · Vol III · Yoreh Deah 10,Se’if א׳ · day 12 of 13,תּוֹרָה צִוָה לָנוּ מֹשֶׁה מוֹרָשָׁה קְהִלַת יַעֲקֹב · דברים לג:ד,Even HaEzer 130–131 · with the Shulchan Aruch,Avodah Zarah · 12b · Sivan,Happiness — 14/20 · Happiness — 15/20,Story 71 · 72 · Behaalotecha,,Class 50 · of 118,Behaalotecha · Day 5,Day 259 · of 369,Chapter 7 · cycle 20,The Garden of Gratitude · cycle 7 of 13,Phase 7 · day 12 of 13,Ohr Ne’erav II · Ohr Ne’erav III · Ohr Ne’erav IV · day 12 of 13,Shekalim · Kiddush HaChodesh · Ta'aniyot · set 11 of 14 · day 7 of 28,,Story 287 · Parshat Behaalotecha
260,2027-06-25,20 Sivan,Behaalotecha,Torah 270 · KST § 284 (p. 164) · Aseh 33–34,צ Tzaddik · צך · set 12 · day 18 of 22,Chesed shebeMalchut · shebeYesod · day 43 of 49,ההה · 41 of 72 · חֵזִיר 17 · פָּנָיו,Spring · 78 of 91 · Shov · F4 letter 9 · Eicha 4:9 · ט,2nd cycle 7 · day 13 of 13 · Ve'rav Chesed,Cycle 7 · day 14 of 41 · Ruach 4 of 10 · The Sabbath,OC 519–520 · Orach Chaim · 519 of 728,Behaalotecha · D6 · P8 · C5,set 11 · 8/28 · Even HaEzer 132–133,Torah 270 · Zohar III 73–74,§ 284 (p. 164) · Behaalotecha,Aseh 33–34,LT Devarim · Folio 41 · day 288 of 364,Prayer 144 — first half · day 288 of 364,Temurah 7 &amp; Keritut 1 · Week 38 · Day 1,Proverbs 3 & 4 · Week 38 · Day 1,Tale 7 — The Fly and the Spider · cycle 20 · day 13 of 13,Sichos HaRan · §260 of 308 · day 260 of 369,OC 519–520 · half-days 519 & 520,Behaalotecha,Ben Ish Chai · Halachot,Se’if ב׳ · day 13 of 13,שְׁמַע יִשְׂרָאֵל ה׳ אֶלֹקֵינוּ ה׳ אֶחָד · דברים ו:ד,Even HaEzer 132–133 · with the Shulchan Aruch,Avodah Zarah · 12b · Sivan,Happiness — 14/20 · Happiness — 15/20,Story 71 · 72 · Behaalotecha,,Class 51 · of 118,Behaalotecha · Day 6,Day 260 · of 369,Chapter 7 · cycle 20,The Garden of Gratitude · cycle 7 of 13,Phase 7 · day 13 of 13,Ohr Ne’erav V · Ohr Ne’erav VI · Ohr Ne’erav VII · day 13 of 13,Megillah v'Chanukah · Ishut · Geirushin · set 11 of 14 · day 8 of 28,,Story 288 · Parshat Behaalotecha
261,2027-06-26,21 Sivan,Behaalotecha,Torah 271 · KST § 285–286 (p. 164) · Aseh 35–36,ק Kuf · קך · set 12 · day 19 of 22,Gevurah shebeMalchut · shebeYesod · day 44 of 49,מיכ · 42 of 72 · הַפִּצֵּץ 18 · פָּנָיו,Spring · 79 of 91 · Shov · F4 letter 10 · Eicha 4:10 · י,2nd cycle 8 · day 1 of 13 · Ve'emet,Cycle 7 · day 15 of 41 · Ruach 5 of 10 · Honor Parents,OC 521–522 · Orach Chaim · 521 of 728,Behaalotecha · D7 · P8 · C5,set 11 · 9/28 · Even HaEzer 134–135 · Behaalotecha,Torah 271 · Zohar III 75–76,§ 285–286 (p. 164) · Behaalotecha,Aseh 35–36,LT Devarim · Folio 42 · day 289 of 364,Prayer 144 — second half · day 289 of 364,Keritut 2 & 3 · Week 38 · Day 2,Proverbs 5 & 6 · Week 38 · Day 2,Tale 8 — The Rabbi and His Only Son · cycle 21 · day 1 of 13,Sichos HaRan · §261 of 308 · day 261 of 369,OC 521–522 · half-days 521 & 522,Behaalotecha,Ben Ish Chai · Drash · Beha'alotcha · Drash,Se’if ג׳ · day 1 of 13,"בְּכָל דוֹר וָדוֹר חַיָיב אָדָם לִרְאוֹת אֶת עַצְמוֹ כְּאִלוּ הוּא יָצָא מִמִצְרָיִם · פסחים קטז,ב",Even HaEzer 134–135 · with the Shulchan Aruch,Avodah Zarah · 12b · Sivan,Happiness — 14/20 · Happiness — 15/20,Story 71 · 72 · Behaalotecha,,Class 52 · of 118,Sefer Yetzirah · 4:13–4:14,Day 261 · of 369,Chapter 8 · cycle 21,The Garden of Education · cycle 8 of 13,Phase 8 · day 1 of 13,Gate 1 · Gate 2 · Gate 3 · day 1 of 13,Yibum v'Chalitzah · Na'arah Betulah · Sotah · set 11 of 14 · day 9 of 28,,Story 289 · Parshat Behaalotecha
262,2027-06-27,22 Sivan,Shlach,Torah 272 · KST § 287 (p. 165) · Aseh 37–38,ר Reish · רך · set 12 · day 20 of 22,Tiferet shebeMalchut · shebeYesod · day 45 of 49,וול · 43 of 72 · פְּתַחְיָה 19 · פָּנָיו,Spring · 80 of 91 · Shov · F4 letter 11 · Eicha 4:11 · כ,2nd cycle 8 · day 2 of 13 · Ve'emet,Cycle 7 · day 16 of 41 · Ruach 6 of 10 · Do Not Murder,OC 523–524 · Orach Chaim · 523 of 728,Shlach · D1 · P1 · C6,set 11 · 10/28 · Even HaEzer 136–137 · Levirate Marriage 1,Torah 272 · Zohar III 77–78,§ 287 (p. 165) · Shlach,Aseh 37–38,LT Devarim · Folio 43 · day 290 of 364,Prayer 145 — first half · day 290 of 364,Keritut 4 & 5 · Week 38 · Day 3,Proverbs 7 & 8 · Week 38 · Day 3,Tale 8 — The Rabbi and His Only Son · cycle 21 · day 2 of 13,Sichos HaRan · §262 of 308 · day 262 of 369,OC 523–524 · half-days 523 & 524,Shlach,Rav Pe’alim · Vol III · Yoreh Deah 11 · Vol III · Yoreh Deah 12,Se’if ד׳ · day 2 of 13,"כָּל יִשְׂרָאֵל יֵשׁ לָהֶם חֵלֶק לְעוֹלָם הַבָּא שֶׁנֶאֱמַר וְעַמֵךְ כּוּלָם צַדִיקִים לְעוֹלָם יִירְשׁוּ אָרֶץ נֵצֶר מַטָעַי מַעֲשֵׂה יָדַי לְהִתְפָּאֵר · סנהדרין צ,א",Even HaEzer 136–137 · Levirate Marriage 1 · with the Shulchan Aruch,Avodah Zarah · 12b · Sivan,Happiness — 16/20 · Happiness — 17/20,Story 73 · 74 · Shlach,,Class 53 · of 118,Shlach · Day 1,Day 262 · of 369,Chapter 8 · cycle 21,The Garden of Education · cycle 8 of 13,Phase 8 · day 2 of 13,Gate 4 · Gate 5 · Gate 6 · day 2 of 13,Issurei Biah · Ma'achalot Assurot · Shechitah · set 11 of 14 · day 10 of 28,,Story 290 · Parshat Shlach
263,2027-06-28,23 Sivan,Shlach,Torah 273 · KST § 288 (p. 166) · Aseh 39–40,ש Shin · שך · set 12 · day 21 of 22,Netzach shebeMalchut · shebeYesod · day 46 of 49,ילה · 44 of 72 · יְחֶזְקֵאל 20 · פָּנָיו,Spring · 81 of 91 · Shov · F4 letter 12 · Eicha 4:12 · ל,2nd cycle 8 · day 3 of 13 · Ve'emet,Cycle 7 · day 17 of 41 · Ruach 7 of 10 · Faithfulness,OC 525–526 · Orach Chaim · 525 of 728,Shlach · D2 · P1 · C6,set 11 · 11/28 · Even HaEzer 138–139,Torah 273 · Zohar III 79–80,§ 288 (p. 166) · Shlach,Aseh 39–40,LT Devarim · Folio 44 · day 291 of 364,Prayer 145 — second half · day 291 of 364,Keritut 6 &amp; Me'ilah 1 · Week 38 · Day 4,Proverbs 9 & 10 · Week 38 · Day 4,Tale 8 — The Rabbi and His Only Son · cycle 21 · day 3 of 13,Sichos HaRan · §263 of 308 · day 263 of 369,OC 525–526 · half-days 525 & 526,Shlach,Rav Pe’alim · Vol III · Yoreh Deah 13 · Vol III · Yoreh Deah 14,Se’if ה׳ · day 3 of 13,כִּי קָרוֹב אֵלֶיךָ הַדָבָר מְאֹד בְּפִיךָ וּבִּלְבָבְךָ לַעֲשׂוֹתוֹ · דברים ל:יד,Even HaEzer 138–139 · with the Shulchan Aruch,Avodah Zarah · 12b · Sivan,Happiness — 16/20 · Happiness — 17/20,Story 73 · 74 · Shlach,,Class 54 · of 118,Shlach · Day 2,Day 263 · of 369,Chapter 8 · cycle 21,The Garden of Education · cycle 8 of 13,Phase 8 · day 3 of 13,Gate 7 · Gate 8 · Gate 9 · day 3 of 13,Shevuot · Nedarim · Nezirut · set 11 of 14 · day 11 of 28,,Story 291 · Parshat Shlach
264,2027-06-29,24 Sivan,Shlach,Torah 274 · KST § 289 (p. 166) · Aseh 41–42,ת Tav · תך · set 12 · day 22 of 22,Hod shebeMalchut · shebeYesod · day 47 of 49,סאל · 45 of 72 · יָכִין 21 · פָּנָיו,Spring · 82 of 91 · Shov · F4 letter 13 · Eicha 4:13 · מ,2nd cycle 8 · day 4 of 13 · Ve'emet,Cycle 7 · day 18 of 41 · Ruach 8 of 10 · Do Not Steal,OC 527–528 · Orach Chaim · 527 of 728,Shlach · D3 · P1 · C6,set 11 · 12/28 · Even HaEzer 140–141,Torah 274 · Zohar III 81–82,§ 289 (p. 166) · Shlach,Aseh 41–42,LT Devarim · Folio 45 · day 292 of 364,Prayer 146 — first half · day 292 of 364,Me'ilah 2 & 3 · Week 38 · Day 5,Proverbs 11 & 12 · Week 38 · Day 5,Tale 8 — The Rabbi and His Only Son · cycle 21 · day 4 of 13,Sichos HaRan · §264 of 308 · day 264 of 369,OC 527–528 · half-days 527 & 528,Shlach,Rav Pe’alim · Vol III · Yoreh Deah 15 · Vol III · Yoreh Deah 16,Se’if ו׳ · day 4 of 13,וְהִנֵה ה׳ נִצָב עָלָיו וּמְלֹא כָל הָאָרֶץ כּבוֹדוֹ וּמַבִּיט עָלָיו וּבוֹחֵן כְּלָיוֹת וָלֵב אִם עוֹבְדוֹ כָּרָאוּי · תניא פרק מא,Even HaEzer 140–141 · with the Shulchan Aruch,Avodah Zarah · 12b · Sivan,Happiness — 16/20 · Happiness — 17/20,Story 73 · 74 · Shlach,,Class 55 · of 118,Shlach · Day 3,Day 264 · of 369,Chapter 8 · cycle 21,The Garden of Education · cycle 8 of 13,Phase 8 · day 4 of 13,Gate 10 · Gate 11 · Gate 12 · day 4 of 13,Erchin v'Charamin · Kilayim · Matnot Aniyim · set 11 of 14 · day 12 of 28,,Story 292 · Parshat Shlach
265,2027-06-30,25 Sivan,Shlach,Torah 275 · KST § 290 (p. 167) · Aseh 43–44,א Alef · אם · set 13 · day 1 of 22,Yesod shebeMalchut · shebeYesod · day 48 of 49,ערי · 46 of 72 · גָּמוּל 22 · פָּנָיו,Spring · 83 of 91 · Shov · F4 letter 14 · Eicha 4:14 · נ,2nd cycle 8 · day 5 of 13 · Ve'emet,Cycle 7 · day 19 of 41 · Ruach 9 of 10 · Truth / No False Witness,OC 529–530 · Orach Chaim · 529 of 728,Shlach · D4 · P1 · C6,set 11 · 13/28 · Even HaEzer 142–143,Torah 275 · Zohar III 83–84,§ 290 (p. 167) · Shlach,Aseh 43–44,LT Devarim · Folio 46 · day 293 of 364,Prayer 146 — second half · day 293 of 364,"Tosefta Temurah 4 &amp; Tosefta Keritut 1, 2, 3 · Week 38 · Day 6",Proverbs 13 & 14 · Week 38 · Day 6,Tale 8 — The Rabbi and His Only Son · cycle 21 · day 5 of 13,Sichos HaRan · §265 of 308 · day 265 of 369,OC 529–530 · half-days 529 & 530,Shlach,Rav Pe’alim · Vol III · Yoreh Deah 17 · Vol III · Yoreh Deah 18,Se’if ז׳ · day 5 of 13,בְּרֵאשִׁית בָּרָא אֶלֹקִים אֵת הַשָׁמַיִם וְאֵת הָאָרֶץ · בראשית א:א,Even HaEzer 142–143 · with the Shulchan Aruch,Horayot · 13a · Tammuz,Happiness — 16/20 · Happiness — 17/20,Story 73 · 74 · Shlach,,Class 56 · of 118,Shlach · Day 4,Day 265 · of 369,Chapter 8 · cycle 21,The Garden of Education · cycle 8 of 13,Phase 8 · day 5 of 13,Gate 13 · Gate 14 · Gate 15 · day 5 of 13,Terumot · Ma'aserot · Ma'aser Sheni v'Neta Revai · set 11 of 14 · day 13 of 28,,Story 293 · Parshat Shlach
266,2027-07-01,26 Sivan,Shlach,Torah 276 · KST § 291 (p. 167) · Aseh 45–46,ב Bet · בם · set 13 · day 2 of 22,Malchut shebeMalchut · shebeYesod · day 49 of 49,עשל · 47 of 72 · דְּלָיָהוּ 23 · פָּנָיו,Spring · 84 of 91 · Shov · F4 letter 15 · Eicha 4:15 · ס,2nd cycle 8 · day 6 of 13 · Ve'emet,Cycle 7 · day 20 of 41 · Ruach 10 of 10 · Do Not Covet,OC 531–532 · Orach Chaim · 531 of 728,Shlach · D5 · P1 · C6,set 11 · 14/28 · Even HaEzer 144–145 · Levirate Marriage 2,Torah 276 · Zohar III 85–88,§ 291 (p. 167) · Shlach,Aseh 45–46,LT Devarim · Folio 47 · day 294 of 364,Prayer 147 — first half · day 294 of 364,"Tosefta Keritut 4 &amp; Tosefta Me'ilah 1, 2, 3 · Week 38 · Day 7",Proverbs 15 & 16 · Week 38 · Day 7,Tale 8 — The Rabbi and His Only Son · cycle 21 · day 6 of 13,Sichos HaRan · §266 of 308 · day 266 of 369,OC 531–532 · half-days 531 & 532,Shlach,Rav Pe’alim · Vol III · Yoreh Deah 19 · Vol III · Yoreh Deah 20,Se’if ח׳ · day 6 of 13,וְשִׁנַנְתָּם לְבָנֶיךָ וְדִבַּרְתָּ בָּם בְּשִׁבְתְּךָ בְּבֵיתֶךָ וּבְלֶכְתְּךָ בַדֶרֶךְ וּבְשָׁכְבְּךָ וּבְקוּמֶךָ · דברים ו:ז,Even HaEzer 144–145 · Levirate Marriage 2 · with the Shulchan Aruch,Horayot · 13a · Tammuz,Happiness — 16/20 · Happiness — 17/20,Story 73 · 74 · Shlach,,Class 57 · of 118,Shlach · Day 5,Day 266 · of 369,Chapter 8 · cycle 21,The Garden of Education · cycle 8 of 13,Phase 8 · day 6 of 13,Gate 16 · Gate 17 · Gate 18 · day 6 of 13,Bikkurim · Shemitah v'Yovel · Beit HaBechirah · set 11 of 14 · day 14 of 28,,Story 294 · Parshat Shlach
267,2027-07-02,27 Sivan,Shlach,Torah 277 · KST § 292 (p. 167) · Aseh 47–48,ג Gimmel · גם · set 13 · day 3 of 22,Chesed shebeChesed · shebeMalchut · day 1 of 49,מיה · 48 of 72 · מַעַזְיָהוּ 24 · פָּנָיו,Spring · 85 of 91 · Shov · F4 letter 16 · Eicha 4:16 · פ,2nd cycle 8 · day 7 of 13 · Ve'emet,Cycle 7 · day 21 of 41 · Neshamah 1 of 10 · I Am the Lord,OC 533–534 · Orach Chaim · 533 of 728,Shlach · D6 · P1 · C6,set 11 · 15/28 · Even HaEzer 146–147,Torah 277 · Zohar III 89–90,§ 292 (p. 167) · Shlach,Aseh 47–48,LT Devarim · Folio 48 · day 295 of 364,Prayer 147 — second half · day 295 of 364,Me'ilah 4 & 5 · Week 39 · Day 1,Proverbs 17 & 18 · Week 39 · Day 1,Tale 8 — The Rabbi and His Only Son · cycle 21 · day 7 of 13,Sichos HaRan · §267 of 308 · day 267 of 369,OC 533–534 · half-days 533 & 534,Shlach,Ben Ish Chai · Halachot,Se’if ט׳ · day 7 of 13,"יָגַעְתִּי וְלֹא מָצָאתִי אַל תַּאַמִין לֹא יָגַעְתִּי וּמָצָאתִי אַל תַּאַמִין יָגַעְתִּי וּמָצָאתִי תַּאַמִין · מגילה ו,ב",Even HaEzer 146–147 · with the Shulchan Aruch,Horayot · 13a · Tammuz,Happiness — 16/20 · Happiness — 17/20,Story 73 · 74 · Shlach,,Class 58 · of 118,Shlach · Day 6,Day 267 · of 369,Chapter 8 · cycle 21,The Garden of Education · cycle 8 of 13,Phase 8 · day 7 of 13,Gate 19 · Gate 20 · Gate 21 · day 7 of 13,Klei HaMikdash · Biat HaMikdash · Issurei Mizbe'ach · set 11 of 14 · day 15 of 28,,Story 295 · Parshat Shlach
268,2027-07-03,28 Sivan,Shlach,Torah 278 · KST § 293–294 (p. 168) · Aseh 49–50,ד Dalet · דם · set 13 · day 4 of 22,Gevurah shebeChesed · shebeMalchut · day 2 of 49,והו · 49 of 72 · יְהוֹיָרִיב 1 · אֵלֶיךָ,Spring · 86 of 91 · Shov · F4 letter 17 · Eicha 4:17 · ע,2nd cycle 8 · day 8 of 13 · Ve'emet,Cycle 7 · day 22 of 41 · Neshamah 2 of 10 · No Other Gods,OC 535–536 · Orach Chaim · 535 of 728,Shlach · D7 · P1 · C6,set 11 · 16/28 · Even HaEzer 148–149 · Shlach,Torah 278 · Zohar III 91–92,§ 293–294 (p. 168) · Shlach,Aseh 49–50,LT Devarim · Folio 49 · day 296 of 364,Prayer 148 — first half · day 296 of 364,Me'ilah 6 &amp; Tamid 1 · Week 39 · Day 2,Proverbs 19 & 20 · Week 39 · Day 2,Tale 8 — The Rabbi and His Only Son · cycle 21 · day 8 of 13,Sichos HaRan · §268 of 308 · day 268 of 369,OC 535–536 · half-days 535 & 536,Shlach,Ben Ish Chai · Drash · Sh'lach · Drash,Se’if י׳ · day 8 of 13,וְאָהַבְתָּ לְרֵעַךָ כָּמוֹךָ – רַבִּי עַקִיבָא אוֹמֵר זֶה כְּלָל גָדוֹל בַּתּוֹרָה · ויקרא יט:יח,Even HaEzer 148–149 · with the Shulchan Aruch,Horayot · 13a · Tammuz,Happiness — 16/20 · Happiness — 17/20,Story 73 · 74 · Shlach,,Class 59 · of 118,Sefer Yetzirah · 4:15–4:16,Day 268 · of 369,Chapter 8 · cycle 21,The Garden of Education · cycle 8 of 13,Phase 8 · day 8 of 13,Gate 22 · Gate 23 · Gate 24 · day 8 of 13,Ma'aseh HaKorbanot · Temidin u'Musafin · Pesulei HaMukdash · set 11 of 14 · day 16 of 28,,Story 296 · Parshat Shlach
269,2027-07-04,29 Sivan,Korach,Torah 279 · KST § 295 (p. 169) · Aseh 51–52,ה Heh · הם · set 13 · day 5 of 22,Tiferet shebeChesed · shebeMalchut · day 3 of 49,דני · 50 of 72 · יְדַעְיָה 2 · אֵלֶיךָ,Spring · 87 of 91 · Shov · F4 letter 18 · Eicha 4:18 · צ,2nd cycle 8 · day 9 of 13 · Ve'emet,Cycle 7 · day 23 of 41 · Neshamah 3 of 10 · Not to Profane G-d's Name,OC 537–538 · Orach Chaim · 537 of 728,Korach · D1 · P2 · C6,set 11 · 17/28 · Even HaEzer 150–151,Torah 279 · Zohar III 93–94,§ 295 (p. 169) · Korach,Aseh 51–52,LT Devarim · Folio 50 · day 297 of 364,Prayer 148 — second half · day 297 of 364,Tamid 2 & 3 · Week 39 · Day 3,Proverbs 21 & 22 · Week 39 · Day 3,Tale 8 — The Rabbi and His Only Son · cycle 21 · day 9 of 13,Sichos HaRan · §269 of 308 · day 269 of 369,OC 537–538 · half-days 537 & 538,Korach,Rav Pe’alim · Vol III · Yoreh Deah 21 · Vol III · Yoreh Deah 22,Se’if י״א · day 9 of 13,וְזֶה כָּל הָאָדָם וְתַכְלִית בְּרִיאָתוֹ וּבְרִיאַת כָּל הָעוֹלָמוֹת עֶלְיוֹנִים וְתַּחְתּוֹנִים לִהְיוֹת לוֹ דִירָה זוֹ בְּתַּחְתּוֹנִים · תניא פרק לג,Even HaEzer 150–151 · with the Shulchan Aruch,Horayot · 13a · Tammuz,Happiness — 18/20 · Happiness — 19/20,Story 75 · 76 · Korach,,Class 60 · of 118,Korach · Day 1,Day 269 · of 369,Chapter 8 · cycle 21,The Garden of Education · cycle 8 of 13,Phase 8 · day 9 of 13,Gate 25 · Gate 26 · Gate 27 · day 9 of 13,Avodat Yom HaKippurim · Me'ilah · Korban Pesach · set 11 of 14 · day 17 of 28,,Story 297 · Parshat Korach
270,2027-07-05,30 Sivan,Korach,Torah 280 · KST § 296 (p. 170) · Aseh 53–54,ו Vav · ום · set 13 · day 6 of 22,Netzach shebeChesed · shebeMalchut · day 4 of 49,החש · 51 of 72 · חָרִם 3 · אֵלֶיךָ,Spring · 88 of 91 · Shov · F4 letter 19 · Eicha 4:19 · ק,2nd cycle 8 · day 10 of 13 · Ve'emet,Cycle 7 · day 24 of 41 · Neshamah 4 of 10 · The Sabbath,OC 539–540 · Orach Chaim · 539 of 728,Korach · D2 · P2 · C6,set 11 · 18/28 · Even HaEzer 152–153 · Levirate Marriage 3,Torah 280 · Zohar III 95–96,§ 296 (p. 170) · Korach,Aseh 53–54,LT Devarim · Folio 51 · day 298 of 364,Prayer 149 — first half · day 298 of 364,Tamid 4 & 5 · Week 39 · Day 4,Proverbs 23 & 24 · Week 39 · Day 4,Tale 8 — The Rabbi and His Only Son · cycle 21 · day 10 of 13,Sichos HaRan · §270 of 308 · day 270 of 369,OC 539–540 · half-days 539 & 540,Korach,Rav Pe’alim · Vol III · Yoreh Deah 23 · Vol III · Yoreh Deah 24,Se’if י״ב · day 10 of 13,יִשְׂמַח יִשְׂרָאֵל בְּעוֹשָׂיו פֵּירוּש שֶׁכָּל מִי שֶׁהוּא מִזֶרַע יִשְׂרָאֵל יֵשׁ לוֹ לִשְׂמוֹחַ בְּשִׂמְחַת ה׳ אַשֶׁר שָׂשׂ וְשָׂמֵחַ בְּדִירָתוֹ בְּתַּחְתּוֹנִים · תניא פרק לג,Even HaEzer 152–153 · Levirate Marriage 3 · with the Shulchan Aruch,Horayot · 13a · Tammuz,Happiness — 18/20 · Happiness — 19/20,Story 75 · 76 · Korach,,Class 61 · of 118,Korach · Day 2,Day 270 · of 369,Chapter 8 · cycle 21,The Garden of Education · cycle 8 of 13,Phase 8 · day 10 of 13,Gate 28 · Gate 29 · Gate 30 · day 10 of 13,Chagigah · Bechorot · Shegagot · set 11 of 14 · day 18 of 28,,Story 298 · Parshat Korach
271,2027-07-06,1 Tammuz,Korach,Torah 281 · KST § 297 (p. 171) · Aseh 55–56,ז Zayin · זם · set 13 · day 7 of 22,Hod shebeChesed · shebeMalchut · day 5 of 49,עמם · 52 of 72 · שְׂעֹרִים 4 · אֵלֶיךָ,Spring · 89 of 91 · Shov · F4 letter 20 · Eicha 4:20 · ר,2nd cycle 8 · day 11 of 13 · Ve'emet,Cycle 7 · day 25 of 41 · Neshamah 5 of 10 · Honor Parents,OC 541–542 · Orach Chaim · 541 of 728,Korach · D3 · P2 · C6,set 11 · 19/28 · Even HaEzer 154–155,Torah 281 · Zohar III 97–98,§ 297 (p. 171) · Korach,Aseh 55–56,LT Devarim · Folio 52 · day 299 of 364,Prayer 149 — second half · day 299 of 364,Tamid 6 & 7 · Week 39 · Day 5,Proverbs 25 & 26 · Week 39 · Day 5,Tale 8 — The Rabbi and His Only Son · cycle 21 · day 11 of 13,Sichos HaRan · §271 of 308 · day 271 of 369,OC 541–542 · half-days 541 & 542,Korach,Rav Pe’alim · Vol III · Yoreh Deah 25 · Vol III · Yoreh Deah 26,Overview · day 11 of 13,"All twelve · Mivtza Chinuch, 5736",Even HaEzer 154–155 · with the Shulchan Aruch,Horayot · 13a · Tammuz,Happiness — 18/20 · Happiness — 19/20,Story 75 · 76 · Korach,,Class 62 · of 118,Korach · Day 3,Day 271 · of 369,Chapter 8 · cycle 21,The Garden of Education · cycle 8 of 13,Phase 8 · day 11 of 13,Gate 31 · Gate 32 · Ohr Ne’erav I · day 11 of 13,Mechusrei Kapparah · Temurah · Tumat Met · set 11 of 14 · day 19 of 28,,Story 299 · Parshat Korach
272,2027-07-07,2 Tammuz,Korach,Torah 282 · KST § 298 (p. 172) · Aseh 57–58,ח Chet · חם · set 13 · day 8 of 22,Yesod shebeChesed · shebeMalchut · day 6 of 49,ננא · 53 of 72 · מַלְכִּיָּה 5 · אֵלֶיךָ,Spring · 90 of 91 · Shov · F4 letter 21 · Eicha 4:21 · ש,2nd cycle 8 · day 12 of 13 · Ve'emet,Cycle 7 · day 26 of 41 · Neshamah 6 of 10 · Do Not Murder,OC 543–544 · Orach Chaim · 543 of 728,Korach · D4 · P2 · C6,set 11 · 20/28 · Even HaEzer 156–157,Torah 282 · Zohar III 99–100,§ 298 (p. 172) · Korach,Aseh 57–58,LT Devarim · Folio 53 · day 300 of 364,Prayer 150 — first half · day 300 of 364,"Tosefta Kelim Bava Kama 1, 2, 3, 4 · Week 39 · Day 6",Proverbs 27 & 28 · Week 39 · Day 6,Tale 8 — The Rabbi and His Only Son · cycle 21 · day 12 of 13,Sichos HaRan · §272 of 308 · day 272 of 369,OC 543–544 · half-days 543 & 544,Korach,Rav Pe’alim · Vol III · Yoreh Deah 27 · Vol III · Yoreh Deah 28,Se’if א׳ · day 12 of 13,תּוֹרָה צִוָה לָנוּ מֹשֶׁה מוֹרָשָׁה קְהִלַת יַעֲקֹב · דברים לג:ד,Even HaEzer 156–157 · with the Shulchan Aruch,Horayot · 13a · Tammuz,Happiness — 18/20 · Happiness — 19/20,Story 75 · 76 · Korach,,Class 63 · of 118,Korach · Day 4,Day 272 · of 369,Chapter 8 · cycle 21,The Garden of Education · cycle 8 of 13,Phase 8 · day 12 of 13,Ohr Ne’erav II · Ohr Ne’erav III · Ohr Ne’erav IV · day 12 of 13,Parah Adumah · Tumat Tzara'at · Metamei Mishkav u'Moshav · set 11 of 14 · day 20 of 28,,Story 300 · Parshat Korach
273,2027-07-08,3 Tammuz,Korach,Tinyana 1 · KST § 299 (p. 172) · Aseh 59–60,ט Tet · טם · set 13 · day 9 of 22,Malchut shebeChesed · shebeMalchut · day 7 of 49,נית · 54 of 72 · מִיָּמִן 6 · אֵלֶיךָ,Spring · 91 of 91 · Shov · F4 letter 22 · Eicha 4:22 · ת,2nd cycle 8 · day 13 of 13 · Ve'emet,Cycle 7 · day 27 of 41 · Neshamah 7 of 10 · Faithfulness,OC 545–546 · Orach Chaim · 545 of 728,Korach · D5 · P2 · C6,set 11 · 21/28 · Even HaEzer 158–159,Tinyana 1 · Zohar III 101–104,§ 299 (p. 172) · Korach,Aseh 59–60,LT Devarim · Folio 54 · day 301 of 364,Prayer 150 — second half · day 301 of 364,"Tosefta Kelim Bava Kama 5, 6, 7 &amp; Tosefta Kelim Bava Metzia 1 · Week 39 · Day 7",Proverbs 29 & 30 · Week 39 · Day 7,Tale 8 — The Rabbi and His Only Son · cycle 21 · day 13 of 13,Sichos HaRan · §273 of 308 · day 273 of 369,OC 545–546 · half-days 545 & 546,Korach,Rav Pe’alim · Vol III · Yoreh Deah 29 · Vol III · Yoreh Deah 30,Se’if ב׳ · day 13 of 13,שְׁמַע יִשְׂרָאֵל ה׳ אֶלֹקֵינוּ ה׳ אֶחָד · דברים ו:ד,Even HaEzer 158–159 · with the Shulchan Aruch,Horayot · 13a · Tammuz,Happiness — 18/20 · Happiness — 19/20,Story 75 · 76 · Korach,,Class 64 · of 118,Korach · Day 5,Day 273 · of 369,Chapter 8 · cycle 21,The Garden of Education · cycle 8 of 13,Phase 8 · day 13 of 13,Ohr Ne’erav V · Ohr Ne’erav VI · Ohr Ne’erav VII · day 13 of 13,She'ar Avot HaTumot · Tumat Ochlin · Kelim · set 11 of 14 · day 21 of 28,,Story 301 · Parshat Korach
274,2027-07-09,4 Tammuz,Korach,Tinyana 2 · KST § 300 (p. 173) · Aseh 61–62,י Yud · ים · set 13 · day 10 of 22,Chesed shebeGevurah · shebeMalchut · day 8 of 49,מבה · 55 of 72 · הַקּוֹץ 7 · אֵלֶיךָ,Summer · 1 of 91 · Ratzo · F1 letter 1 · Eicha 1:1 · א,2nd cycle 9 · day 1 of 13 · Notzer Chesed Laalafim,Cycle 7 · day 28 of 41 · Neshamah 8 of 10 · Do Not Steal,OC 547–548 · Orach Chaim · 547 of 728,Korach · D6 · P2 · C6,set 11 · 22/28 · Even HaEzer 160–161 · Adulterer 1,Tinyana 2 · Zohar III 105–106,§ 300 (p. 173) · Korach,Aseh 61–62,LT Devarim · Folio 55 · day 302 of 364,Prayer 151 — first half · day 302 of 364,Midot 1 & 2 · Week 40 · Day 1,Proverbs 31 &amp; Job 1 · Week 40 · Day 1,Tale 9 — The Clever Man and the Simple Man · cycle 22 · day 1 of 13,Sichos HaRan · §274 of 308 · day 274 of 369,OC 547–548 · half-days 547 & 548,Korach,Ben Ish Chai · Halachot,Se’if ג׳ · day 1 of 13,"בְּכָל דוֹר וָדוֹר חַיָיב אָדָם לִרְאוֹת אֶת עַצְמוֹ כְּאִלוּ הוּא יָצָא מִמִצְרָיִם · פסחים קטז,ב",Even HaEzer 160–161 · Adulterer 1 · with the Shulchan Aruch,Horayot · 13a · Tammuz,Happiness — 18/20 · Happiness — 19/20,Story 75 · 76 · Korach,,Class 65 · of 118,Korach · Day 6,Day 274 · of 369,Chapter 9 · cycle 22,The Garden of Wisdom · cycle 9 of 13,Phase 9 · day 1 of 13,Gate 1 · Gate 2 · Gate 3 · day 1 of 13,Mikvaot · Nizkei Mamon · Genevah · set 11 of 14 · day 22 of 28,,Story 302 · Parshat Korach
275,2027-07-10,5 Tammuz,Korach,Tinyana 3 · KST § 301–302 (p. 174) · Aseh 63–64,כ Kaf · כם · set 13 · day 11 of 22,Gevurah shebeGevurah · shebeMalchut · day 9 of 49,פוי · 56 of 72 · אֲבִיָּה 8 · אֵלֶיךָ,Summer · 2 of 91 · Ratzo · F1 letter 2 · Eicha 1:2 · ב,2nd cycle 9 · day 2 of 13 · Notzer Chesed Laalafim,Cycle 7 · day 29 of 41 · Neshamah 9 of 10 · Truth / No False Witness,OC 549–550 · Orach Chaim · 549 of 728,Korach · D7 · P2 · C6,set 11 · 23/28 · Even HaEzer 162–163 · Korach,Tinyana 3 · Zohar III 107–108,§ 301–302 (p. 174) · Korach,Aseh 63–64,LT Devarim · Folio 56 · day 303 of 364,Prayer 151 — second half · day 303 of 364,Midot 3 & 4 · Week 40 · Day 2,Job 2 & 3 · Week 40 · Day 2,Tale 9 — The Clever Man and the Simple Man · cycle 22 · day 2 of 13,Sichos HaRan · §275 of 308 · day 275 of 369,OC 549–550 · half-days 549 & 550,Korach,Ben Ish Chai · Drash · Korach · Drash,Se’if ד׳ · day 2 of 13,"כָּל יִשְׂרָאֵל יֵשׁ לָהֶם חֵלֶק לְעוֹלָם הַבָּא שֶׁנֶאֱמַר וְעַמֵךְ כּוּלָם צַדִיקִים לְעוֹלָם יִירְשׁוּ אָרֶץ נֵצֶר מַטָעַי מַעֲשֵׂה יָדַי לְהִתְפָּאֵר · סנהדרין צ,א",Even HaEzer 162–163 · with the Shulchan Aruch,Horayot · 13a · Tammuz,Happiness — 18/20 · Happiness — 19/20,Story 75 · 76 · Korach,,Class 66 · of 118,Sefer Yetzirah · 5:1,Day 275 · of 369,Chapter 9 · cycle 22,The Garden of Wisdom · cycle 9 of 13,Phase 9 · day 2 of 13,Gate 4 · Gate 5 · Gate 6 · day 2 of 13,Gezelah v'Avedah · Chovel u'Mazik · Rotze'ach u'Shmirat Ne · set 11 of 14 · day 23 of 28,,Story 303 · Parshat Korach
276,2027-07-11,6 Tammuz,Chukat-Balak,Tinyana 4 · KST § 303 (p. 177) · Aseh 65–66,ל Lamed · לם · set 13 · day 12 of 22,Tiferet shebeGevurah · shebeMalchut · day 10 of 49,נמם · 57 of 72 · יֵשׁוּעַ 9 · אֵלֶיךָ,Summer · 3 of 91 · Ratzo · F1 letter 3 · Eicha 1:3 · ג,2nd cycle 9 · day 3 of 13 · Notzer Chesed Laalafim,Cycle 7 · day 30 of 41 · Neshamah 10 of 10 · Do Not Covet,OC 551–552 · Orach Chaim · 551 of 728,Chukat-Balak · D1 · P3 & 4 · C6,set 11 · 24/28 · Even HaEzer 164–165,Tinyana 4 · Zohar III 109–110,§ 303 (p. 177) · Chukat-Balak,Aseh 65–66,LT Devarim · Folio 57 · day 304 of 364,Prayer 152 — first half · day 304 of 364,Midot 5 &amp; Kinim 1 · Week 40 · Day 3,Job 4 & 5 · Week 40 · Day 3,Tale 9 — The Clever Man and the Simple Man · cycle 22 · day 3 of 13,Sichos HaRan · §276 of 308 · day 276 of 369,OC 551–552 · half-days 551 & 552,Chukat-Balak,Rav Pe’alim · Vol III · Yoreh Deah 31 · Vol III · Yoreh Deah 32 · Vol III,Se’if ה׳ · day 3 of 13,כִּי קָרוֹב אֵלֶיךָ הַדָבָר מְאֹד בְּפִיךָ וּבִּלְבָבְךָ לַעֲשׂוֹתוֹ · דברים ל:יד,Even HaEzer 164–165 · with the Shulchan Aruch,Zevachim · 13b · Tammuz / Three Weeks,Happiness — 20/20 · Self-Confidence — 1/4,Story 77 · 78 · Chukat-Balak,,Class 67 · of 118,Chukat-Balak · Day 1,Day 276 · of 369,Chapter 9 · cycle 22,The Garden of Wisdom · cycle 9 of 13,Phase 9 · day 3 of 13,Gate 7 · Gate 8 · Gate 9 · day 3 of 13,Mechirah · Zechiyah u'Matanah · Shecheinim · set 11 of 14 · day 24 of 28,,Story 304 · Parshat Chukat-Balak
277,2027-07-12,7 Tammuz,Chukat-Balak,Tinyana 5 · KST § 304 (p. 177) · Aseh 67–68,מ Mem · מם · set 13 · day 13 of 22,Netzach shebeGevurah · shebeMalchut · day 11 of 49,ייל · 58 of 72 · שְׁכַנְיָהוּ 10 · אֵלֶיךָ,Summer · 4 of 91 · Ratzo · F1 letter 4 · Eicha 1:4 · ד,2nd cycle 9 · day 4 of 13 · Notzer Chesed Laalafim,Cycle 7 · day 31 of 41 · Chayah 1 of 10 · I Am the Lord,OC 553–554 · Orach Chaim · 553 of 728,Chukat-Balak · D2 · P3 & 4 · C6,set 11 · 25/28 · Even HaEzer 166–167,Tinyana 5 · Zohar III 111–112,§ 304 (p. 177) · Chukat-Balak,Aseh 67–68,LT Devarim · Folio 58 · day 305 of 364,Prayer 152 — second half · day 305 of 364,Kinim 2 & 3 · Week 40 · Day 4,Job 6 & 7 · Week 40 · Day 4,Tale 9 — The Clever Man and the Simple Man · cycle 22 · day 4 of 13,Sichos HaRan · §277 of 308 · day 277 of 369,OC 553–554 · half-days 553 & 554,Chukat-Balak,Rav Pe’alim · Vol III · Even HaEzer 3 · Vol III · Even HaEzer 4 · Vol III,Se’if ו׳ · day 4 of 13,וְהִנֵה ה׳ נִצָב עָלָיו וּמְלֹא כָל הָאָרֶץ כּבוֹדוֹ וּמַבִּיט עָלָיו וּבוֹחֵן כְּלָיוֹת וָלֵב אִם עוֹבְדוֹ כָּרָאוּי · תניא פרק מא,Even HaEzer 166–167 · with the Shulchan Aruch,Zevachim · 13b · Tammuz / Three Weeks,Happiness — 20/20 · Self-Confidence — 1/4,Story 77 · 78 · Chukat-Balak,,Class 68 · of 118,Chukat-Balak · Day 2,Day 277 · of 369,Chapter 9 · cycle 22,The Garden of Wisdom · cycle 9 of 13,Phase 9 · day 4 of 13,Gate 10 · Gate 11 · Gate 12 · day 4 of 13,Shluchin v'Shutafin · Avadim · Sechirut · set 11 of 14 · day 25 of 28,,Story 305 · Parshat Chukat-Balak
278,2027-07-13,8 Tammuz,Chukat-Balak,Tinyana 6 · KST § 305 (p. 178) · Aseh 69–70,נ Nun · נם · set 13 · day 14 of 22,Hod shebeGevurah · shebeMalchut · day 12 of 49,הרח · 59 of 72 · אֶלְיָשִׁיב 11 · אֵלֶיךָ,Summer · 5 of 91 · Ratzo · F1 letter 5 · Eicha 1:5 · ה,2nd cycle 9 · day 5 of 13 · Notzer Chesed Laalafim,Cycle 7 · day 32 of 41 · Chayah 2 of 10 · No Other Gods,OC 555–556 · Orach Chaim · 555 of 728,Chukat-Balak · D3 · P3 & 4 · C6,set 11 · 26/28 · Even HaEzer 168–169 · Rape and Seduction 1,Tinyana 6 · Zohar III 113–114,§ 305 (p. 178) · Chukat-Balak,Aseh 69–70,LT Devarim · Folio 59 · day 306 of 364,Prayer 1 · day 306 of 364,Kelim 1 & 2 · Week 40 · Day 5,Job 8 & 9 · Week 40 · Day 5,Tale 9 — The Clever Man and the Simple Man · cycle 22 · day 5 of 13,Sichos HaRan · §278 of 308 · day 278 of 369,OC 555–556 · half-days 555 & 556,Chukat-Balak,Rav Pe’alim · Vol III · Even HaEzer 7 · Vol III · Even HaEzer 8 · Vol III,Se’if ז׳ · day 5 of 13,בְּרֵאשִׁית בָּרָא אֶלֹקִים אֵת הַשָׁמַיִם וְאֵת הָאָרֶץ · בראשית א:א,Even HaEzer 168–169 · Rape and Seduction 1 · with the Shulchan Aruch,Zevachim · 13b · Tammuz / Three Weeks,Happiness — 20/20 · Self-Confidence — 1/4,Story 77 · 78 · Chukat-Balak,,Class 69 · of 118,Chukat-Balak · Day 3,Day 278 · of 369,Chapter 9 · cycle 22,The Garden of Wisdom · cycle 9 of 13,Phase 9 · day 5 of 13,Gate 13 · Gate 14 · Gate 15 · day 5 of 13,She'elah u'Fikadon · Malveh v'Loveh · To'en v'Nit'an · set 11 of 14 · day 26 of 28,,Story 306 · Parshat Chukat-Balak
279,2027-07-14,9 Tammuz,Chukat-Balak,Tinyana 7 · KST § 306 (p. 178) · Aseh 71–72,ס Samech · סם · set 13 · day 15 of 22,Yesod shebeGevurah · shebeMalchut · day 13 of 49,מצר · 60 of 72 · יָקִים 12 · אֵלֶיךָ,Summer · 6 of 91 · Ratzo · F1 letter 6 · Eicha 1:6 · ו,2nd cycle 9 · day 6 of 13 · Notzer Chesed Laalafim,Cycle 7 · day 33 of 41 · Chayah 3 of 10 · Not to Profane G-d's Name,OC 557–558 · Orach Chaim · 557 of 728,Chukat-Balak · D4 · P3 & 4 · C6,set 11 · 27/28 · Even HaEzer 170–171,Tinyana 7 · Zohar III 115–117,§ 306 (p. 178) · Chukat-Balak,Aseh 71–72,LT Devarim · Folio 60 · day 307 of 364,Prayer 2 · day 307 of 364,"Tosefta Kelim Bava Metzia 2, 3, 4, 5 · Week 40 · Day 6",Job 10 & 11 · Week 40 · Day 6,Tale 9 — The Clever Man and the Simple Man · cycle 22 · day 6 of 13,Sichos HaRan · §279 of 308 · day 279 of 369,OC 557–558 · half-days 557 & 558,Chukat-Balak,Rav Pe’alim · Vol III · Even HaEzer 11 · Vol III · Even HaEzer 12 · Vol II,Se’if ח׳ · day 6 of 13,וְשִׁנַנְתָּם לְבָנֶיךָ וְדִבַּרְתָּ בָּם בְּשִׁבְתְּךָ בְּבֵיתֶךָ וּבְלֶכְתְּךָ בַדֶרֶךְ וּבְשָׁכְבְּךָ וּבְקוּמֶךָ · דברים ו:ז,Even HaEzer 170–171 · with the Shulchan Aruch,Zevachim · 13b · Tammuz / Three Weeks,Happiness — 20/20 · Self-Confidence — 1/4,Story 77 · 78 · Chukat-Balak,,Class 70 · of 118,Chukat-Balak · Day 4,Day 279 · of 369,Chapter 9 · cycle 22,The Garden of Wisdom · cycle 9 of 13,Phase 9 · day 6 of 13,Gate 16 · Gate 17 · Gate 18 · day 6 of 13,Nachalot · Sanhedrin · Edut · set 11 of 14 · day 27 of 28,,Story 307 · Parshat Chukat-Balak
280,2027-07-15,10 Tammuz,Chukat-Balak,Tinyana 8 · KST § 307 (p. 178) · Aseh 73–74,ע Ayin · עם · set 13 · day 16 of 22,Malchut shebeGevurah · shebeMalchut · day 14 of 49,ומב · 61 of 72 · חֻפָּה 13 · אֵלֶיךָ,Summer · 7 of 91 · Ratzo · F1 letter 7 · Eicha 1:7 · ז,2nd cycle 9 · day 7 of 13 · Notzer Chesed Laalafim,Cycle 7 · day 34 of 41 · Chayah 4 of 10 · The Sabbath,OC 559–560 · Orach Chaim · 559 of 728,Chukat-Balak · D5 · P3 & 4 · C6,set 11 · 28/28 · Even HaEzer 172–173,Tinyana 8 · Zohar III 118–121,§ 307 (p. 178) · Chukat-Balak,Aseh 73–74,LT Devarim · Folio 61 · day 308 of 364,Prayer 3 · day 308 of 364,"Tosefta Kelim Bava Metzia 6, 7, 8, 9 · Week 40 · Day 7",Job 12 & 13 · Week 40 · Day 7,Tale 9 — The Clever Man and the Simple Man · cycle 22 · day 7 of 13,Sichos HaRan · §280 of 308 · day 280 of 369,OC 559–560 · half-days 559 & 560,Chukat-Balak,Rav Pe’alim · Vol III · Choshen Mishpat 3 · Vol III · Choshen Mishpat 4 ·,Se’if ט׳ · day 7 of 13,"יָגַעְתִּי וְלֹא מָצָאתִי אַל תַּאַמִין לֹא יָגַעְתִּי וּמָצָאתִי אַל תַּאַמִין יָגַעְתִּי וּמָצָאתִי תַּאַמִין · מגילה ו,ב",Even HaEzer 172–173 · with the Shulchan Aruch,Zevachim · 13b · Tammuz / Three Weeks,Happiness — 20/20 · Self-Confidence — 1/4,Story 77 · 78 · Chukat-Balak,,Class 71 · of 118,Chukat-Balak · Day 5,Day 280 · of 369,Chapter 9 · cycle 22,The Garden of Wisdom · cycle 9 of 13,Phase 9 · day 7 of 13,Gate 19 · Gate 20 · Gate 21 · day 7 of 13,Mamrim · Evel · Melachim u'Milchamos · set 11 of 14 · day 28 of 28,,Story 308 · Parshat Chukat-Balak
281,2027-07-16,11 Tammuz,Chukat-Balak,Tinyana 9 · KST § 308 (p. 179) · Aseh 75–76,פ Peh · פם · set 13 · day 17 of 22,Chesed shebeTiferet · shebeMalchut · day 15 of 49,יהה · 62 of 72 · יֶשֶׁבְאָב 14 · אֵלֶיךָ,Summer · 8 of 91 · Ratzo · F1 letter 8 · Eicha 1:8 · ח,2nd cycle 9 · day 8 of 13 · Notzer Chesed Laalafim,Cycle 7 · day 35 of 41 · Chayah 5 of 10 · Honor Parents,OC 561–562 · Orach Chaim · 561 of 728,Chukat-Balak · D6 · P3 & 4 · C6,set 12 · 1/28 · Even HaEzer 174–175,Tinyana 9 · Zohar III 122–123,§ 308 (p. 179) · Chukat-Balak,Aseh 75–76,LT Devarim · Folio 62 · day 309 of 364,Prayer 4 · day 309 of 364,Kelim 3 & 4 · Week 41 · Day 1,Job 14 & 15 · Week 41 · Day 1,Tale 9 — The Clever Man and the Simple Man · cycle 22 · day 8 of 13,Sichos HaRan · §281 of 308 · day 281 of 369,OC 561–562 · half-days 561 & 562,Chukat-Balak,Ben Ish Chai · Halachot,Se’if י׳ · day 8 of 13,וְאָהַבְתָּ לְרֵעַךָ כָּמוֹךָ – רַבִּי עַקִיבָא אוֹמֵר זֶה כְּלָל גָדוֹל בַּתּוֹרָה · ויקרא יט:יח,Even HaEzer 174–175 · with the Shulchan Aruch,Zevachim · 13b · Tammuz / Three Weeks,Happiness — 20/20 · Self-Confidence — 1/4,Story 77 · 78 · Chukat-Balak,,Class 72 · of 118,Chukat-Balak · Day 6,Day 281 · of 369,Chapter 9 · cycle 22,The Garden of Wisdom · cycle 9 of 13,Phase 9 · day 8 of 13,Gate 22 · Gate 23 · Gate 24 · day 8 of 13,Enumeration of the 613 Mitzvos · Yesodei HaTorah · De'ot · set 12 of 14 · day 1 of 28,,Story 309 · Parshat Chukat-Balak
282,2027-07-17,12 Tammuz,Chukat-Balak,Tinyana 10 · KST § 309–310 (p. 179) · Aseh 77–78,צ Tzaddik · צם · set 13 · day 18 of 22,Gevurah shebeTiferet · shebeMalchut · day 16 of 49,ענו · 63 of 72 · בִּלְגָּה 15 · אֵלֶיךָ,Summer · 9 of 91 · Ratzo · F1 letter 9 · Eicha 1:9 · ט,2nd cycle 9 · day 9 of 13 · Notzer Chesed Laalafim,Cycle 7 · day 36 of 41 · Chayah 6 of 10 · Do Not Murder,OC 563–564 · Orach Chaim · 563 of 728,Chukat-Balak · D7 · P3 & 4 · C6,set 12 · 2/28 · Even HaEzer 176 · Judges 1 · Chukat-Balak,Tinyana 10 · Zohar III 124–125,§ 309–310 (p. 179) · Chukat-Balak,Aseh 77–78,LT Devarim · Folio 63 · day 310 of 364,Prayer 5 · day 310 of 364,Kelim 5 & 6 · Week 41 · Day 2,Job 16 & 17 · Week 41 · Day 2,Tale 9 — The Clever Man and the Simple Man · cycle 22 · day 9 of 13,Sichos HaRan · §282 of 308 · day 282 of 369,OC 563–564 · half-days 563 & 564,Chukat-Balak,Ben Ish Chai · Drash · Chukat · Drash · Balak · Drash,Se’if י״א · day 9 of 13,וְזֶה כָּל הָאָדָם וְתַכְלִית בְּרִיאָתוֹ וּבְרִיאַת כָּל הָעוֹלָמוֹת עֶלְיוֹנִים וְתַּחְתּוֹנִים לִהְיוֹת לוֹ דִירָה זוֹ בְּתַּחְתּוֹנִים · תניא פרק לג,Even HaEzer 176 · Judges 1 · with the Shulchan Aruch,Zevachim · 13b · Tammuz / Three Weeks,Happiness — 20/20 · Self-Confidence — 1/4,Story 77 · 78 · Chukat-Balak,,Class 73 · of 118,Sefer Yetzirah · 5:2,Day 282 · of 369,Chapter 9 · cycle 22,The Garden of Wisdom · cycle 9 of 13,Phase 9 · day 9 of 13,Gate 25 · Gate 26 · Gate 27 · day 9 of 13,Talmud Torah · Avodah Zarah · Teshuvah · set 12 of 14 · day 2 of 28,,Story 310 · Parshat Chukat-Balak
283,2027-07-18,13 Tammuz,Pinchas,Tinyana 11 · KST § 319 (p. 183) · Aseh 79–80,ק Kuf · קם · set 13 · day 19 of 22,Tiferet shebeTiferet · shebeMalchut · day 17 of 49,מחי · 64 of 72 · אִמֵּר 16 · אֵלֶיךָ,Summer · 10 of 91 · Ratzo · F1 letter 10 · Eicha 1:10 · י,2nd cycle 9 · day 10 of 13 · Notzer Chesed Laalafim,Cycle 7 · day 37 of 41 · Chayah 7 of 10 · Faithfulness,OC 565–566 · Orach Chaim · 565 of 728,Pinchas · D1 · P5 · C6,set 12 · 3/28 · Judges 2–3,Tinyana 11 · Zohar III 126–127,§ 319 (p. 183) · Pinchas,Aseh 79–80,LT Devarim · Folio 64 · day 311 of 364,Prayer 6 · day 311 of 364,Kelim 7 & 8 · Week 41 · Day 3,Job 18 & 19 · Week 41 · Day 3,Tale 9 — The Clever Man and the Simple Man · cycle 22 · day 10 of 13,Sichos HaRan · §283 of 308 · day 283 of 369,OC 565–566 · half-days 565 & 566,Pinchas,Rav Pe’alim · Vol III · Choshen Mishpat 7 · Vol III · Choshen Mishpat 8,Se’if י״ב · day 10 of 13,יִשְׂמַח יִשְׂרָאֵל בְּעוֹשָׂיו פֵּירוּש שֶׁכָּל מִי שֶׁהוּא מִזֶרַע יִשְׂרָאֵל יֵשׁ לוֹ לִשְׂמוֹחַ בְּשִׂמְחַת ה׳ אַשֶׁר שָׂשׂ וְשָׂמֵחַ בְּדִירָתוֹ בְּתַּחְתּוֹנִים · תניא פרק לג,Judges 2–3,Zevachim · 13b · Tammuz / Three Weeks,Self-Confidence — 4/4 · Gratitude — 1/27,Story 81 · 82 · Pinchas,,Class 74 · of 118,Pinchas · Day 1,Day 283 · of 369,Chapter 9 · cycle 22,The Garden of Wisdom · cycle 9 of 13,Phase 9 · day 10 of 13,Gate 28 · Gate 29 · Gate 30 · day 10 of 13,"Kriat Shema · Tefilah u'Birkat Kohanim · Tefillin, Mezuzah · set 12 of 14 · day 3 of 28",,Story 311 · Parshat Pinchas
284,2027-07-19,14 Tammuz,Pinchas,Tinyana 12 · KST § 320 (p. 189) · Aseh 81–82,ר Reish · רם · set 13 · day 20 of 22,Netzach shebeTiferet · shebeMalchut · day 18 of 49,דמב · 65 of 72 · חֵזִיר 17 · אֵלֶיךָ,Summer · 11 of 91 · Ratzo · F1 letter 11 · Eicha 1:11 · כ,2nd cycle 9 · day 11 of 13 · Notzer Chesed Laalafim,Cycle 7 · day 38 of 41 · Chayah 8 of 10 · Do Not Steal,OC 567–568 · Orach Chaim · 567 of 728,Pinchas · D2 · P5 · C6,set 12 · 4/28 · Judges 4 · Testimony 1,Tinyana 12 · Zohar III 128–129,§ 320 (p. 189) · Pinchas,Aseh 81–82,LT Devarim · Folio 65 · day 312 of 364,Prayer 7 · day 312 of 364,Kelim 9 & 10 · Week 41 · Day 4,Job 20 & 21 · Week 41 · Day 4,Tale 9 — The Clever Man and the Simple Man · cycle 22 · day 11 of 13,Sichos HaRan · §284 of 308 · day 284 of 369,OC 567–568 · half-days 567 & 568,Pinchas,Rav Pe’alim · Vol III · Sod Yesharim 1 · Vol III · Sod Yesharim 2,Overview · day 11 of 13,"All twelve · Mivtza Chinuch, 5736",Judges 4 · Testimony 1,Zevachim · 13b · Tammuz / Three Weeks,Self-Confidence — 4/4 · Gratitude — 1/27,Story 81 · 82 · Pinchas,,Class 75 · of 118,Pinchas · Day 2,Day 284 · of 369,Chapter 9 · cycle 22,The Garden of Wisdom · cycle 9 of 13,Phase 9 · day 11 of 13,Gate 31 · Gate 32 · Ohr Ne’erav I · day 11 of 13,Tzitzit · Berachot · Milah · set 12 of 14 · day 4 of 28,,Story 312 · Parshat Pinchas
285,2027-07-20,15 Tammuz,Pinchas,Tinyana 13 · KST § 321 (p. 200) · Aseh 83–84,ש Shin · שם · set 13 · day 21 of 22,Hod shebeTiferet · shebeMalchut · day 19 of 49,מנק · 66 of 72 · הַפִּצֵּץ 18 · אֵלֶיךָ,Summer · 12 of 91 · Ratzo · F1 letter 12 · Eicha 1:12 · ל,2nd cycle 9 · day 12 of 13 · Notzer Chesed Laalafim,Cycle 7 · day 39 of 41 · Chayah 9 of 10 · Truth / No False Witness,OC 569–570 · Orach Chaim · 569 of 728,Pinchas · D3 · P5 · C6,set 12 · 5/28 · Testimony 2–3,Tinyana 13 · Zohar III 130–131,§ 321 (p. 200) · Pinchas,Aseh 83–84,LT Devarim · Folio 66 · day 313 of 364,Prayer 8 · day 313 of 364,Kelim 11 & 12 · Week 41 · Day 5,Job 22 & 23 · Week 41 · Day 5,Tale 9 — The Clever Man and the Simple Man · cycle 22 · day 12 of 13,Sichos HaRan · §285 of 308 · day 285 of 369,OC 569–570 · half-days 569 & 570,Pinchas,Rav Pe’alim · Vol III · Sod Yesharim 3 · Vol III · Sod Yesharim 4,Se’if א׳ · day 12 of 13,תּוֹרָה צִוָה לָנוּ מֹשֶׁה מוֹרָשָׁה קְהִלַת יַעֲקֹב · דברים לג:ד,Testimony 2–3,Zevachim · 13b · Tammuz / Three Weeks,Self-Confidence — 4/4 · Gratitude — 1/27,Story 81 · 82 · Pinchas,,Class 76 · of 118,Pinchas · Day 3,Day 285 · of 369,Chapter 9 · cycle 22,The Garden of Wisdom · cycle 9 of 13,Phase 9 · day 12 of 13,Ohr Ne’erav II · Ohr Ne’erav III · Ohr Ne’erav IV · day 12 of 13,Shabbat · Eruvin · Shevitat Asor · set 12 of 14 · day 5 of 28,,Story 313 · Parshat Pinchas
286,2027-07-21,16 Tammuz,Pinchas,Tinyana 14 · KST § 322 (p. 200) · Aseh 85–86,ת Tav · תם · set 13 · day 22 of 22,Yesod shebeTiferet · shebeMalchut · day 20 of 49,איע · 67 of 72 · פְּתַחְיָה 19 · אֵלֶיךָ,Summer · 13 of 91 · Ratzo · F1 letter 13 · Eicha 1:13 · מ,2nd cycle 9 · day 13 of 13 · Notzer Chesed Laalafim,Cycle 7 · day 40 of 41 · Chayah 10 of 10 · Do Not Covet,OC 571–572 · Orach Chaim · 571 of 728,Pinchas · D4 · P5 · C6,set 12 · 6/28 · Testimony 4–5,Tinyana 14 · Zohar III 132–133,§ 322 (p. 200) · Pinchas,Aseh 85–86,LT Devarim · Folio 67 · day 314 of 364,Prayer 9 · day 314 of 364,"Tosefta Kelim Bava Metzia 10, 11 &amp; Tosefta Kelim Bava Batra 1, 2 · Week 41 · Day 6",Job 24 & 25 · Week 41 · Day 6,Tale 9 — The Clever Man and the Simple Man · cycle 22 · day 13 of 13,Sichos HaRan · §286 of 308 · day 286 of 369,OC 571–572 · half-days 571 & 572,Pinchas,Rav Pe’alim · Vol III · Sod Yesharim 5 · Vol III · Sod Yesharim 6,Se’if ב׳ · day 13 of 13,שְׁמַע יִשְׂרָאֵל ה׳ אֶלֹקֵינוּ ה׳ אֶחָד · דברים ו:ד,Testimony 4–5,Zevachim · 13b · Tammuz / Three Weeks,Self-Confidence — 4/4 · Gratitude — 1/27,Story 81 · 82 · Pinchas,,Class 77 · of 118,Pinchas · Day 4,Day 286 · of 369,Chapter 9 · cycle 22,The Garden of Wisdom · cycle 9 of 13,Phase 9 · day 13 of 13,Ohr Ne’erav V · Ohr Ne’erav VI · Ohr Ne’erav VII · day 13 of 13,"Shevitat Yom Tov · Chametz u'Matzah · Shofar, Sukkah v'Lul · set 12 of 14 · day 6 of 28",,Story 314 · Parshat Pinchas
287,2027-07-22,17 Tammuz,Pinchas,Tinyana 15 · KST § 323 (p. 201) · Aseh 87–88,א Alef · אן · set 14 · day 1 of 22,Malchut shebeTiferet · shebeMalchut · day 21 of 49,חבו · 68 of 72 · יְחֶזְקֵאל 20 · אֵלֶיךָ,Summer · 14 of 91 · Ratzo · F1 letter 14 · Eicha 1:14 · נ,2nd cycle 10 · day 1 of 13 · Noseh Avon,,OC 573–574 · Orach Chaim · 573 of 728,Pinchas · D5 · P5 · C6,set 12 · 7/28 · Loans 1–2,Tinyana 15 · Zohar III 134–137,§ 323 (p. 201) · Pinchas,Aseh 87–88,LT Devarim · Folio 68 · day 315 of 364,Prayer 10 · day 315 of 364,"Tosefta Kelim Bava Batra 3, 4, 5, 6 · Week 41 · Day 7",Job 26 & 27 · Week 41 · Day 7,Tale 10 — The Burgher and the Pauper · cycle 23 · day 1 of 13,Sichos HaRan · §287 of 308 · day 287 of 369,OC 573–574 · half-days 573 & 574,Pinchas,Rav Pe’alim · Vol III · Sod Yesharim 7 · Vol III · Sod Yesharim 8,Se’if ג׳ · day 1 of 13,"בְּכָל דוֹר וָדוֹר חַיָיב אָדָם לִרְאוֹת אֶת עַצְמוֹ כְּאִלוּ הוּא יָצָא מִמִצְרָיִם · פסחים קטז,ב",Loans 1–2,Menachot · 14a · Three Weeks,Self-Confidence — 4/4 · Gratitude — 1/27,Story 81 · 82 · Pinchas,,Class 78 · of 118,Pinchas · Day 5,Day 287 · of 369,Chapter 10 · cycle 23,The Garden of Purity · cycle 10 of 13,Phase 10 · day 1 of 13,Gate 1 · Gate 2 · Gate 3 · day 1 of 13,Shekalim · Kiddush HaChodesh · Ta'aniyot · set 12 of 14 · day 7 of 28,,Story 315 · Parshat Pinchas
288,2027-07-23,18 Tammuz,Pinchas,Tinyana 16 · KST § 324 (p. 201) · Aseh 89–90,ב Bet · בן · set 14 · day 2 of 22,Chesed shebeNetzach · shebeMalchut · day 22 of 49,ראה · 69 of 72 · יָכִין 21 · אֵלֶיךָ,Summer · 15 of 91 · Ratzo · F1 letter 15 · Eicha 1:15 · ס,2nd cycle 10 · day 2 of 13 · Noseh Avon,Cycle 8 · day 1 of 41 · Nefesh 1 of 10 · I Am the Lord,OC 575–576 · Orach Chaim · 575 of 728,Pinchas · D6 · P5 · C6,set 12 · 8/28 · Loans 3–4,Tinyana 16 · Zohar III 138–139,§ 324 (p. 201) · Pinchas,Aseh 89–90,LT Devarim · Folio 69 · day 316 of 364,Prayer 11 · day 316 of 364,Kelim 13 & 14 · Week 42 · Day 1,Job 28 & 29 · Week 42 · Day 1,Tale 10 — The Burgher and the Pauper · cycle 23 · day 2 of 13,Sichos HaRan · §288 of 308 · day 288 of 369,OC 575–576 · half-days 575 & 576,Pinchas,Ben Ish Chai · Halachot,Se’if ד׳ · day 2 of 13,"כָּל יִשְׂרָאֵל יֵשׁ לָהֶם חֵלֶק לְעוֹלָם הַבָּא שֶׁנֶאֱמַר וְעַמֵךְ כּוּלָם צַדִיקִים לְעוֹלָם יִירְשׁוּ אָרֶץ נֵצֶר מַטָעַי מַעֲשֵׂה יָדַי לְהִתְפָּאֵר · סנהדרין צ,א",Loans 3–4,Menachot · 14a · Three Weeks,Self-Confidence — 4/4 · Gratitude — 1/27,Story 81 · 82 · Pinchas,,Class 79 · of 118,Pinchas · Day 6,Day 288 · of 369,Chapter 10 · cycle 23,The Garden of Purity · cycle 10 of 13,Phase 10 · day 2 of 13,Gate 4 · Gate 5 · Gate 6 · day 2 of 13,Megillah v'Chanukah · Ishut · Geirushin · set 12 of 14 · day 8 of 28,,Story 316 · Parshat Pinchas
289,2027-07-24,19 Tammuz,Pinchas,Tinyana 17 · KST § 325–326 (p. 202) · Aseh 91–92,ג Gimmel · גן · set 14 · day 3 of 22,Gevurah shebeNetzach · shebeMalchut · day 23 of 49,יבמ · 70 of 72 · גָּמוּל 22 · אֵלֶיךָ,Summer · 16 of 91 · Ratzo · F1 letter 16 · Eicha 1:16 · ע,2nd cycle 10 · day 3 of 13 · Noseh Avon,Cycle 8 · day 2 of 41 · Nefesh 2 of 10 · No Other Gods,OC 577–578 · Orach Chaim · 577 of 728,Pinchas · D7 · P5 · C6,set 12 · 9/28 · Loans 5 · Plaintiffs and Defendants 1 · Pinchas,Tinyana 17 · Zohar III 140–141,§ 325–326 (p. 202) · Pinchas,Aseh 91–92,LT Devarim · Folio 70 · day 317 of 364,Prayer 12 · day 317 of 364,Kelim 15 & 16 · Week 42 · Day 2,Job 30 & 31 · Week 42 · Day 2,Tale 10 — The Burgher and the Pauper · cycle 23 · day 3 of 13,Sichos HaRan · §289 of 308 · day 289 of 369,OC 577–578 · half-days 577 & 578,Pinchas,Ben Ish Chai · Drash · Pinchas · Drash,Se’if ה׳ · day 3 of 13,כִּי קָרוֹב אֵלֶיךָ הַדָבָר מְאֹד בְּפִיךָ וּבִּלְבָבְךָ לַעֲשׂוֹתוֹ · דברים ל:יד,Loans 5 · Plaintiffs and Defendants 1,Menachot · 14a · Three Weeks,Self-Confidence — 4/4 · Gratitude — 1/27,Story 81 · 82 · Pinchas,,Class 80 · of 118,Sefer Yetzirah · 5:4,Day 289 · of 369,Chapter 10 · cycle 23,The Garden of Purity · cycle 10 of 13,Phase 10 · day 3 of 13,Gate 7 · Gate 8 · Gate 9 · day 3 of 13,Yibum v'Chalitzah · Na'arah Betulah · Sotah · set 12 of 14 · day 9 of 28,,Story 317 · Parshat Pinchas
290,2027-07-25,20 Tammuz,Matot-Masei,Tinyana 18 · KST § 327 (p. 203) · Aseh 93–94,ד Dalet · דן · set 14 · day 4 of 22,Tiferet shebeNetzach · shebeMalchut · day 24 of 49,היי · 71 of 72 · דְּלָיָהוּ 23 · אֵלֶיךָ,Summer · 17 of 91 · Ratzo · F1 letter 17 · Eicha 1:17 · פ,2nd cycle 10 · day 4 of 13 · Noseh Avon,Cycle 8 · day 3 of 41 · Nefesh 3 of 10 · Not to Profane G-d's Name,OC 579–580 · Orach Chaim · 579 of 728,Matot-Masei · D1 · P6 & 1 · C6 & 7,set 12 · 10/28 · Plaintiffs and Defendants 2–3,Tinyana 18 · Zohar III 142–143,§ 327 (p. 203) · Matot-Masei,Aseh 93–94,LT Devarim · Folio 71 · day 318 of 364,Prayer 13 · day 318 of 364,Kelim 17 & 18 · Week 42 · Day 3,Job 32 & 33 · Week 42 · Day 3,Tale 10 — The Burgher and the Pauper · cycle 23 · day 4 of 13,Sichos HaRan · §290 of 308 · day 290 of 369,OC 579–580 · half-days 579 & 580,Matot · none for Masei,Rav Pe’alim · Vol III · Sod Yesharim 9 · Vol III · Sod Yesharim 10 · Vol I,Se’if ו׳ · day 4 of 13,וְהִנֵה ה׳ נִצָב עָלָיו וּמְלֹא כָל הָאָרֶץ כּבוֹדוֹ וּמַבִּיט עָלָיו וּבוֹחֵן כְּלָיוֹת וָלֵב אִם עוֹבְדוֹ כָּרָאוּי · תניא פרק מא,Plaintiffs and Defendants 2–3,Menachot · 14a · Three Weeks,Gratitude — 2/27 · Gratitude — 3/27,Devarim Story 1 · 2 · Matot-Masei,,Class 81 · of 118,Matot-Masei · Day 1,Day 290 · of 369,Chapter 10 · cycle 23,The Garden of Purity · cycle 10 of 13,Phase 10 · day 4 of 13,Gate 10 · Gate 11 · Gate 12 · day 4 of 13,Issurei Biah · Ma'achalot Assurot · Shechitah · set 12 of 14 · day 10 of 28,,Story 318 · Parshat Matot-Masei
291,2027-07-26,21 Tammuz,Matot-Masei,Tinyana 19 · KST § 328 (p. 203) · Aseh 95–96,ה Heh · הן · set 14 · day 5 of 22,Netzach shebeNetzach · shebeMalchut · day 25 of 49,מום · 72 of 72 · מַעַזְיָהוּ 24 · אֵלֶיךָ,Summer · 18 of 91 · Ratzo · F1 letter 18 · Eicha 1:18 · צ,2nd cycle 10 · day 5 of 13 · Noseh Avon,Cycle 8 · day 4 of 41 · Nefesh 4 of 10 · The Sabbath,OC 581–582 · Orach Chaim · 581 of 728,Matot-Masei · D2 · P6 & 1 · C6 & 7,set 12 · 11/28 · Plaintiffs and Defendants 4–5,Tinyana 19 · Zohar III 144–145,§ 328 (p. 203) · Matot-Masei,Aseh 95–96,LT Devarim · Folio 72 · day 319 of 364,Prayer 14 · day 319 of 364,Kelim 19 & 20 · Week 42 · Day 4,Job 34 & 35 · Week 42 · Day 4,Tale 10 — The Burgher and the Pauper · cycle 23 · day 5 of 13,Sichos HaRan · §291 of 308 · day 291 of 369,OC 581–582 · half-days 581 & 582,Matot · none for Masei,Rav Pe’alim · Vol III · Sod Yesharim 13 · Vol III · Kuntres Beit Tefillah,Se’if ז׳ · day 5 of 13,בְּרֵאשִׁית בָּרָא אֶלֹקִים אֵת הַשָׁמַיִם וְאֵת הָאָרֶץ · בראשית א:א,Plaintiffs and Defendants 4–5,Menachot · 14a · Three Weeks,Gratitude — 2/27 · Gratitude — 3/27,Devarim Story 1 · 2 · Matot-Masei,,Class 82 · of 118,Matot-Masei · Day 2,Day 291 · of 369,Chapter 10 · cycle 23,The Garden of Purity · cycle 10 of 13,Phase 10 · day 5 of 13,Gate 13 · Gate 14 · Gate 15 · day 5 of 13,Shevuot · Nedarim · Nezirut · set 12 of 14 · day 11 of 28,,Story 319 · Parshat Matot-Masei
292,2027-07-27,22 Tammuz,Matot-Masei,Tinyana 20 · KST § 329 (p. 204) · Aseh 97–98,ו Vav · ון · set 14 · day 6 of 22,Hod shebeNetzach · shebeMalchut · day 26 of 49,,Summer · 19 of 91 · Ratzo · F1 letter 19 · Eicha 1:19 · ק,2nd cycle 10 · day 6 of 13 · Noseh Avon,Cycle 8 · day 5 of 41 · Nefesh 5 of 10 · Honor Parents,OC 583–584 · Orach Chaim · 583 of 728,Matot-Masei · D3 · P6 & 1 · C6 & 7,set 12 · 12/28 · Collecting Loans 1–2,Tinyana 20 · Zohar III 146–147,§ 329 (p. 204) · Matot-Masei,Aseh 97–98,LT Devarim · Folio 73 · day 320 of 364,Prayer 15 · day 320 of 364,Kelim 21 & 22 · Week 42 · Day 5,Job 36 & 37 · Week 42 · Day 5,Tale 10 — The Burgher and the Pauper · cycle 23 · day 6 of 13,Sichos HaRan · §292 of 308 · day 292 of 369,OC 583–584 · half-days 583 & 584,Matot · none for Masei,Rav Pe’alim · Vol IV · Index 3 · Vol IV · Index 4 · Vol IV · Orach Chayim,Se’if ח׳ · day 6 of 13,וְשִׁנַנְתָּם לְבָנֶיךָ וְדִבַּרְתָּ בָּם בְּשִׁבְתְּךָ בְּבֵיתֶךָ וּבְלֶכְתְּךָ בַדֶרֶךְ וּבְשָׁכְבְּךָ וּבְקוּמֶךָ · דברים ו:ז,Collecting Loans 1–2,Menachot · 14a · Three Weeks,Gratitude — 2/27 · Gratitude — 3/27,Devarim Story 1 · 2 · Matot-Masei,,Class 83 · of 118,Matot-Masei · Day 3,Day 292 · of 369,Chapter 10 · cycle 23,The Garden of Purity · cycle 10 of 13,Phase 10 · day 6 of 13,Gate 16 · Gate 17 · Gate 18 · day 6 of 13,Erchin v'Charamin · Kilayim · Matnot Aniyim · set 12 of 14 · day 12 of 28,,Story 320 · Parshat Matot-Masei
293,2027-07-28,23 Tammuz,Matot-Masei,Tinyana 21 · KST § 330 (p. 205) · Aseh 99–100,ז Zayin · זן · set 14 · day 7 of 22,Yesod shebeNetzach · shebeMalchut · day 27 of 49,והו · 1 of 72 · יְהוֹיָרִיב 1 · וְיָשֵׂם,Summer · 20 of 91 · Ratzo · F1 letter 20 · Eicha 1:20 · ר,2nd cycle 10 · day 7 of 13 · Noseh Avon,Cycle 8 · day 6 of 41 · Nefesh 6 of 10 · Do Not Murder,OC 585–586 · Orach Chaim · 585 of 728,Matot-Masei · D4 · P6 & 1 · C6 & 7,set 12 · 13/28 · Collecting Loans 3–4,Tinyana 21 · Zohar III 148–149,§ 330 (p. 205) · Matot-Masei,Aseh 99–100,LT Devarim · Folio 74 · day 321 of 364,Prayer 16 · day 321 of 364,"Tosefta Kelim Bava Batra 7 &amp; Tosefta Ohalot 1, 2, 3 · Week 42 · Day 6",Job 38 & 39 · Week 42 · Day 6,Tale 10 — The Burgher and the Pauper · cycle 23 · day 7 of 13,Sichos HaRan · §293 of 308 · day 293 of 369,OC 585–586 · half-days 585 & 586,Matot · none for Masei,Rav Pe’alim · Vol IV · Orach Chayim 3 · Vol IV · Orach Chayim 4 · Vol IV ·,Se’if ט׳ · day 7 of 13,"יָגַעְתִּי וְלֹא מָצָאתִי אַל תַּאַמִין לֹא יָגַעְתִּי וּמָצָאתִי אַל תַּאַמִין יָגַעְתִּי וּמָצָאתִי תַּאַמִין · מגילה ו,ב",Collecting Loans 3–4,Menachot · 14a · Three Weeks,Gratitude — 2/27 · Gratitude — 3/27,Devarim Story 1 · 2 · Matot-Masei,,Class 84 · of 118,Matot-Masei · Day 4,Day 293 · of 369,Chapter 10 · cycle 23,The Garden of Purity · cycle 10 of 13,Phase 10 · day 7 of 13,Gate 19 · Gate 20 · Gate 21 · day 7 of 13,Terumot · Ma'aserot · Ma'aser Sheni v'Neta Revai · set 12 of 14 · day 13 of 28,,Story 321 · Parshat Matot-Masei
294,2027-07-29,24 Tammuz,Matot-Masei,Tinyana 22 · KST § 331 (p. 206) · Aseh 101–102,ח Chet · חן · set 14 · day 8 of 22,Malchut shebeNetzach · shebeMalchut · day 28 of 49,ילי · 2 of 72 · יְדַעְיָה 2 · וְיָשֵׂם,Summer · 21 of 91 · Ratzo · F1 letter 21 · Eicha 1:21 · ש,2nd cycle 10 · day 8 of 13 · Noseh Avon,Cycle 8 · day 7 of 41 · Nefesh 7 of 10 · Faithfulness,OC 587–588 · Orach Chaim · 587 of 728,Matot-Masei · D5 · P6 & 1 · C6 & 7,set 12 · 14/28 · Collecting Loans from Orphans 1–2,Tinyana 22 · Zohar III 150–153,§ 331 (p. 206) · Matot-Masei,Aseh 101–102,LT Devarim · Folio 75 · day 322 of 364,Prayer 17 · day 322 of 364,"Tosefta Ohalot 4, 5, 6, 7 · Week 42 · Day 7",Job 40 & 41 · Week 42 · Day 7,Tale 10 — The Burgher and the Pauper · cycle 23 · day 8 of 13,Sichos HaRan · §294 of 308 · day 294 of 369,OC 587–588 · half-days 587 & 588,Matot · none for Masei,Rav Pe’alim · Vol IV · Orach Chayim 7 · Vol IV · Orach Chayim 8 · Vol IV ·,Se’if י׳ · day 8 of 13,וְאָהַבְתָּ לְרֵעַךָ כָּמוֹךָ – רַבִּי עַקִיבָא אוֹמֵר זֶה כְּלָל גָדוֹל בַּתּוֹרָה · ויקרא יט:יח,Collecting Loans from Orphans 1–2,Menachot · 14a · Three Weeks,Gratitude — 2/27 · Gratitude — 3/27,Devarim Story 1 · 2 · Matot-Masei,,Class 85 · of 118,Matot-Masei · Day 5,Day 294 · of 369,Chapter 10 · cycle 23,The Garden of Purity · cycle 10 of 13,Phase 10 · day 8 of 13,Gate 22 · Gate 23 · Gate 24 · day 8 of 13,Bikkurim · Shemitah v'Yovel · Beit HaBechirah · set 12 of 14 · day 14 of 28,,Story 322 · Parshat Matot-Masei
295,2027-07-30,25 Tammuz,Matot-Masei,Tinyana 23 · KST § 332 (p. 206) · Aseh 103–104,ט Tet · טן · set 14 · day 9 of 22,Chesed shebeHod · shebeMalchut · day 29 of 49,סיט · 3 of 72 · חָרִם 3 · וְיָשֵׂם,Summer · 22 of 91 · Ratzo · F1 letter 22 · Eicha 1:22 · ת,2nd cycle 10 · day 9 of 13 · Noseh Avon,Cycle 8 · day 8 of 41 · Nefesh 8 of 10 · Do Not Steal,OC 589–590 · Orach Chaim · 589 of 728,Matot-Masei · D6 · P6 & 1 · C6 & 7,set 12 · 15/28 · Collecting Loans from Orphans 3–4,Tinyana 23 · Zohar III 154–155,§ 332 (p. 206) · Matot-Masei,Aseh 103–104,LT Devarim · Folio 76 · day 323 of 364,Prayer 18 · day 323 of 364,Kelim 23 & 24 · Week 43 · Day 1,Job 42 &amp; Shir HaShirim 1 · Week 43 · Day 1,Tale 10 — The Burgher and the Pauper · cycle 23 · day 9 of 13,Sichos HaRan · §295 of 308 · day 295 of 369,OC 589–590 · half-days 589 & 590,Matot · none for Masei,Ben Ish Chai · Halachot,Se’if י״א · day 9 of 13,וְזֶה כָּל הָאָדָם וְתַכְלִית בְּרִיאָתוֹ וּבְרִיאַת כָּל הָעוֹלָמוֹת עֶלְיוֹנִים וְתַּחְתּוֹנִים לִהְיוֹת לוֹ דִירָה זוֹ בְּתַּחְתּוֹנִים · תניא פרק לג,Collecting Loans from Orphans 3–4,Menachot · 14a · Three Weeks,Gratitude — 2/27 · Gratitude — 3/27,Devarim Story 1 · 2 · Matot-Masei,,Class 86 · of 118,Matot-Masei · Day 6,Day 295 · of 369,Chapter 10 · cycle 23,The Garden of Purity · cycle 10 of 13,Phase 10 · day 9 of 13,Gate 25 · Gate 26 · Gate 27 · day 9 of 13,Klei HaMikdash · Biat HaMikdash · Issurei Mizbe'ach · set 12 of 14 · day 15 of 28,,Story 323 · Parshat Matot-Masei
296,2027-07-31,26 Tammuz,Matot-Masei,Tinyana 24 · KST § 333–334 (p. 208) · Aseh 105–106,י Yud · ין · set 14 · day 10 of 22,Gevurah shebeHod · shebeMalchut · day 30 of 49,עלם · 4 of 72 · שְׂעֹרִים 4 · וְיָשֵׂם,Summer · 23 of 91 · Right Kidney · Eicha 5,2nd cycle 10 · day 10 of 13 · Noseh Avon,Cycle 8 · day 9 of 41 · Nefesh 9 of 10 · Truth / No False Witness,OC 591–592 · Orach Chaim · 591 of 728,Matot-Masei · D7 · P6 & 1 · C6 & 7,set 12 · 16/28 · Collecting Loans from Orphans 5 · Collecting Loans from Purchasers and Laws Designated Collection 1 · Matot-Masei,Tinyana 24 · Zohar III 156–157,§ 333–334 (p. 208) · Matot-Masei,Aseh 105–106,LT Devarim · Folio 77 · day 324 of 364,Prayer 19 · day 324 of 364,Kelim 25 & 26 · Week 43 · Day 2,Shir HaShirim 2 & 3 · Week 43 · Day 2,Tale 10 — The Burgher and the Pauper · cycle 23 · day 10 of 13,Sichos HaRan · §296 of 308 · day 296 of 369,OC 591–592 · half-days 591 & 592,Matot · none for Masei,Ben Ish Chai · Drash · Matot · Drash · Masei · Drash,Se’if י״ב · day 10 of 13,יִשְׂמַח יִשְׂרָאֵל בְּעוֹשָׂיו פֵּירוּש שֶׁכָּל מִי שֶׁהוּא מִזֶרַע יִשְׂרָאֵל יֵשׁ לוֹ לִשְׂמוֹחַ בְּשִׂמְחַת ה׳ אַשֶׁר שָׂשׂ וְשָׂמֵחַ בְּדִירָתוֹ בְּתַּחְתּוֹנִים · תניא פרק לג,Collecting Loans from Orphans 5 · Collecting Loans from Purchasers and Laws Designated Collection 1,Menachot · 14a · Three Weeks,Gratitude — 2/27 · Gratitude — 3/27,Devarim Story 1 · 2 · Matot-Masei,,Class 87 · of 118,Sefer Yetzirah · 5:5,Day 296 · of 369,Chapter 10 · cycle 23,The Garden of Purity · cycle 10 of 13,Phase 10 · day 10 of 13,Gate 28 · Gate 29 · Gate 30 · day 10 of 13,Ma'aseh HaKorbanot · Temidin u'Musafin · Pesulei HaMukdash · set 12 of 14 · day 16 of 28,,Story 324 · Parshat Matot-Masei
297,2027-08-01,27 Tammuz,Devarim,Tinyana 25 · KST § 343 (p. 214) · Aseh 107–108,כ Kaf · כן · set 14 · day 11 of 22,Tiferet shebeHod · shebeMalchut · day 31 of 49,מהש · 5 of 72 · מַלְכִּיָּה 5 · וְיָשֵׂם,Summer · 24 of 91 · Ratzo · F2 letter 1 · Eicha 2:1 · א,2nd cycle 10 · day 11 of 13 · Noseh Avon,Cycle 8 · day 10 of 41 · Nefesh 10 of 10 · Do Not Covet,OC 593–594 · Orach Chaim · 593 of 728,Devarim · D1 · P2 · C7,set 12 · 17/28 · Collecting Loans from Purchasers and Laws Designated Collection 2–3,Tinyana 25 · Zohar III 158–159,§ 343 (p. 214) · Devarim,Aseh 107–108,LT Devarim · Folio 78 · day 325 of 364,Prayer 20 · day 325 of 364,Kelim 27 & 28 · Week 43 · Day 3,Shir HaShirim 4 & 5 · Week 43 · Day 3,Tale 10 — The Burgher and the Pauper · cycle 23 · day 11 of 13,Sichos HaRan · §297 of 308 · day 297 of 369,OC 593–594 · half-days 593 & 594,,Rav Pe’alim · Vol IV · Orach Chayim 11 · Vol IV · Orach Chayim 12,Overview · day 11 of 13,"All twelve · Mivtza Chinuch, 5736",Collecting Loans from Purchasers and Laws Designated Collection 2–3,Menachot · 14a · Three Weeks,Gratitude — 6/27 · Gratitude — 7/27,Devarim Story 5 · 6 · Devarim,,Class 88 · of 118,Devarim · Day 1,Day 297 · of 369,Chapter 10 · cycle 23,The Garden of Purity · cycle 10 of 13,Phase 10 · day 11 of 13,Gate 31 · Gate 32 · Ohr Ne’erav I · day 11 of 13,Avodat Yom HaKippurim · Me'ilah · Korban Pesach · set 12 of 14 · day 17 of 28,,Story 325 · Parshat Devarim
298,2027-08-02,28 Tammuz,Devarim,Tinyana 26 · KST § 344 (p. 214) · Aseh 109–110,ל Lamed · לן · set 14 · day 12 of 22,Netzach shebeHod · shebeMalchut · day 32 of 49,ללה · 6 of 72 · מִיָּמִן 6 · וְיָשֵׂם,Summer · 25 of 91 · Ratzo · F2 letter 2 · Eicha 2:2 · ב,2nd cycle 10 · day 12 of 13 · Noseh Avon,Cycle 8 · day 11 of 41 · Ruach 1 of 10 · I Am the Lord,OC 595–596 · Orach Chaim · 595 of 728,Devarim · D2 · P2 · C7,set 12 · 18/28 · Collecting Loans from Purchasers and Laws Designated Collection 4–5,Tinyana 26 · Zohar III 160–161,§ 344 (p. 214) · Devarim,Aseh 109–110,LT Devarim · Folio 79 · day 326 of 364,Prayer 21 · day 326 of 364,Kelim 29 & 30 · Week 43 · Day 4,Shir HaShirim 6 & 7 · Week 43 · Day 4,Tale 10 — The Burgher and the Pauper · cycle 23 · day 12 of 13,Sichos HaRan · §298 of 308 · day 298 of 369,OC 595–596 · half-days 595 & 596,,Rav Pe’alim · Vol IV · Orach Chayim 13 · Vol IV · Orach Chayim 14,Se’if א׳ · day 12 of 13,תּוֹרָה צִוָה לָנוּ מֹשֶׁה מוֹרָשָׁה קְהִלַת יַעֲקֹב · דברים לג:ד,Collecting Loans from Purchasers and Laws Designated Collection 4–5,Chullin · 14b · Tisha B'Av,Gratitude — 6/27 · Gratitude — 7/27,Devarim Story 5 · 6 · Devarim,,Class 89 · of 118,Devarim · Day 2,Day 298 · of 369,Chapter 10 · cycle 23,The Garden of Purity · cycle 10 of 13,Phase 10 · day 12 of 13,Ohr Ne’erav II · Ohr Ne’erav III · Ohr Ne’erav IV · day 12 of 13,Chagigah · Bechorot · Shegagot · set 12 of 14 · day 18 of 28,,Story 326 · Parshat Devarim
299,2027-08-03,29 Tammuz,Devarim,Tinyana 27 · KST § 345 (p. 214) · Aseh 111–112,מ Mem · מן · set 14 · day 13 of 22,Hod shebeHod · shebeMalchut · day 33 of 49,אכא · 7 of 72 · הַקּוֹץ 7 · וְיָשֵׂם,Summer · 26 of 91 · Ratzo · F2 letter 3 · Eicha 2:3 · ג,2nd cycle 10 · day 13 of 13 · Noseh Avon,Cycle 8 · day 12 of 41 · Ruach 2 of 10 · No Other Gods,OC 597–598 · Orach Chaim · 597 of 728,Devarim · D3 · P2 · C7,set 12 · 19/28 · an Agent Collecting Debts and Authorisation 1–2,Tinyana 27 · Zohar III 162–163,§ 345 (p. 214) · Devarim,Aseh 111–112,LT Devarim · Folio 80 · day 327 of 364,Prayer 22 · day 327 of 364,Ohalot 1 & 2 · Week 43 · Day 5,Shir HaShirim 8 &amp; Ruth 1 · Week 43 · Day 5,Tale 10 — The Burgher and the Pauper · cycle 23 · day 13 of 13,Sichos HaRan · §299 of 308 · day 299 of 369,OC 597–598 · half-days 597 & 598,,Rav Pe’alim · Vol IV · Orach Chayim 15 · Vol IV · Orach Chayim 16,Se’if ב׳ · day 13 of 13,שְׁמַע יִשְׂרָאֵל ה׳ אֶלֹקֵינוּ ה׳ אֶחָד · דברים ו:ד,an Agent Collecting Debts and Authorisation 1–2,Chullin · 14b · Tisha B'Av,Gratitude — 6/27 · Gratitude — 7/27,Devarim Story 5 · 6 · Devarim,,Class 90 · of 118,Devarim · Day 3,Day 299 · of 369,Chapter 10 · cycle 23,The Garden of Purity · cycle 10 of 13,Phase 10 · day 13 of 13,Ohr Ne’erav V · Ohr Ne’erav VI · Ohr Ne’erav VII · day 13 of 13,Mechusrei Kapparah · Temurah · Tumat Met · set 12 of 14 · day 19 of 28,,Story 327 · Parshat Devarim
300,2027-08-04,1 Av,Devarim,Tinyana 28 · KST § 346 (p. 215) · Aseh 113–114,נ Nun · נן · set 14 · day 14 of 22,Yesod shebeHod · shebeMalchut · day 34 of 49,כהת · 8 of 72 · אֲבִיָּה 8 · וְיָשֵׂם,Summer · 27 of 91 · Ratzo · F2 letter 4 · Eicha 2:4 · ד,2nd cycle 11 · day 1 of 13 · Vafeshah,Cycle 8 · day 13 of 41 · Ruach 3 of 10 · Not to Profane G-d's Name,OC 599–600 · Orach Chaim · 599 of 728,Devarim · D4 · P2 · C7,set 12 · 20/28 · an Agent Collecting Debts and Authorisation 3 · Authorisation 1,Tinyana 28 · Zohar III 164–165,§ 346 (p. 215) · Devarim,Aseh 113–114,LT Devarim · Folio 81 · day 328 of 364,Prayer 23 · day 328 of 364,"Tosefta Ohalot 8, 9, 10, 11 · Week 43 · Day 6",Ruth 2 & 3 · Week 43 · Day 6,Tale 11 — The King's Son and the Maid's Son Who Were Exchanged · cycle 24 · day 1 of 13,Sichos HaRan · §300 of 308 · day 300 of 369,OC 599–600 · half-days 599 & 600,,Rav Pe’alim · Vol IV · Orach Chayim 17 · Vol IV · Orach Chayim 18,Se’if ג׳ · day 1 of 13,"בְּכָל דוֹר וָדוֹר חַיָיב אָדָם לִרְאוֹת אֶת עַצְמוֹ כְּאִלוּ הוּא יָצָא מִמִצְרָיִם · פסחים קטז,ב",an Agent Collecting Debts and Authorisation 3 · Authorisation 1,Chullin · 14b · Tisha B'Av,Gratitude — 6/27 · Gratitude — 7/27,Devarim Story 5 · 6 · Devarim,,Class 91 · of 118,Devarim · Day 4,Day 300 · of 369,Chapter 11 · cycle 24,The Garden of Knowledge · cycle 11 of 13,Phase 11 · day 1 of 13,Gate 1 · Gate 2 · Gate 3 · day 1 of 13,Parah Adumah · Tumat Tzara'at · Metamei Mishkav u'Moshav · set 12 of 14 · day 20 of 28,,Story 328 · Parshat Devarim
301,2027-08-05,2 Av,Devarim,Tinyana 29 · KST § 347 (p. 215) · Aseh 115–116,ס Samech · סן · set 14 · day 15 of 22,Malchut shebeHod · shebeMalchut · day 35 of 49,הזי · 9 of 72 · יֵשׁוּעַ 9 · וְיָשֵׂם,Summer · 28 of 91 · Ratzo · F2 letter 5 · Eicha 2:5 · ה,2nd cycle 11 · day 2 of 13 · Vafeshah,Cycle 8 · day 14 of 41 · Ruach 4 of 10 · The Sabbath,OC 601–602 · Orach Chaim · 601 of 728,Devarim · D5 · P2 · C7,set 12 · 21/28 · Authorisation 2–3,Tinyana 29 · Zohar III 166–169,§ 347 (p. 215) · Devarim,Aseh 115–116,LT Devarim · Folio 82 · day 329 of 364,Prayer 24 · day 329 of 364,"Tosefta Ohalot 12, 13, 14, 15 · Week 43 · Day 7",Ruth 4 &amp; Eichah 1 · Week 43 · Day 7,Tale 11 — The King's Son and the Maid's Son Who Were Exchanged · cycle 24 · day 2 of 13,Sichos HaRan · §301 of 308 · day 301 of 369,OC 601–602 · half-days 601 & 602,,Rav Pe’alim · Vol IV · Orach Chayim 19 · Vol IV · Orach Chayim 20,Se’if ד׳ · day 2 of 13,"כָּל יִשְׂרָאֵל יֵשׁ לָהֶם חֵלֶק לְעוֹלָם הַבָּא שֶׁנֶאֱמַר וְעַמֵךְ כּוּלָם צַדִיקִים לְעוֹלָם יִירְשׁוּ אָרֶץ נֵצֶר מַטָעַי מַעֲשֵׂה יָדַי לְהִתְפָּאֵר · סנהדרין צ,א",Authorisation 2–3,Chullin · 14b · Tisha B'Av,Gratitude — 6/27 · Gratitude — 7/27,Devarim Story 5 · 6 · Devarim,,Class 92 · of 118,Devarim · Day 5,Day 301 · of 369,Chapter 11 · cycle 24,The Garden of Knowledge · cycle 11 of 13,Phase 11 · day 2 of 13,Gate 4 · Gate 5 · Gate 6 · day 2 of 13,She'ar Avot HaTumot · Tumat Ochlin · Kelim · set 12 of 14 · day 21 of 28,,Story 329 · Parshat Devarim
302,2027-08-06,3 Av,Devarim,Tinyana 30 · KST § 348 (p. 215) · Aseh 117–118,ע Ayin · ען · set 14 · day 16 of 22,Chesed shebeYesod · shebeMalchut · day 36 of 49,אלד · 10 of 72 · שְׁכַנְיָהוּ 10 · וְיָשֵׂם,Summer · 29 of 91 · Ratzo · F2 letter 6 · Eicha 2:6 · ו,2nd cycle 11 · day 3 of 13 · Vafeshah,Cycle 8 · day 15 of 41 · Ruach 5 of 10 · Honor Parents,OC 603–604 · Orach Chaim · 603 of 728,Devarim · D6 · P2 · C7,set 12 · 22/28 · Authorisation 4 · Guaranteeing 1,Tinyana 30 · Zohar III 170–171,§ 348 (p. 215) · Devarim,Aseh 117–118,LT Devarim · Folio 83 · day 330 of 364,Prayer 25 · day 330 of 364,Ohalot 3 & 4 · Week 44 · Day 1,Eichah 2 & 3 · Week 44 · Day 1,Tale 11 — The King's Son and the Maid's Son Who Were Exchanged · cycle 24 · day 3 of 13,Sichos HaRan · §302 of 308 · day 302 of 369,OC 603–604 · half-days 603 & 604,,Ben Ish Chai · Halachot,Se’if ה׳ · day 3 of 13,כִּי קָרוֹב אֵלֶיךָ הַדָבָר מְאֹד בְּפִיךָ וּבִּלְבָבְךָ לַעֲשׂוֹתוֹ · דברים ל:יד,Authorisation 4 · Guaranteeing 1,Chullin · 14b · Tisha B'Av,Gratitude — 6/27 · Gratitude — 7/27,Devarim Story 5 · 6 · Devarim,,Class 93 · of 118,Devarim · Day 6,Day 302 · of 369,Chapter 11 · cycle 24,The Garden of Knowledge · cycle 11 of 13,Phase 11 · day 3 of 13,Gate 7 · Gate 8 · Gate 9 · day 3 of 13,Mikvaot · Nizkei Mamon · Genevah · set 12 of 14 · day 22 of 28,,Story 330 · Parshat Devarim
303,2027-08-07,4 Av,Devarim,Tinyana 31 · KST § 349–350 (p. 217) · Aseh 119–120,פ Peh · פן · set 14 · day 17 of 22,Gevurah shebeYesod · shebeMalchut · day 37 of 49,לאו · 11 of 72 · אֶלְיָשִׁיב 11 · וְיָשֵׂם,Summer · 30 of 91 · Ratzo · F2 letter 7 · Eicha 2:7 · ז,2nd cycle 11 · day 4 of 13 · Vafeshah,Cycle 8 · day 16 of 41 · Ruach 6 of 10 · Do Not Murder,OC 605–606 · Orach Chaim · 605 of 728,Devarim · D7 · P2 · C7,set 12 · 23/28 · Guaranteeing 2–3 · Devarim,Tinyana 31 · Zohar III 172–173,§ 349–350 (p. 217) · Devarim,Aseh 119–120,LT Devarim · Folio 84 · day 331 of 364,Prayer 26 · day 331 of 364,Ohalot 5 & 6 · Week 44 · Day 2,Eichah 4 & 5 · Week 44 · Day 2,Tale 11 — The King's Son and the Maid's Son Who Were Exchanged · cycle 24 · day 4 of 13,Sichos HaRan · §303 of 308 · day 303 of 369,OC 605–606 · half-days 605 & 606,,Ben Ish Chai · Drash · Devarim · Drash,Se’if ו׳ · day 4 of 13,וְהִנֵה ה׳ נִצָב עָלָיו וּמְלֹא כָל הָאָרֶץ כּבוֹדוֹ וּמַבִּיט עָלָיו וּבוֹחֵן כְּלָיוֹת וָלֵב אִם עוֹבְדוֹ כָּרָאוּי · תניא פרק מא,Guaranteeing 2–3,Chullin · 14b · Tisha B'Av,Gratitude — 6/27 · Gratitude — 7/27,Devarim Story 5 · 6 · Devarim,,Class 94 · of 118,Sefer Yetzirah · 5:7,Day 303 · of 369,Chapter 11 · cycle 24,The Garden of Knowledge · cycle 11 of 13,Phase 11 · day 4 of 13,Gate 10 · Gate 11 · Gate 12 · day 4 of 13,Gezelah v'Avedah · Chovel u'Mazik · Rotze'ach u'Shmirat Ne · set 12 of 14 · day 23 of 28,,Story 331 · Parshat Devarim
304,2027-08-08,5 Av,Vaetchanan,Tinyana 32 · KST § 351 (p. 219) · Aseh 121–122,צ Tzaddik · צן · set 14 · day 18 of 22,Tiferet shebeYesod · shebeMalchut · day 38 of 49,ההע · 12 of 72 · יָקִים 12 · וְיָשֵׂם,Summer · 31 of 91 · Ratzo · F2 letter 8 · Eicha 2:8 · ח,2nd cycle 11 · day 5 of 13 · Vafeshah,Cycle 8 · day 17 of 41 · Ruach 7 of 10 · Faithfulness,OC 607–608 · Orach Chaim · 607 of 728,Vaetchanan · D1 · P3 · C7,set 12 · 24/28 · Guaranteeing 4 · Movable Property 1,Tinyana 32 · Zohar III 174–175,§ 351 (p. 219) · Vaetchanan,Aseh 121–122,LT Devarim · Folio 85 · day 332 of 364,Prayer 27 · day 332 of 364,Ohalot 7 & 8 · Week 44 · Day 3,Kohelet 1 & 2 · Week 44 · Day 3,Tale 11 — The King's Son and the Maid's Son Who Were Exchanged · cycle 24 · day 5 of 13,Sichos HaRan · §304 of 308 · day 304 of 369,OC 607–608 · half-days 607 & 608,Vaetchanan,Rav Pe’alim · Vol IV · Orach Chayim 21 · Vol IV · Orach Chayim 22,Se’if ז׳ · day 5 of 13,בְּרֵאשִׁית בָּרָא אֶלֹקִים אֵת הַשָׁמַיִם וְאֵת הָאָרֶץ · בראשית א:א,Guaranteeing 4 · Movable Property 1,Chullin · 14b · Tisha B'Av,Gratitude — 8/27 · Gratitude — 9/27,Devarim Story 7 · 8 · Vaetchanan,,Class 95 · of 118,Vaetchanan · Day 1,Day 304 · of 369,Chapter 11 · cycle 24,The Garden of Knowledge · cycle 11 of 13,Phase 11 · day 5 of 13,Gate 13 · Gate 14 · Gate 15 · day 5 of 13,Mechirah · Zechiyah u'Matanah · Shecheinim · set 12 of 14 · day 24 of 28,,Story 332 · Parshat Vaetchanan
305,2027-08-09,6 Av,Vaetchanan,Tinyana 33 · KST § 352 (p. 219) · Aseh 123–124,ק Kuf · קן · set 14 · day 19 of 22,Netzach shebeYesod · shebeMalchut · day 39 of 49,יזל · 13 of 72 · חֻפָּה 13 · וְיָשֵׂם,Summer · 32 of 91 · Ratzo · F2 letter 9 · Eicha 2:9 · ט,2nd cycle 11 · day 6 of 13 · Vafeshah,Cycle 8 · day 18 of 41 · Ruach 8 of 10 · Do Not Steal,OC 609–610 · Orach Chaim · 609 of 728,Vaetchanan · D2 · P3 · C7,set 12 · 25/28 · Movable Property 2–3,Tinyana 33 · Zohar III 176–177,§ 352 (p. 219) · Vaetchanan,Aseh 123–124,LT Devarim · Folio 86 · day 333 of 364,Prayer 28 · day 333 of 364,Ohalot 9 & 10 · Week 44 · Day 4,Kohelet 3 & 4 · Week 44 · Day 4,Tale 11 — The King's Son and the Maid's Son Who Were Exchanged · cycle 24 · day 6 of 13,Sichos HaRan · §305 of 308 · day 305 of 369,OC 609–610 · half-days 609 & 610,Vaetchanan,Rav Pe’alim · Vol IV · Orach Chayim 23 · Vol IV · Orach Chayim 24,Se’if ח׳ · day 6 of 13,וְשִׁנַנְתָּם לְבָנֶיךָ וְדִבַּרְתָּ בָּם בְּשִׁבְתְּךָ בְּבֵיתֶךָ וּבְלֶכְתְּךָ בַדֶרֶךְ וּבְשָׁכְבְּךָ וּבְקוּמֶךָ · דברים ו:ז,Movable Property 2–3,Chullin · 14b · Tisha B'Av,Gratitude — 8/27 · Gratitude — 9/27,Devarim Story 7 · 8 · Vaetchanan,,Class 96 · of 118,Vaetchanan · Day 2,Day 305 · of 369,Chapter 11 · cycle 24,The Garden of Knowledge · cycle 11 of 13,Phase 11 · day 6 of 13,Gate 16 · Gate 17 · Gate 18 · day 6 of 13,Shluchin v'Shutafin · Avadim · Sechirut · set 12 of 14 · day 25 of 28,,Story 333 · Parshat Vaetchanan
306,2027-08-10,7 Av,Vaetchanan,Tinyana 34 · KST § 353 (p. 220) · Aseh 125–126,ר Reish · רן · set 14 · day 20 of 22,Hod shebeYesod · shebeMalchut · day 40 of 49,מבה · 14 of 72 · יֶשֶׁבְאָב 14 · וְיָשֵׂם,Summer · 33 of 91 · Ratzo · F2 letter 10 · Eicha 2:10 · י,2nd cycle 11 · day 7 of 13 · Vafeshah,Cycle 8 · day 19 of 41 · Ruach 9 of 10 · Truth / No False Witness,OC 611–612 · Orach Chaim · 611 of 728,Vaetchanan · D3 · P3 · C7,set 12 · 26/28 · Movable Property 4–5,Tinyana 34 · Zohar III 178–179,§ 353 (p. 220) · Vaetchanan,Aseh 125–126,LT Devarim · Folio 87 · day 334 of 364,Prayer 29 · day 334 of 364,Ohalot 11 & 12 · Week 44 · Day 5,Kohelet 5 & 6 · Week 44 · Day 5,Tale 11 — The King's Son and the Maid's Son Who Were Exchanged · cycle 24 · day 7 of 13,Sichos HaRan · §306 of 308 · day 306 of 369,OC 611–612 · half-days 611 & 612,Vaetchanan,Rav Pe’alim · Vol IV · Orach Chayim 25 · Vol IV · Orach Chayim 26,Se’if ט׳ · day 7 of 13,"יָגַעְתִּי וְלֹא מָצָאתִי אַל תַּאַמִין לֹא יָגַעְתִּי וּמָצָאתִי אַל תַּאַמִין יָגַעְתִּי וּמָצָאתִי תַּאַמִין · מגילה ו,ב",Movable Property 4–5,Chullin · 14b · Tisha B'Av,Gratitude — 8/27 · Gratitude — 9/27,Devarim Story 7 · 8 · Vaetchanan,,Class 97 · of 118,Vaetchanan · Day 3,Day 306 · of 369,Chapter 11 · cycle 24,The Garden of Knowledge · cycle 11 of 13,Phase 11 · day 7 of 13,Gate 19 · Gate 20 · Gate 21 · day 7 of 13,She'elah u'Fikadon · Malveh v'Loveh · To'en v'Nit'an · set 12 of 14 · day 26 of 28,,Story 334 · Parshat Vaetchanan
307,2027-08-11,8 Av,Vaetchanan,Tinyana 35 · KST § 354 (p. 220) · Aseh 127–128,ש Shin · שן · set 14 · day 21 of 22,Yesod shebeYesod · shebeMalchut · day 41 of 49,הרי · 15 of 72 · בִּלְגָּה 15 · וְיָשֵׂם,Summer · 34 of 91 · Ratzo · F2 letter 11 · Eicha 2:11 · כ,2nd cycle 11 · day 8 of 13 · Vafeshah,Cycle 8 · day 20 of 41 · Ruach 10 of 10 · Do Not Covet,OC 613–614 · Orach Chaim · 613 of 728,Vaetchanan · D4 · P3 · C7,set 12 · 27/28 · Immovable Property 1–2,Tinyana 35 · Zohar III 180–181,§ 354 (p. 220) · Vaetchanan,Aseh 127–128,LT Devarim · Folio 88 · day 335 of 364,Prayer 30 · day 335 of 364,"Tosefta Ohalot 16, 17, 18 &amp; Tosefta Nega'im 1 · Week 44 · Day 6",Kohelet 7 & 8 · Week 44 · Day 6,Tale 11 — The King's Son and the Maid's Son Who Were Exchanged · cycle 24 · day 8 of 13,Sichos HaRan · §307 of 308 · day 307 of 369,OC 613–614 · half-days 613 & 614,Vaetchanan,Rav Pe’alim · Vol IV · Orach Chayim 27 · Vol IV · Orach Chayim 28,Se’if י׳ · day 8 of 13,וְאָהַבְתָּ לְרֵעַךָ כָּמוֹךָ – רַבִּי עַקִיבָא אוֹמֵר זֶה כְּלָל גָדוֹל בַּתּוֹרָה · ויקרא יט:יח,Immovable Property 1–2,Chullin · 14b · Tisha B'Av,Gratitude — 8/27 · Gratitude — 9/27,Devarim Story 7 · 8 · Vaetchanan,,Class 98 · of 118,Vaetchanan · Day 4,Day 307 · of 369,Chapter 11 · cycle 24,The Garden of Knowledge · cycle 11 of 13,Phase 11 · day 8 of 13,Gate 22 · Gate 23 · Gate 24 · day 8 of 13,Nachalot · Sanhedrin · Edut · set 12 of 14 · day 27 of 28,,Story 335 · Parshat Vaetchanan
308,2027-08-12,9 Av,Vaetchanan,Tinyana 36 · KST § 355 (p. 222) · Aseh 129–130,ת Tav · תן · set 14 · day 22 of 22,Malchut shebeYesod · shebeMalchut · day 42 of 49,הקם · 16 of 72 · אִמֵּר 16 · וְיָשֵׂם,Summer · 35 of 91 · Ratzo · F2 letter 12 · Eicha 2:12 · ל,2nd cycle 11 · day 9 of 13 · Vafeshah,Cycle 8 · day 21 of 41 · Neshamah 1 of 10 · I Am the Lord,OC 615–616 · Orach Chaim · 615 of 728,Vaetchanan · D5 · P3 · C7,set 12 · 28/28 · Immovable Property 3–4,Tinyana 36 · Zohar III 182–185,§ 355 (p. 222) · Vaetchanan,Aseh 129–130,LT Devarim · Folio 89 · day 336 of 364,Prayer 31 · day 336 of 364,"Tosefta Nega'im 2, 3, 4, 5 · Week 44 · Day 7",Kohelet 9 & 10 · Week 44 · Day 7,Tale 11 — The King's Son and the Maid's Son Who Were Exchanged · cycle 24 · day 9 of 13,Sichos HaRan · §308 of 308 · day 308 of 369,OC 615–616 · half-days 615 & 616,Vaetchanan,Rav Pe’alim · Vol IV · Orach Chayim 29 · Vol IV · Orach Chayim 30,Se’if י״א · day 9 of 13,וְזֶה כָּל הָאָדָם וְתַכְלִית בְּרִיאָתוֹ וּבְרִיאַת כָּל הָעוֹלָמוֹת עֶלְיוֹנִים וְתַּחְתּוֹנִים לִהְיוֹת לוֹ דִירָה זוֹ בְּתַּחְתּוֹנִים · תניא פרק לג,Immovable Property 3–4,Chullin · 14b · Tisha B'Av,Gratitude — 8/27 · Gratitude — 9/27,Devarim Story 7 · 8 · Vaetchanan,,Class 99 · of 118,Vaetchanan · Day 5,Day 308 · of 369,Chapter 11 · cycle 24,The Garden of Knowledge · cycle 11 of 13,Phase 11 · day 9 of 13,Gate 25 · Gate 26 · Gate 27 · day 9 of 13,Mamrim · Evel · Melachim u'Milchamos · set 12 of 14 · day 28 of 28,,Story 336 · Parshat Vaetchanan
309,2027-08-13,10 Av,Vaetchanan,Tinyana 37 · KST § 356 (p. 224) · Aseh 131–132,א Alef · אף · set 15 · day 1 of 22,Chesed shebeMalchut · shebeMalchut · day 43 of 49,לאו · 17 of 72 · חֵזִיר 17 · וְיָשֵׂם,Summer · 36 of 91 · Ratzo · F2 letter 13 · Eicha 2:13 · מ,2nd cycle 11 · day 10 of 13 · Vafeshah,Cycle 8 · day 22 of 41 · Neshamah 2 of 10 · No Other Gods,OC 617–618 · Orach Chaim · 617 of 728,Vaetchanan · D6 · P3 · C7,set 13 · 1/28 · Immovable Property 5 · Neighbor Damages 1,Tinyana 37 · Zohar III 186–187,§ 356 (p. 224) · Vaetchanan,Aseh 131–132,LT Devarim · Folio 90 · day 337 of 364,Prayer 32 · day 337 of 364,Ohalot 13 & 14 · Week 45 · Day 1,Kohelet 11 & 12 · Week 45 · Day 1,Tale 11 — The King's Son and the Maid's Son Who Were Exchanged · cycle 24 · day 10 of 13,Likutei Etzot · Introduction — First Edition · day 309 of 369,OC 617–618 · half-days 617 & 618,Vaetchanan,Ben Ish Chai · Halachot,Se’if י״ב · day 10 of 13,יִשְׂמַח יִשְׂרָאֵל בְּעוֹשָׂיו פֵּירוּש שֶׁכָּל מִי שֶׁהוּא מִזֶרַע יִשְׂרָאֵל יֵשׁ לוֹ לִשְׂמוֹחַ בְּשִׂמְחַת ה׳ אַשֶׁר שָׂשׂ וְשָׂמֵחַ בְּדִירָתוֹ בְּתַּחְתּוֹנִים · תניא פרק לג,Immovable Property 5 · Neighbor Damages 1,Bechorot · 15a · Av,Gratitude — 8/27 · Gratitude — 9/27,Devarim Story 7 · 8 · Vaetchanan,,Class 100 · of 118,Vaetchanan · Day 6,Day 309 · of 369,Chapter 11 · cycle 24,The Garden of Knowledge · cycle 11 of 13,Phase 11 · day 10 of 13,Gate 28 · Gate 29 · Gate 30 · day 10 of 13,Enumeration of the 613 Mitzvos · Yesodei HaTorah · De'ot · set 13 of 14 · day 1 of 28,,Story 337 · Parshat Vaetchanan
310,2027-08-14,11 Av,Vaetchanan,Tinyana 38 · KST § 357–358 (p. 224) · Aseh 133–134,ב Bet · בף · set 15 · day 2 of 22,Gevurah shebeMalchut · shebeMalchut · day 44 of 49,כלי · 18 of 72 · הַפִּצֵּץ 18 · וְיָשֵׂם,Summer · 37 of 91 · Ratzo · F2 letter 14 · Eicha 2:14 · נ,2nd cycle 11 · day 11 of 13 · Vafeshah,Cycle 8 · day 23 of 41 · Neshamah 3 of 10 · Not to Profane G-d's Name,OC 619–620 · Orach Chaim · 619 of 728,Vaetchanan · D7 · P3 · C7,set 13 · 2/28 · Neighbor Damages 2–3 · Vaetchanan,Tinyana 38 · Zohar III 188–189,§ 357–358 (p. 224) · Vaetchanan,Aseh 133–134,LT Devarim · Folio 91 · day 338 of 364,Prayer 33 · day 338 of 364,Ohalot 15 & 16 · Week 45 · Day 2,Esther 1 & 2 · Week 45 · Day 2,Tale 11 — The King's Son and the Maid's Son Who Were Exchanged · cycle 24 · day 11 of 13,Likutei Etzot · Introduction — Second Edition · day 310 of 369,OC 619–620 · half-days 619 & 620,Vaetchanan,Ben Ish Chai · Drash · Vaetchanan · Drash,Overview · day 11 of 13,"All twelve · Mivtza Chinuch, 5736",Neighbor Damages 2–3,Bechorot · 15a · Av,Gratitude — 8/27 · Gratitude — 9/27,Devarim Story 7 · 8 · Vaetchanan,,Class 101 · of 118,Sefer Yetzirah · 5:8,Day 310 · of 369,Chapter 11 · cycle 24,The Garden of Knowledge · cycle 11 of 13,Phase 11 · day 11 of 13,Gate 31 · Gate 32 · Ohr Ne’erav I · day 11 of 13,Talmud Torah · Avodah Zarah · Teshuvah · set 13 of 14 · day 2 of 28,,Story 338 · Parshat Vaetchanan
311,2027-08-15,12 Av,Eikev,Tinyana 39 · KST § 359 (p. 225) · Aseh 135–136,ג Gimmel · גף · set 15 · day 3 of 22,Tiferet shebeMalchut · shebeMalchut · day 45 of 49,לוו · 19 of 72 · פְּתַחְיָה 19 · וְיָשֵׂם,Summer · 38 of 91 · Ratzo · F2 letter 15 · Eicha 2:15 · ס,2nd cycle 11 · day 12 of 13 · Vafeshah,Cycle 8 · day 24 of 41 · Neshamah 4 of 10 · The Sabbath,OC 621–622 · Orach Chaim · 621 of 728,Eikev · D1 · P4 · C7,set 13 · 3/28 · Neighbor Damages 4–5,Tinyana 39 · Zohar III 190–191,§ 359 (p. 225) · Eikev,Aseh 135–136,LT Devarim · Folio 92 · day 339 of 364,Prayer 34 · day 339 of 364,Ohalot 17 & 18 · Week 45 · Day 3,Esther 3 & 4 · Week 45 · Day 3,Tale 11 — The King's Son and the Maid's Son Who Were Exchanged · cycle 24 · day 12 of 13,Likutei Etzot · Truth and Faith · day 311 of 369,OC 621–622 · half-days 621 & 622,Eikev,Rav Pe’alim · Vol IV · Orach Chayim 31 · Vol IV · Orach Chayim 32,Se’if א׳ · day 12 of 13,תּוֹרָה צִוָה לָנוּ מֹשֶׁה מוֹרָשָׁה קְהִלַת יַעֲקֹב · דברים לג:ד,Neighbor Damages 4–5,Bechorot · 15a · Av,Gratitude — 10/27 · Gratitude — 11/27,Devarim Story 9 · Eikev,,Class 102 · of 118,Eikev · Day 1,Day 311 · of 369,Chapter 11 · cycle 24,The Garden of Knowledge · cycle 11 of 13,Phase 11 · day 12 of 13,Ohr Ne’erav II · Ohr Ne’erav III · Ohr Ne’erav IV · day 12 of 13,"Kriat Shema · Tefilah u'Birkat Kohanim · Tefillin, Mezuzah · set 13 of 14 · day 3 of 28",,Story 339 · Parshat Eikev
312,2027-08-16,13 Av,Eikev,Tinyana 40 · KST § 360 (p. 225) · Aseh 137–138,ד Dalet · דף · set 15 · day 4 of 22,Netzach shebeMalchut · shebeMalchut · day 46 of 49,פהל · 20 of 72 · יְחֶזְקֵאל 20 · וְיָשֵׂם,Summer · 39 of 91 · Ratzo · F2 letter 16 · Eicha 2:16 · פ,2nd cycle 11 · day 13 of 13 · Vafeshah,Cycle 8 · day 25 of 41 · Neshamah 5 of 10 · Honor Parents,OC 623–624 · Orach Chaim · 623 of 728,Eikev · D2 · P4 · C7,set 13 · 4/28 · Immovable Partnerships 1–2,Tinyana 40 · Zohar III 192–193,§ 360 (p. 225) · Eikev,Aseh 137–138,LT Devarim · Folio 93 · day 340 of 364,Prayer 35 · day 340 of 364,Nega'im 1 & 2 · Week 45 · Day 4,Esther 5 & 6 · Week 45 · Day 4,Tale 11 — The King's Son and the Maid's Son Who Were Exchanged · cycle 24 · day 13 of 13,Likutei Etzot · Sighing · day 312 of 369,OC 623–624 · half-days 623 & 624,Eikev,Rav Pe’alim · Vol IV · Orach Chayim 33 · Vol IV · Orach Chayim 34,Se’if ב׳ · day 13 of 13,שְׁמַע יִשְׂרָאֵל ה׳ אֶלֹקֵינוּ ה׳ אֶחָד · דברים ו:ד,Immovable Partnerships 1–2,Bechorot · 15a · Av,Gratitude — 10/27 · Gratitude — 11/27,Devarim Story 9 · Eikev,,Class 103 · of 118,Eikev · Day 2,Day 312 · of 369,Chapter 11 · cycle 24,The Garden of Knowledge · cycle 11 of 13,Phase 11 · day 13 of 13,Ohr Ne’erav V · Ohr Ne’erav VI · Ohr Ne’erav VII · day 13 of 13,Tzitzit · Berachot · Milah · set 13 of 14 · day 4 of 28,,Story 340 · Parshat Eikev
313,2027-08-17,14 Av,Eikev,Tinyana 41 · KST § 361 (p. 226) · Aseh 139–140,ה Heh · הף · set 15 · day 5 of 22,Hod shebeMalchut · shebeMalchut · day 47 of 49,נלך · 21 of 72 · יָכִין 21 · וְיָשֵׂם,Summer · 40 of 91 · Ratzo · F2 letter 17 · Eicha 2:17 · ע,2nd cycle 12 · day 1 of 13 · VeChata'ah,Cycle 8 · day 26 of 41 · Neshamah 6 of 10 · Do Not Murder,OC 625–626 · Orach Chaim · 625 of 728,Eikev · D3 · P4 · C7,set 13 · 5/28 · Immovable Partnerships 3–4,Tinyana 41 · Zohar III 194–195,§ 361 (p. 226) · Eikev,Aseh 139–140,LT Devarim · Folio 94 · day 341 of 364,Prayer 36 · day 341 of 364,Nega'im 3 & 4 · Week 45 · Day 5,Esther 7 & 8 · Week 45 · Day 5,Tale 12 — The Prayer Leader · cycle 25 · day 1 of 13,Likutei Etzot · Eating · day 313 of 369,OC 625–626 · half-days 625 & 626,Eikev,Rav Pe’alim · Vol IV · Orach Chayim 35 · Vol IV · Orach Chayim 39,Se’if ג׳ · day 1 of 13,"בְּכָל דוֹר וָדוֹר חַיָיב אָדָם לִרְאוֹת אֶת עַצְמוֹ כְּאִלוּ הוּא יָצָא מִמִצְרָיִם · פסחים קטז,ב",Immovable Partnerships 3–4,Bechorot · 15a · Av,Gratitude — 10/27 · Gratitude — 11/27,Devarim Story 9 · Eikev,,Class 104 · of 118,Eikev · Day 3,Day 313 · of 369,Chapter 12 · cycle 25,The Garden of Healing · cycle 12 of 13,Phase 12 · day 1 of 13,Gate 1 · Gate 2 · Gate 3 · day 1 of 13,Shabbat · Eruvin · Shevitat Asor · set 13 of 14 · day 5 of 28,,Story 341 · Parshat Eikev
314,2027-08-18,15 Av,Eikev,Tinyana 42 · KST § 362 (p. 226) · Aseh 141–142,ו Vav · וף · set 15 · day 6 of 22,Yesod shebeMalchut · shebeMalchut · day 48 of 49,ייי · 22 of 72 · גָּמוּל 22 · וְיָשֵׂם,Summer · 41 of 91 · Ratzo · F2 letter 18 · Eicha 2:18 · צ,2nd cycle 12 · day 2 of 13 · VeChata'ah,Cycle 8 · day 27 of 41 · Neshamah 7 of 10 · Faithfulness,OC 627–628 · Orach Chaim · 627 of 728,Eikev · D4 · P4 · C7,set 13 · 6/28 · Immovable Partnerships 5 · Divisions of Partnerships 1,Tinyana 42 · Zohar III 196–197,§ 362 (p. 226) · Eikev,Aseh 141–142,LT Devarim · Folio 95 · day 342 of 364,Prayer 37 · day 342 of 364,"Tosefta Nega'im 6, 7, 8, 9 · Week 45 · Day 6",Esther 9 & 10 · Week 45 · Day 6,Tale 12 — The Prayer Leader · cycle 25 · day 2 of 13,Likutei Etzot · Hospitality · day 314 of 369,OC 627–628 · half-days 627 & 628,Eikev,Rav Pe’alim · Vol IV · Orach Chayim 40 · Vol IV · Orach Chayim 41,Se’if ד׳ · day 2 of 13,"כָּל יִשְׂרָאֵל יֵשׁ לָהֶם חֵלֶק לְעוֹלָם הַבָּא שֶׁנֶאֱמַר וְעַמֵךְ כּוּלָם צַדִיקִים לְעוֹלָם יִירְשׁוּ אָרֶץ נֵצֶר מַטָעַי מַעֲשֵׂה יָדַי לְהִתְפָּאֵר · סנהדרין צ,א",Immovable Partnerships 5 · Divisions of Partnerships 1,Bechorot · 15a · Av,Gratitude — 10/27 · Gratitude — 11/27,Devarim Story 9 · Eikev,,Class 105 · of 118,Eikev · Day 4,Day 314 · of 369,Chapter 12 · cycle 25,The Garden of Healing · cycle 12 of 13,Phase 12 · day 2 of 13,Gate 4 · Gate 5 · Gate 6 · day 2 of 13,"Shevitat Yom Tov · Chametz u'Matzah · Shofar, Sukkah v'Lul · set 13 of 14 · day 6 of 28",,Story 342 · Parshat Eikev
315,2027-08-19,16 Av,Eikev,Tinyana 43 · KST § 363 (p. 227) · Aseh 143–144,ז Zayin · זף · set 15 · day 7 of 22,Malchut shebeMalchut · shebeMalchut · day 49 of 49,מלה · 23 of 72 · דְּלָיָהוּ 23 · וְיָשֵׂם,Summer · 42 of 91 · Ratzo · F2 letter 19 · Eicha 2:19 · ק,2nd cycle 12 · day 3 of 13 · VeChata'ah,Cycle 8 · day 28 of 41 · Neshamah 8 of 10 · Do Not Steal,OC 629–630 · Orach Chaim · 629 of 728,Eikev · D5 · P4 · C7,set 13 · 7/28 · Divisions of Partnerships 2 · Boundaries 1,Tinyana 43 · Zohar III 198–201,§ 363 (p. 227) · Eikev,Aseh 143–144,LT Devarim · Folio 96 · day 343 of 364,Prayer 38 · day 343 of 364,"Tosefta Parah 1, 2, 3, 4 · Week 45 · Day 7",Daniel 1 & 2 · Week 45 · Day 7,Tale 12 — The Prayer Leader · cycle 25 · day 3 of 13,Likutei Etzot · Eretz Israel · day 315 of 369,OC 629–630 · half-days 629 & 630,Eikev,Rav Pe’alim · Vol IV · Orach Chayim 42 · Vol IV · Orach Chayim 43,Se’if ה׳ · day 3 of 13,כִּי קָרוֹב אֵלֶיךָ הַדָבָר מְאֹד בְּפִיךָ וּבִּלְבָבְךָ לַעֲשׂוֹתוֹ · דברים ל:יד,Divisions of Partnerships 2 · Boundaries 1,Bechorot · 15a · Av,Gratitude — 10/27 · Gratitude — 11/27,Devarim Story 9 · Eikev,,Class 106 · of 118,Eikev · Day 5,Day 315 · of 369,Chapter 12 · cycle 25,The Garden of Healing · cycle 12 of 13,Phase 12 · day 3 of 13,Gate 7 · Gate 8 · Gate 9 · day 3 of 13,Shekalim · Kiddush HaChodesh · Ta'aniyot · set 13 of 14 · day 7 of 28,,Story 343 · Parshat Eikev
316,2027-08-20,17 Av,Eikev,Tinyana 44 · KST § 364 (p. 227) · Aseh 145–146,ח Chet · חף · set 15 · day 8 of 22,Chesed shebeChochmah · week 50 · day 1 of 21,חהו · 24 of 72 · מַעַזְיָהוּ 24 · וְיָשֵׂם,Summer · 43 of 91 · Ratzo · F2 letter 20 · Eicha 2:20 · ר,2nd cycle 12 · day 4 of 13 · VeChata'ah,Cycle 8 · day 29 of 41 · Neshamah 9 of 10 · Truth / No False Witness,OC 631–632 · Orach Chaim · 631 of 728,Eikev · D6 · P4 · C7,set 13 · 8/28 · Boundaries 2–3,Tinyana 44 · Zohar III 202–203,§ 364 (p. 227) · Eikev,Aseh 145–146,LT Devarim · Folio 97 · day 344 of 364,Prayer 39 · day 344 of 364,Nega'im 5 & 6 · Week 46 · Day 1,Daniel 3 & 4 · Week 46 · Day 1,Tale 12 — The Prayer Leader · cycle 25 · day 4 of 13,Likutei Etzot · Berit · day 316 of 369,OC 631–632 · half-days 631 & 632,Eikev,Ben Ish Chai · Halachot,Se’if ו׳ · day 4 of 13,וְהִנֵה ה׳ נִצָב עָלָיו וּמְלֹא כָל הָאָרֶץ כּבוֹדוֹ וּמַבִּיט עָלָיו וּבוֹחֵן כְּלָיוֹת וָלֵב אִם עוֹבְדוֹ כָּרָאוּי · תניא פרק מא,Boundaries 2–3,Bechorot · 15a · Av,Gratitude — 10/27 · Gratitude — 11/27,Devarim Story 9 · Eikev,,Class 107 · of 118,Eikev · Day 6,Day 316 · of 369,Chapter 12 · cycle 25,The Garden of Healing · cycle 12 of 13,Phase 12 · day 4 of 13,Gate 10 · Gate 11 · Gate 12 · day 4 of 13,Megillah v'Chanukah · Ishut · Geirushin · set 13 of 14 · day 8 of 28,,Story 344 · Parshat Eikev
317,2027-08-21,18 Av,Eikev,Tinyana 45 · KST § 365–366 (p. 227) · Aseh 147–148,ט Tet · טף · set 15 · day 9 of 22,Gevurah shebeChochmah · week 50 · day 2 of 21,נתה · 25 of 72 · יְהוֹיָרִיב 1 · לְךָ,Summer · 44 of 91 · Ratzo · F2 letter 21 · Eicha 2:21 · ש,2nd cycle 12 · day 5 of 13 · VeChata'ah,Cycle 8 · day 30 of 41 · Neshamah 10 of 10 · Do Not Covet,OC 633–634 · Orach Chaim · 633 of 728,Eikev · D7 · P4 · C7,set 13 · 9/28 · Boundaries 4 · Partners 1 · Eikev,Tinyana 45 · Zohar III 204–205,§ 365–366 (p. 227) · Eikev,Aseh 147–148,LT Devarim · Folio 98 · day 345 of 364,Prayer 40 · day 345 of 364,Nega'im 7 & 8 · Week 46 · Day 2,Daniel 5 & 6 · Week 46 · Day 2,Tale 12 — The Prayer Leader · cycle 25 · day 5 of 13,Likutei Etzot · Children · day 317 of 369,OC 633–634 · half-days 633 & 634,Eikev,Ben Ish Chai · Drash · Eikev · Drash,Se’if ז׳ · day 5 of 13,בְּרֵאשִׁית בָּרָא אֶלֹקִים אֵת הַשָׁמַיִם וְאֵת הָאָרֶץ · בראשית א:א,Boundaries 4 · Partners 1,Bechorot · 15a · Av,Gratitude — 10/27 · Gratitude — 11/27,Devarim Story 9 · Eikev,,Class 108 · of 118,Sefer Yetzirah · 5:9,Day 317 · of 369,Chapter 12 · cycle 25,The Garden of Healing · cycle 12 of 13,Phase 12 · day 5 of 13,Gate 13 · Gate 14 · Gate 15 · day 5 of 13,Yibum v'Chalitzah · Na'arah Betulah · Sotah · set 13 of 14 · day 9 of 28,,Story 345 · Parshat Eikev
318,2027-08-22,19 Av,Re'eh,Tinyana 46 · KST § 367 (p. 229) · Aseh 149–150,י Yud · יף · set 15 · day 10 of 22,Tiferet shebeChochmah · week 50 · day 3 of 21,האא · 26 of 72 · יְדַעְיָה 2 · לְךָ,Summer · 45 of 91 · Ratzo · F2 letter 22 · Eicha 2:22 · ת,2nd cycle 12 · day 6 of 13 · VeChata'ah,Cycle 8 · day 31 of 41 · Chayah 1 of 10 · I Am the Lord,OC 635–636 · Orach Chaim · 635 of 728,Re'eh · D1 · P5 · C7,set 13 · 10/28 · Partners 2–3,Tinyana 46 · Zohar III 206–207,§ 367 (p. 229) · Re'eh,Aseh 149–150,LT Devarim · Folio 99 · day 346 of 364,Prayer 41 · day 346 of 364,Nega'im 9 & 10 · Week 46 · Day 3,Daniel 7 & 8 · Week 46 · Day 3,Tale 12 — The Prayer Leader · cycle 25 · day 6 of 13,Likutei Etzot · Trust · day 318 of 369,OC 635–636 · half-days 635 & 636,,Rav Pe’alim · Vol IV · Yoreh Deah 1 · Vol IV · Yoreh Deah 2,Se’if ח׳ · day 6 of 13,וְשִׁנַנְתָּם לְבָנֶיךָ וְדִבַּרְתָּ בָּם בְּשִׁבְתְּךָ בְּבֵיתֶךָ וּבְלֶכְתְּךָ בַדֶרֶךְ וּבְשָׁכְבְּךָ וּבְקוּמֶךָ · דברים ו:ז,Partners 2–3,Bechorot · 15a · Av,Gratitude — 12/27 · Gratitude — 13/27,Story 83 · 84 · Re'eh,,Class 109 · of 118,Re'eh · Day 1,Day 318 · of 369,Chapter 12 · cycle 25,The Garden of Healing · cycle 12 of 13,Phase 12 · day 6 of 13,Gate 16 · Gate 17 · Gate 18 · day 6 of 13,Issurei Biah · Ma'achalot Assurot · Shechitah · set 13 of 14 · day 10 of 28,,Story 346 · Parshat Re'eh
319,2027-08-23,20 Av,Re'eh,Tinyana 47 · KST § 368 (p. 229) · Aseh 151–152,כ Kaf · כף · set 15 · day 11 of 22,Netzach shebeChochmah · week 50 · day 4 of 21,ירת · 27 of 72 · חָרִם 3 · לְךָ,Summer · 46 of 91 · Heart of the season · Eicha 5,2nd cycle 12 · day 7 of 13 · VeChata'ah,Cycle 8 · day 32 of 41 · Chayah 2 of 10 · No Other Gods,OC 637–638 · Orach Chaim · 637 of 728,Re'eh · D2 · P5 · C7,set 13 · 11/28 · Partners 4 · Emissaries 1,Tinyana 47 · Zohar III 208–209,§ 368 (p. 229) · Re'eh,Aseh 151–152,LT Devarim · Folio 100 · day 347 of 364,Prayer 42 · day 347 of 364,Nega'im 11 & 12 · Week 46 · Day 4,Daniel 9 & 10 · Week 46 · Day 4,Tale 12 — The Prayer Leader · cycle 25 · day 7 of 13,Likutei Etzot · Shame · day 319 of 369,OC 637–638 · half-days 637 & 638,,Rav Pe’alim · Vol IV · Yoreh Deah 3 · Vol IV · Yoreh Deah 4,Se’if ט׳ · day 7 of 13,"יָגַעְתִּי וְלֹא מָצָאתִי אַל תַּאַמִין לֹא יָגַעְתִּי וּמָצָאתִי אַל תַּאַמִין יָגַעְתִּי וּמָצָאתִי תַּאַמִין · מגילה ו,ב",Partners 4 · Emissaries 1,Bechorot · 15a · Av,Gratitude — 12/27 · Gratitude — 13/27,Story 83 · 84 · Re'eh,,Class 110 · of 118,Re'eh · Day 2,Day 319 · of 369,Chapter 12 · cycle 25,The Garden of Healing · cycle 12 of 13,Phase 12 · day 7 of 13,Gate 19 · Gate 20 · Gate 21 · day 7 of 13,Shevuot · Nedarim · Nezirut · set 13 of 14 · day 11 of 28,,Story 347 · Parshat Re'eh
320,2027-08-24,21 Av,Re'eh,Tinyana 48 · KST § 369 (p. 229) · Aseh 153–154,ל Lamed · לף · set 15 · day 12 of 22,Hod shebeChochmah · week 50 · day 5 of 21,שאה · 28 of 72 · שְׂעֹרִים 4 · לְךָ,Summer · 47 of 91 · Shov · F3 letter 1 · Eicha 3:1–3 · א,2nd cycle 12 · day 8 of 13 · VeChata'ah,Cycle 8 · day 33 of 41 · Chayah 3 of 10 · Not to Profane G-d's Name,OC 639–640 · Orach Chaim · 639 of 728,Re'eh · D3 · P5 · C7,set 13 · 12/28 · Emissaries 2–3,Tinyana 48 · Zohar III 210–211,§ 369 (p. 229) · Re'eh,Aseh 153–154,Shir HaShirim / Megilas Esther · Discourses 1–3 · day 348 of 364,Prayer 43 · day 348 of 364,Nega'im 13 & 14 · Week 46 · Day 5,Daniel 11 & 12 · Week 46 · Day 5,Tale 12 — The Prayer Leader · cycle 25 · day 8 of 13,Likutei Etzot · Clothing · day 320 of 369,OC 639–640 · half-days 639 & 640,,Rav Pe’alim · Vol IV · Yoreh Deah 5 · Vol IV · Yoreh Deah 6,Se’if י׳ · day 8 of 13,וְאָהַבְתָּ לְרֵעַךָ כָּמוֹךָ – רַבִּי עַקִיבָא אוֹמֵר זֶה כְּלָל גָדוֹל בַּתּוֹרָה · ויקרא יט:יח,Emissaries 2–3,Arachin / Temura · 15b · Av / Rosh Chodesh Elul,Gratitude — 12/27 · Gratitude — 13/27,Story 83 · 84 · Re'eh,,Class 111 · of 118,Re'eh · Day 3,Day 320 · of 369,Chapter 12 · cycle 25,The Garden of Healing · cycle 12 of 13,Phase 12 · day 8 of 13,Gate 22 · Gate 23 · Gate 24 · day 8 of 13,Erchin v'Charamin · Kilayim · Matnot Aniyim · set 13 of 14 · day 12 of 28,,Story 348 · Parshat Re'eh
321,2027-08-25,22 Av,Re'eh,Tinyana 49 · KST § 370 (p. 229) · Aseh 155–156,מ Mem · מף · set 15 · day 13 of 22,Yesod shebeChochmah · week 50 · day 6 of 21,ריי · 29 of 72 · מַלְכִּיָּה 5 · לְךָ,Summer · 48 of 91 · Shov · F3 letter 2 · Eicha 3:4–6 · ב,2nd cycle 12 · day 9 of 13 · VeChata'ah,Cycle 8 · day 34 of 41 · Chayah 4 of 10 · The Sabbath,OC 641–642 · Orach Chaim · 641 of 728,Re'eh · D4 · P5 · C7,set 13 · 13/28 · Emissaries 4–5,Tinyana 49 · Zohar III 212–213,§ 370 (p. 229) · Re'eh,Aseh 155–156,Shir HaShirim / Megilas Esther · Discourses 4–6 · day 349 of 364,Prayer 44 · day 349 of 364,"Tosefta Parah 5, 6, 7, 8 · Week 46 · Day 6",Ezra 1 & 2 · Week 46 · Day 6,Tale 12 — The Prayer Leader · cycle 25 · day 9 of 13,Likutei Etzot · Arrogance and Humility · day 321 of 369,OC 641–642 · half-days 641 & 642,,Rav Pe’alim · Vol IV · Yoreh Deah 7 · Vol IV · Yoreh Deah 8,Se’if י״א · day 9 of 13,וְזֶה כָּל הָאָדָם וְתַכְלִית בְּרִיאָתוֹ וּבְרִיאַת כָּל הָעוֹלָמוֹת עֶלְיוֹנִים וְתַּחְתּוֹנִים לִהְיוֹת לוֹ דִירָה זוֹ בְּתַּחְתּוֹנִים · תניא פרק לג,Emissaries 4–5,Arachin / Temura · 15b · Av / Rosh Chodesh Elul,Gratitude — 12/27 · Gratitude — 13/27,Story 83 · 84 · Re'eh,,Class 112 · of 118,Re'eh · Day 4,Day 321 · of 369,Chapter 12 · cycle 25,The Garden of Healing · cycle 12 of 13,Phase 12 · day 9 of 13,Gate 25 · Gate 26 · Gate 27 · day 9 of 13,Terumot · Ma'aserot · Ma'aser Sheni v'Neta Revai · set 13 of 14 · day 13 of 28,,Story 349 · Parshat Re'eh
322,2027-08-26,23 Av,Re'eh,Tinyana 50 · KST § 371 (p. 230) · Aseh 157–158,נ Nun · נף · set 15 · day 14 of 22,Malchut shebeChochmah · week 50 · day 7 of 21,אום · 30 of 72 · מִיָּמִן 6 · לְךָ,Summer · 49 of 91 · Shov · F3 letter 3 · Eicha 3:7–9 · ג,2nd cycle 12 · day 10 of 13 · VeChata'ah,Cycle 8 · day 35 of 41 · Chayah 5 of 10 · Honor Parents,OC 643–644 · Orach Chaim · 643 of 728,Re'eh · D5 · P5 · C7,set 13 · 14/28 · Buying and Selling 1–2,Tinyana 50 · Zohar III 214–217,§ 371 (p. 230) · Re'eh,Aseh 157–158,Shir HaShirim / Megilas Esther · Discourses 7–9 · day 350 of 364,Prayer 45 · day 350 of 364,"Tosefta Parah 9, 10, 11, 12 · Week 46 · Day 7",Ezra 3 & 4 · Week 46 · Day 7,Tale 12 — The Prayer Leader · cycle 25 · day 10 of 13,Likutei Etzot · Knowledge · day 322 of 369,OC 643–644 · half-days 643 & 644,,Rav Pe’alim · Vol IV · Yoreh Deah 9 · Vol IV · Yoreh Deah 10,Se’if י״ב · day 10 of 13,יִשְׂמַח יִשְׂרָאֵל בְּעוֹשָׂיו פֵּירוּש שֶׁכָּל מִי שֶׁהוּא מִזֶרַע יִשְׂרָאֵל יֵשׁ לוֹ לִשְׂמוֹחַ בְּשִׂמְחַת ה׳ אַשֶׁר שָׂשׂ וְשָׂמֵחַ בְּדִירָתוֹ בְּתַּחְתּוֹנִים · תניא פרק לג,Buying and Selling 1–2,Arachin / Temura · 15b · Av / Rosh Chodesh Elul,Gratitude — 12/27 · Gratitude — 13/27,Story 83 · 84 · Re'eh,,Class 113 · of 118,Re'eh · Day 5,Day 322 · of 369,Chapter 12 · cycle 25,The Garden of Healing · cycle 12 of 13,Phase 12 · day 10 of 13,Gate 28 · Gate 29 · Gate 30 · day 10 of 13,Bikkurim · Shemitah v'Yovel · Beit HaBechirah · set 13 of 14 · day 14 of 28,,Story 350 · Parshat Re'eh
323,2027-08-27,24 Av,Re'eh,Tinyana 51 · KST § 372 (p. 230) · Aseh 159–160,ס Samech · סף · set 15 · day 15 of 22,Chesed shebeBinah · week 51 · day 8 of 21,לכב · 31 of 72 · הַקּוֹץ 7 · לְךָ,Summer · 50 of 91 · Shov · F3 letter 4 · Eicha 3:10–12 · ד,2nd cycle 12 · day 11 of 13 · VeChata'ah,Cycle 8 · day 36 of 41 · Chayah 6 of 10 · Do Not Murder,OC 645–646 · Orach Chaim · 645 of 728,Re'eh · D6 · P5 · C7,set 13 · 15/28 · Buying and Selling 3–4,Tinyana 51 · Zohar III 218–219,§ 372 (p. 230) · Re'eh,Aseh 159–160,Shir HaShirim / Megilas Esther · Discourses 10–12 · day 351 of 364,Prayer 46 · day 351 of 364,Parah 1 & 2 · Week 47 · Day 1,Ezra 5 & 6 · Week 47 · Day 1,Tale 12 — The Prayer Leader · cycle 25 · day 11 of 13,Likutei Etzot · Speech · day 323 of 369,OC 645–646 · half-days 645 & 646,,Ben Ish Chai · Halachot,Overview · day 11 of 13,"All twelve · Mivtza Chinuch, 5736",Buying and Selling 3–4,Arachin / Temura · 15b · Av / Rosh Chodesh Elul,Gratitude — 12/27 · Gratitude — 13/27,Story 83 · 84 · Re'eh,,Class 114 · of 118,Re'eh · Day 6,Day 323 · of 369,Chapter 12 · cycle 25,The Garden of Healing · cycle 12 of 13,Phase 12 · day 11 of 13,Gate 31 · Gate 32 · Ohr Ne’erav I · day 11 of 13,Klei HaMikdash · Biat HaMikdash · Issurei Mizbe'ach · set 13 of 14 · day 15 of 28,,Story 351 · Parshat Re'eh
324,2027-08-28,25 Av,Re'eh,Tinyana 52 · KST § 373–374 (p. 230) · Aseh 161–162,ע Ayin · עף · set 15 · day 16 of 22,Gevurah shebeBinah · week 51 · day 9 of 21,ושר · 32 of 72 · אֲבִיָּה 8 · לְךָ,Summer · 51 of 91 · Shov · F3 letter 5 · Eicha 3:13–15 · ה,2nd cycle 12 · day 12 of 13 · VeChata'ah,Cycle 8 · day 37 of 41 · Chayah 7 of 10 · Faithfulness,OC 647–648 · Orach Chaim · 647 of 728,Re'eh · D7 · P5 · C7,set 13 · 16/28 · Over and Under Charging 1–2 · Re'eh,Tinyana 52 · Zohar III 220–221,§ 373–374 (p. 230) · Re'eh,Aseh 161–162,Shir HaShirim / Megilas Esther · Discourses 13–15 · day 352 of 364,Prayer 47 · day 352 of 364,Parah 3 & 4 · Week 47 · Day 2,Ezra 7 & 8 · Week 47 · Day 2,Tale 12 — The Prayer Leader · cycle 25 · day 12 of 13,Likutei Etzot · Hitbodedut · day 324 of 369,OC 647–648 · half-days 647 & 648,,Ben Ish Chai · Drash · Re'eh · Drash,Se’if א׳ · day 12 of 13,תּוֹרָה צִוָה לָנוּ מֹשֶׁה מוֹרָשָׁה קְהִלַת יַעֲקֹב · דברים לג:ד,Over and Under Charging 1–2,Arachin / Temura · 15b · Av / Rosh Chodesh Elul,Gratitude — 12/27 · Gratitude — 13/27,Story 83 · 84 · Re'eh,,Class 115 · of 118,Sefer Yetzirah · 5:10,Day 324 · of 369,Chapter 12 · cycle 25,The Garden of Healing · cycle 12 of 13,Phase 12 · day 12 of 13,Ohr Ne’erav II · Ohr Ne’erav III · Ohr Ne’erav IV · day 12 of 13,Ma'aseh HaKorbanot · Temidin u'Musafin · Pesulei HaMukdash · set 13 of 14 · day 16 of 28,,Story 352 · Parshat Re'eh
325,2027-08-29,26 Av,Shoftim,Tinyana 53 · KST § 375 (p. 231) · Aseh 163–164,פ Peh · פף · set 15 · day 17 of 22,Tiferet shebeBinah · week 51 · day 10 of 21,יחו · 33 of 72 · יֵשׁוּעַ 9 · לְךָ,Summer · 52 of 91 · Shov · F3 letter 6 · Eicha 3:16–18 · ו,2nd cycle 12 · day 13 of 13 · VeChata'ah,Cycle 8 · day 38 of 41 · Chayah 8 of 10 · Do Not Steal,OC 649–650 · Orach Chaim · 649 of 728,Shoftim · D1 · P6 · C7,set 13 · 17/28 · Over and Under Charging 3 · Gifting 1,Tinyana 53 · Zohar III 222–223,§ 375 (p. 231) · Shoftim,Aseh 163–164,Shir HaShirim / Megilas Esther · Discourses 16–18 · day 353 of 364,Prayer 48 · day 353 of 364,Parah 5 & 6 · Week 47 · Day 3,Ezra 9 & 10 · Week 47 · Day 3,Tale 12 — The Prayer Leader · cycle 25 · day 13 of 13,Likutei Etzot · Strengthening · day 325 of 369,OC 649–650 · half-days 649 & 650,Shoftim,Rav Pe’alim · Vol IV · Yoreh Deah 11 · Vol IV · Yoreh Deah 12,Se’if ב׳ · day 13 of 13,שְׁמַע יִשְׂרָאֵל ה׳ אֶלֹקֵינוּ ה׳ אֶחָד · דברים ו:ד,Over and Under Charging 3 · Gifting 1,Arachin / Temura · 15b · Av / Rosh Chodesh Elul,Gratitude — 14/27 · Gratitude — 15/27,Story 85 · 86 · Shoftim,,Class 116 · of 118,Shoftim · Day 1,Day 325 · of 369,Chapter 12 · cycle 25,The Garden of Healing · cycle 12 of 13,Phase 12 · day 13 of 13,Ohr Ne’erav V · Ohr Ne’erav VI · Ohr Ne’erav VII · day 13 of 13,Avodat Yom HaKippurim · Me'ilah · Korban Pesach · set 13 of 14 · day 17 of 28,,Story 353 · Parshat Shoftim
326,2027-08-30,27 Av,Shoftim,Tinyana 54 · KST § 376 (p. 231) · Aseh 165–166,צ Tzaddik · צף · set 15 · day 18 of 22,Netzach shebeBinah · week 51 · day 11 of 21,להח · 34 of 72 · שְׁכַנְיָהוּ 10 · לְךָ,Summer · 53 of 91 · Shov · F3 letter 7 · Eicha 3:19–21 · ז,2nd cycle 13 · day 1 of 13 · VeNakeh,Cycle 8 · day 39 of 41 · Chayah 9 of 10 · Truth / No False Witness,OC 651–652 · Orach Chaim · 651 of 728,Shoftim · D2 · P6 · C7,set 13 · 18/28 · Gifting 2–3,Tinyana 54 · Zohar III 224–225,§ 376 (p. 231) · Shoftim,Aseh 165–166,Shir HaShirim / Megilas Esther · Discourses 19–21 · day 354 of 364,Prayer 49 · day 354 of 364,Parah 7 & 8 · Week 47 · Day 4,Nechemia 1 & 2 · Week 47 · Day 4,Tale 13 — The Seven Beggars · cycle 26 · day 1 of 13,Likutei Etzot · Divine Attainments · day 326 of 369,OC 651–652 · half-days 651 & 652,Shoftim,Rav Pe’alim · Vol IV · Yoreh Deah 13 · Vol IV · Yoreh Deah 14,Se’if ג׳ · day 1 of 13,"בְּכָל דוֹר וָדוֹר חַיָיב אָדָם לִרְאוֹת אֶת עַצְמוֹ כְּאִלוּ הוּא יָצָא מִמִצְרָיִם · פסחים קטז,ב",Gifting 2–3,Arachin / Temura · 15b · Av / Rosh Chodesh Elul,Gratitude — 14/27 · Gratitude — 15/27,Story 85 · 86 · Shoftim,,Class 117 · of 118,Shoftim · Day 2,Day 326 · of 369,Chapter 13 · cycle 26,Say Thank You and See Miracles (The Garden of Miracles) · cycle 13 of 13,Phase 13 · day 1 of 13,Gate 1 · Gate 2 · Gate 3 · day 1 of 13,Chagigah · Bechorot · Shegagot · set 13 of 14 · day 18 of 28,,Story 354 · Parshat Shoftim
327,2027-08-31,28 Av,Shoftim,Tinyana 55 · KST § 377 (p. 231) · Aseh 167–168,ק Kuf · קף · set 15 · day 19 of 22,Hod shebeBinah · week 51 · day 12 of 21,כוק · 35 of 72 · אֶלְיָשִׁיב 11 · לְךָ,Summer · 54 of 91 · Shov · F3 letter 8 · Eicha 3:22–24 · ח,2nd cycle 13 · day 2 of 13 · VeNakeh,Cycle 8 · day 40 of 41 · Chayah 10 of 10 · Do Not Covet,OC 653–654 · Orach Chaim · 653 of 728,Shoftim · D3 · P6 · C7,set 13 · 19/28 · Gifting 4–5,Tinyana 55 · Zohar III 226–227,§ 377 (p. 231) · Shoftim,Aseh 167–168,Shir HaShirim / Megilas Esther · Discourses 22–24 · day 355 of 364,Prayer 50 · day 355 of 364,Parah 9 & 10 · Week 47 · Day 5,Nechemia 3 & 4 · Week 47 · Day 5,Tale 13 — The Seven Beggars · cycle 26 · day 2 of 13,Likutei Etzot · Confession · day 327 of 369,OC 653–654 · half-days 653 & 654,Shoftim,Rav Pe’alim · Vol IV · Yoreh Deah 15 · Vol IV · Yoreh Deah 16,Se’if ד׳ · day 2 of 13,"כָּל יִשְׂרָאֵל יֵשׁ לָהֶם חֵלֶק לְעוֹלָם הַבָּא שֶׁנֶאֱמַר וְעַמֵךְ כּוּלָם צַדִיקִים לְעוֹלָם יִירְשׁוּ אָרֶץ נֵצֶר מַטָעַי מַעֲשֵׂה יָדַי לְהִתְפָּאֵר · סנהדרין צ,א",Gifting 4–5,Arachin / Temura · 15b · Av / Rosh Chodesh Elul,Gratitude — 14/27 · Gratitude — 15/27,Story 85 · 86 · Shoftim,,Class 118 · of 118,Shoftim · Day 3,Day 327 · of 369,Chapter 13 · cycle 26,Say Thank You and See Miracles (The Garden of Miracles) · cycle 13 of 13,Phase 13 · day 2 of 13,Gate 4 · Gate 5 · Gate 6 · day 2 of 13,Mechusrei Kapparah · Temurah · Tumat Met · set 13 of 14 · day 19 of 28,,Story 355 · Parshat Shoftim
328,2027-09-01,29 Av,Shoftim,Tinyana 56 · KST § 378 (p. 231) · Aseh 169–170,ר Reish · רף · set 15 · day 20 of 22,Yesod shebeBinah · week 51 · day 13 of 21,מנד · 36 of 72 · יָקִים 12 · לְךָ,Summer · 55 of 91 · Shov · F3 letter 9 · Eicha 3:25–27 · ט,2nd cycle 13 · day 3 of 13 · VeNakeh,,OC 655–656 · Orach Chaim · 655 of 728,Shoftim · D4 · P6 · C7,set 13 · 20/28 · a Deathly Ill Person 1–2,Tinyana 56 · Zohar III 228–229,§ 378 (p. 231) · Shoftim,Aseh 169–170,Shir HaShirim / Megilas Esther · Discourses 25–27 · day 356 of 364,Prayer 51 · day 356 of 364,"Tosefta Taharot 1, 2, 3, 4 · Week 47 · Day 6",Nechemia 5 & 6 · Week 47 · Day 6,Tale 13 — The Seven Beggars · cycle 26 · day 3 of 13,Likutei Etzot · Memory · day 328 of 369,OC 655–656 · half-days 655 & 656,Shoftim,Rav Pe’alim · Vol IV · Yoreh Deah 17 · Vol IV · Yoreh Deah 18,Se’if ה׳ · day 3 of 13,כִּי קָרוֹב אֵלֶיךָ הַדָבָר מְאֹד בְּפִיךָ וּבִּלְבָבְךָ לַעֲשׂוֹתוֹ · דברים ל:יד,a Deathly Ill Person 1–2,Arachin / Temura · 15b · Av / Rosh Chodesh Elul,Gratitude — 14/27 · Gratitude — 15/27,Story 85 · 86 · Shoftim,,Class 1 · of 118,Shoftim · Day 4,Day 328 · of 369,Chapter 13 · cycle 26,Say Thank You and See Miracles (The Garden of Miracles) · cycle 13 of 13,Phase 13 · day 3 of 13,Gate 7 · Gate 8 · Gate 9 · day 3 of 13,Parah Adumah · Tumat Tzara'at · Metamei Mishkav u'Moshav · set 13 of 14 · day 20 of 28,,Story 356 · Parshat Shoftim
329,2027-09-02,30 Av,Shoftim,Tinyana 57 · KST § 379 (p. 232) · Aseh 171–172,ש Shin · שף · set 15 · day 21 of 22,Malchut shebeBinah · week 51 · day 14 of 21,אני · 37 of 72 · חֻפָּה 13 · לְךָ,Summer · 56 of 91 · Shov · F3 letter 10 · Eicha 3:28–30 · י,2nd cycle 13 · day 4 of 13 · VeNakeh,Cycle 9 · day 1 of 41 · Nefesh 1 of 10 · I Am the Lord,OC 657–658 · Orach Chaim · 657 of 728,Shoftim · D5 · P6 · C7,set 13 · 21/28 · a Deathly Ill Person 3–4,Tinyana 57 · Zohar III 230–233,§ 379 (p. 232) · Shoftim,Aseh 171–172,Shir HaShirim / Megilas Esther · Discourses 28–30 · day 357 of 364,Prayer 52 · day 357 of 364,"Tosefta Taharot 5, 6, 7, 8 · Week 47 · Day 7",Nechemia 7 & 8 · Week 47 · Day 7,Tale 13 — The Seven Beggars · cycle 26 · day 4 of 13,Likutei Etzot · Philosophy and Secular Wisdom · day 329 of 369,OC 657–658 · half-days 657 & 658,Shoftim,Rav Pe’alim · Vol IV · Yoreh Deah 19 · Vol IV · Yoreh Deah 20,Se’if ו׳ · day 4 of 13,וְהִנֵה ה׳ נִצָב עָלָיו וּמְלֹא כָל הָאָרֶץ כּבוֹדוֹ וּמַבִּיט עָלָיו וּבוֹחֵן כְּלָיוֹת וָלֵב אִם עוֹבְדוֹ כָּרָאוּי · תניא פרק מא,a Deathly Ill Person 3–4,Arachin / Temura · 15b · Av / Rosh Chodesh Elul,Gratitude — 14/27 · Gratitude — 15/27,Story 85 · 86 · Shoftim,,Class 2 · of 118,Shoftim · Day 5,Day 329 · of 369,Chapter 13 · cycle 26,Say Thank You and See Miracles (The Garden of Miracles) · cycle 13 of 13,Phase 13 · day 4 of 13,Gate 10 · Gate 11 · Gate 12 · day 4 of 13,She'ar Avot HaTumot · Tumat Ochlin · Kelim · set 13 of 14 · day 21 of 28,,Story 357 · Parshat Shoftim
330,2027-09-03,1 Elul,Shoftim,Tinyana 58 · KST § 380 (p. 232) · Aseh 173–174,ת Tav · תף · set 15 · day 22 of 22,Chesed shebeKeter / Da’at · week 52 · day 15 of 21,חעם · 38 of 72 · יֶשֶׁבְאָב 14 · לְךָ,Summer · 57 of 91 · Shov · F3 letter 11 · Eicha 3:31–33 · כ,2nd cycle 13 · day 5 of 13 · VeNakeh,Cycle 9 · day 2 of 41 · Nefesh 2 of 10 · No Other Gods,OC 659–660 · Orach Chaim · 659 of 728,Shoftim · D6 · P6 · C7,set 13 · 22/28 · a Deathly Ill Person 5 · Lost and Found 1,Tinyana 58 · Zohar III 234–235,§ 380 (p. 232) · Shoftim,Aseh 173–174,Shir HaShirim / Megilas Esther · Discourses 31–33 · day 358 of 364,Prayer 53 · day 358 of 364,Parah 11 & 12 · Week 48 · Day 1,Nechemia 9 & 10 · Week 48 · Day 1,Tale 13 — The Seven Beggars · cycle 26 · day 5 of 13,Likutei Etzot · Marriage · day 330 of 369,OC 659–660 · half-days 659 & 660,Shoftim,Ben Ish Chai · Halachot,Se’if ז׳ · day 5 of 13,בְּרֵאשִׁית בָּרָא אֶלֹקִים אֵת הַשָׁמַיִם וְאֵת הָאָרֶץ · בראשית א:א,a Deathly Ill Person 5 · Lost and Found 1,Arachin / Temura · 15b · Av / Rosh Chodesh Elul,Gratitude — 14/27 · Gratitude — 15/27,Story 85 · 86 · Shoftim,,Class 3 · of 118,Shoftim · Day 6,Day 330 · of 369,Chapter 13 · cycle 26,Say Thank You and See Miracles (The Garden of Miracles) · cycle 13 of 13,Phase 13 · day 5 of 13,Gate 13 · Gate 14 · Gate 15 · day 5 of 13,Mikvaot · Nizkei Mamon · Genevah · set 13 of 14 · day 22 of 28,,Story 358 · Parshat Shoftim
331,2027-09-04,2 Elul,Shoftim,Tinyana 59 · KST § 381–382 (p. 232) · Aseh 175–176,א Alef · אץ · set 16 · day 1 of 22,Gevurah shebeKeter / Da’at · week 52 · day 16 of 21,רעה · 39 of 72 · בִּלְגָּה 15 · לְךָ,Summer · 58 of 91 · Shov · F3 letter 12 · Eicha 3:34–36 · ל,2nd cycle 13 · day 6 of 13 · VeNakeh,Cycle 9 · day 3 of 41 · Nefesh 3 of 10 · Not to Profane G-d's Name,OC 661–662 · Orach Chaim · 661 of 728,Shoftim · D7 · P6 · C7,set 13 · 23/28 · Lost and Found 2–3 · Shoftim,Tinyana 59 · Zohar III 236–237,§ 381–382 (p. 232) · Shoftim,Aseh 175–176,Shir HaShirim / Megilas Esther · Discourses 34–36 · day 359 of 364,Prayer 54 · day 359 of 364,Taharot 1 & 2 · Week 48 · Day 2,Nechemia 11 & 12 · Week 48 · Day 2,Tale 13 — The Seven Beggars · cycle 26 · day 6 of 13,Likutei Etzot · Midnight · day 331 of 369,OC 661–662 · half-days 661 & 662,Shoftim,Ben Ish Chai · Drash · Shoftim · Drash,Se’if ח׳ · day 6 of 13,וְשִׁנַנְתָּם לְבָנֶיךָ וְדִבַּרְתָּ בָּם בְּשִׁבְתְּךָ בְּבֵיתֶךָ וּבְלֶכְתְּךָ בַדֶרֶךְ וּבְשָׁכְבְּךָ וּבְקוּמֶךָ · דברים ו:ז,Lost and Found 2–3,Keritot · 16a · Elul,Gratitude — 14/27 · Gratitude — 15/27,Story 85 · 86 · Shoftim,,Class 4 · of 118,Sefer Yetzirah · 6:1,Day 331 · of 369,Chapter 13 · cycle 26,Say Thank You and See Miracles (The Garden of Miracles) · cycle 13 of 13,Phase 13 · day 6 of 13,Gate 16 · Gate 17 · Gate 18 · day 6 of 13,Gezelah v'Avedah · Chovel u'Mazik · Rotze'ach u'Shmirat Ne · set 13 of 14 · day 23 of 28,,Story 359 · Parshat Shoftim
332,2027-09-05,3 Elul,Ki Teitzei,Tinyana 60 · KST § 383 (p. 233) · Aseh 177–178,ב Bet · בץ · set 16 · day 2 of 22,Tiferet shebeKeter / Da’at · week 52 · day 17 of 21,ייז · 40 of 72 · אִמֵּר 16 · לְךָ,Summer · 59 of 91 · Shov · F3 letter 13 · Eicha 3:37–39 · מ,2nd cycle 13 · day 7 of 13 · VeNakeh,Cycle 9 · day 4 of 41 · Nefesh 4 of 10 · The Sabbath,OC 663–664 · Orach Chaim · 663 of 728,Ki Teitzei · D1 · P1 · C8,set 13 · 24/28 · Lost and Found 4–5,Tinyana 60 · Zohar III 238–239,§ 383 (p. 233) · Ki Teitzei,Aseh 177–178,Shir HaShirim / Megilas Esther · Discourses 37–39 · day 360 of 364,Prayer 55 · day 360 of 364,Taharot 3 & 4 · Week 48 · Day 3,Nechemia 13 &amp; Divrei HaYamim I 1 · Week 48 · Day 3,Tale 13 — The Seven Beggars · cycle 26 · day 7 of 13,Likutei Etzot · Travel · day 332 of 369,OC 663–664 · half-days 663 & 664,Ki Teitzei,Rav Pe’alim · Vol IV · Yoreh Deah 21 · Vol IV · Yoreh Deah 22,Se’if ט׳ · day 7 of 13,"יָגַעְתִּי וְלֹא מָצָאתִי אַל תַּאַמִין לֹא יָגַעְתִּי וּמָצָאתִי אַל תַּאַמִין יָגַעְתִּי וּמָצָאתִי תַּאַמִין · מגילה ו,ב",Lost and Found 4–5,Keritot · 16a · Elul,Gratitude — 16/27 · Gratitude — 17/27,Story 87 · 88 · Ki Teitzei,,Class 5 · of 118,Ki Teitzei · Day 1,Day 332 · of 369,Chapter 13 · cycle 26,Say Thank You and See Miracles (The Garden of Miracles) · cycle 13 of 13,Phase 13 · day 7 of 13,Gate 19 · Gate 20 · Gate 21 · day 7 of 13,Mechirah · Zechiyah u'Matanah · Shecheinim · set 13 of 14 · day 24 of 28,,Story 360 · Parshat Ki Teitzei
333,2027-09-06,4 Elul,Ki Teitzei,Tinyana 61 · KST § 384 (p. 234) · Aseh 179–180,ג Gimmel · גץ · set 16 · day 3 of 22,Netzach shebeKeter / Da’at · week 52 · day 18 of 21,ההה · 41 of 72 · חֵזִיר 17 · לְךָ,Summer · 60 of 91 · Shov · F3 letter 14 · Eicha 3:40–42 · נ,2nd cycle 13 · day 8 of 13 · VeNakeh,Cycle 9 · day 5 of 41 · Nefesh 5 of 10 · Honor Parents,OC 665–666 · Orach Chaim · 665 of 728,Ki Teitzei · D2 · P1 · C8,set 13 · 25/28 · Unloading and Loading 1–2,Tinyana 61 · Zohar III 240–241,§ 384 (p. 234) · Ki Teitzei,Aseh 179–180,Shir HaShirim / Megilas Esther · Discourses 40–42 · day 361 of 364,Prayer 56 · day 361 of 364,Taharot 5 & 6 · Week 48 · Day 4,Divrei HaYamim I 2 & 3 · Week 48 · Day 4,Tale 13 — The Seven Beggars · cycle 26 · day 8 of 13,Likutei Etzot · Fear of God · day 333 of 369,OC 665–666 · half-days 665 & 666,Ki Teitzei,Rav Pe’alim · Vol IV · Yoreh Deah 23 · Vol IV · Yoreh Deah 24,Se’if י׳ · day 8 of 13,וְאָהַבְתָּ לְרֵעַךָ כָּמוֹךָ – רַבִּי עַקִיבָא אוֹמֵר זֶה כְּלָל גָדוֹל בַּתּוֹרָה · ויקרא יט:יח,Unloading and Loading 1–2,Keritot · 16a · Elul,Gratitude — 16/27 · Gratitude — 17/27,Story 87 · 88 · Ki Teitzei,,Class 6 · of 118,Ki Teitzei · Day 2,Day 333 · of 369,Chapter 13 · cycle 26,Say Thank You and See Miracles (The Garden of Miracles) · cycle 13 of 13,Phase 13 · day 8 of 13,Gate 22 · Gate 23 · Gate 24 · day 8 of 13,Shluchin v'Shutafin · Avadim · Sechirut · set 13 of 14 · day 25 of 28,,Story 361 · Parshat Ki Teitzei
334,2027-09-07,5 Elul,Ki Teitzei,Tinyana 62 · KST § 385 (p. 234) · Aseh 181–182,ד Dalet · דץ · set 16 · day 4 of 22,Hod shebeKeter / Da’at · week 52 · day 19 of 21,מיכ · 42 of 72 · הַפִּצֵּץ 18 · לְךָ,Summer · 61 of 91 · Shov · F3 letter 15 · Eicha 3:43–45 · ס,2nd cycle 13 · day 9 of 13 · VeNakeh,Cycle 9 · day 6 of 41 · Nefesh 6 of 10 · Do Not Murder,OC 667–668 · Orach Chaim · 667 of 728,Ki Teitzei · D3 · P1 · C8,set 13 · 26/28 · Unloading and Loading 3 · Ownerless Property and Property of Non Jews 1,Tinyana 62 · Zohar III 242–243,§ 385 (p. 234) · Ki Teitzei,Aseh 181–182,Shir HaShirim / Megilas Esther · Discourses 43–45 · day 362 of 364,Prayer 57 · day 362 of 364,Taharot 7 & 8 · Week 48 · Day 5,Divrei HaYamim I 4 & 5 · Week 48 · Day 5,Tale 13 — The Seven Beggars · cycle 26 · day 9 of 13,Likutei Etzot · Anger · day 334 of 369,OC 667–668 · half-days 667 & 668,Ki Teitzei,Rav Pe’alim · Vol IV · Yoreh Deah 25 · Vol IV · Yoreh Deah 26,Se’if י״א · day 9 of 13,וְזֶה כָּל הָאָדָם וְתַכְלִית בְּרִיאָתוֹ וּבְרִיאַת כָּל הָעוֹלָמוֹת עֶלְיוֹנִים וְתַּחְתּוֹנִים לִהְיוֹת לוֹ דִירָה זוֹ בְּתַּחְתּוֹנִים · תניא פרק לג,Unloading and Loading 3 · Ownerless Property and Property of Non Jews 1,Keritot · 16a · Elul,Gratitude — 16/27 · Gratitude — 17/27,Story 87 · 88 · Ki Teitzei,,Class 7 · of 118,Ki Teitzei · Day 3,Day 334 · of 369,Chapter 13 · cycle 26,Say Thank You and See Miracles (The Garden of Miracles) · cycle 13 of 13,Phase 13 · day 9 of 13,Gate 25 · Gate 26 · Gate 27 · day 9 of 13,She'elah u'Fikadon · Malveh v'Loveh · To'en v'Nit'an · set 13 of 14 · day 26 of 28,,Story 362 · Parshat Ki Teitzei
335,2027-09-08,6 Elul,Ki Teitzei,Tinyana 63 · KST § 386 (p. 234) · Aseh 183–184,ה Heh · הץ · set 16 · day 5 of 22,Yesod shebeKeter / Da’at · week 52 · day 20 of 21,וול · 43 of 72 · פְּתַחְיָה 19 · לְךָ,Summer · 62 of 91 · Shov · F3 letter 16 · Eicha 3:46–48 · פ,2nd cycle 13 · day 10 of 13 · VeNakeh,Cycle 9 · day 7 of 41 · Nefesh 7 of 10 · Faithfulness,OC 669–670 · Orach Chaim · 669 of 728,Ki Teitzei · D4 · P1 · C8,set 13 · 27/28 · Ownerless Property and Property of Non Jews 2–3,Tinyana 63 · Zohar III 244–245,§ 386 (p. 234) · Ki Teitzei,Aseh 183–184,Shir HaShirim / Megilas Esther · Discourses 46–48 · day 363 of 364,Prayer 58 · day 363 of 364,"Tosefta Taharot 9, 10, 11 &amp; Tosefta Mikva'ot 1 · Week 48 · Day 6",Divrei HaYamim I 6 & 7 · Week 48 · Day 6,Tale 13 — The Seven Beggars · cycle 26 · day 10 of 13,Likutei Etzot · Honor · day 335 of 369,OC 669–670 · half-days 669 & 670,Ki Teitzei,Rav Pe’alim · Vol IV · Yoreh Deah 27 · Vol IV · Yoreh Deah 28,Se’if י״ב · day 10 of 13,יִשְׂמַח יִשְׂרָאֵל בְּעוֹשָׂיו פֵּירוּש שֶׁכָּל מִי שֶׁהוּא מִזֶרַע יִשְׂרָאֵל יֵשׁ לוֹ לִשְׂמוֹחַ בְּשִׂמְחַת ה׳ אַשֶׁר שָׂשׂ וְשָׂמֵחַ בְּדִירָתוֹ בְּתַּחְתּוֹנִים · תניא פרק לג,Ownerless Property and Property of Non Jews 2–3,Keritot · 16a · Elul,Gratitude — 16/27 · Gratitude — 17/27,Story 87 · 88 · Ki Teitzei,,Class 8 · of 118,Ki Teitzei · Day 4,Day 335 · of 369,Chapter 13 · cycle 26,Say Thank You and See Miracles (The Garden of Miracles) · cycle 13 of 13,Phase 13 · day 10 of 13,Gate 28 · Gate 29 · Gate 30 · day 10 of 13,Nachalot · Sanhedrin · Edut · set 13 of 14 · day 27 of 28,,Story 363 · Parshat Ki Teitzei
336,2027-09-09,7 Elul,Ki Teitzei,Tinyana 64 · KST § 387 (p. 235) · Aseh 185–186,ו Vav · וץ · set 16 · day 6 of 22,Malchut shebeKeter / Da’at · week 52 · day 21 of 21,ילה · 44 of 72 · יְחֶזְקֵאל 20 · לְךָ,Summer · 63 of 91 · Shov · F3 letter 17 · Eicha 3:49–51 · ע,2nd cycle 13 · day 11 of 13 · VeNakeh,Cycle 9 · day 8 of 41 · Nefesh 8 of 10 · Do Not Steal,OC 671–672 · Orach Chaim · 671 of 728,Ki Teitzei · D5 · P1 · C8,set 13 · 28/28 · Ownerless Property and Property of Non Jews 4 · Inheritance 1,Tinyana 64 · Zohar III 246–249,§ 387 (p. 235) · Ki Teitzei,Aseh 185–186,Shir HaShirim / Megilas Esther · Discourses 49–51 · day 364 of 364,Prayer 59 · day 364 of 364,"Tosefta Mikva'ot 2, 3, 4, 5 · Week 48 · Day 7",Divrei HaYamim I 8 & 9 · Week 48 · Day 7,Tale 13 — The Seven Beggars · cycle 26 · day 11 of 13,Likutei Etzot · Scoffing · day 336 of 369,OC 671–672 · half-days 671 & 672,Ki Teitzei,Rav Pe’alim · Vol IV · Yoreh Deah 29 · Vol IV · Yoreh Deah 30,Overview · day 11 of 13,"All twelve · Mivtza Chinuch, 5736",Ownerless Property and Property of Non Jews 4 · Inheritance 1,Keritot · 16a · Elul,Gratitude — 16/27 · Gratitude — 17/27,Story 87 · 88 · Ki Teitzei,,Class 9 · of 118,Ki Teitzei · Day 5,Day 336 · of 369,Chapter 13 · cycle 26,Say Thank You and See Miracles (The Garden of Miracles) · cycle 13 of 13,Phase 13 · day 11 of 13,Gate 31 · Gate 32 · Ohr Ne’erav I · day 11 of 13,Mamrim · Evel · Melachim u'Milchamos · set 13 of 14 · day 28 of 28,,Story 364 · Parshat Ki Teitzei
337,2027-09-10,8 Elul,Ki Teitzei,Tinyana 65 · KST § 388 (p. 236) · Aseh 187–188,ז Zayin · זץ · set 16 · day 7 of 22,Chesed shebeChesed · shebeChesed · day 1 of 49,סאל · 45 of 72 · יָכִין 21 · לְךָ,Summer · 64 of 91 · Shov · F3 letter 18 · Eicha 3:52–54 · צ,2nd cycle 13 · day 12 of 13 · VeNakeh,Cycle 9 · day 9 of 41 · Nefesh 9 of 10 · Truth / No False Witness,OC 673–674 · Orach Chaim · 673 of 728,Ki Teitzei · D6 · P1 · C8,set 14 · 1/28 · Inheritance 2–3,Tinyana 65 · Zohar III 250–251,§ 388 (p. 236) · Ki Teitzei,Aseh 187–188,Cover · day 1 of 364,Introduction · day 1 of 364,Taharot 9 & 10 · Week 49 · Day 1,Divrei HaYamim I 10 & 11 · Week 49 · Day 1,Tale 13 — The Seven Beggars · cycle 26 · day 12 of 13,Likutei Etzot · Money and Livelihood · day 337 of 369,OC 673–674 · half-days 673 & 674,Ki Teitzei,Ben Ish Chai · Halachot,Se’if א׳ · day 12 of 13,תּוֹרָה צִוָה לָנוּ מֹשֶׁה מוֹרָשָׁה קְהִלַת יַעֲקֹב · דברים לג:ד,Inheritance 2–3,Keritot · 16a · Elul,Gratitude — 16/27 · Gratitude — 17/27,Story 87 · 88 · Ki Teitzei,,Class 10 · of 118,Ki Teitzei · Day 6,Day 337 · of 369,Chapter 13 · cycle 26,Say Thank You and See Miracles (The Garden of Miracles) · cycle 13 of 13,Phase 13 · day 12 of 13,Ohr Ne’erav II · Ohr Ne’erav III · Ohr Ne’erav IV · day 12 of 13,Enumeration of the 613 Mitzvos · Yesodei HaTorah · De'ot · set 14 of 14 · day 1 of 28,,Story 1 · Parshat Ki Teitzei
338,2027-09-11,9 Elul,Ki Teitzei,Tinyana 66 · KST § 389–390 (p. 236) · Aseh 189–190,ח Chet · חץ · set 16 · day 8 of 22,Gevurah shebeChesed · shebeChesed · day 2 of 49,ערי · 46 of 72 · גָּמוּל 22 · לְךָ,Summer · 65 of 91 · Shov · F3 letter 19 · Eicha 3:55–57 · ק,2nd cycle 13 · day 13 of 13 · VeNakeh,Cycle 9 · day 10 of 41 · Nefesh 10 of 10 · Do Not Covet,OC 675–676 · Orach Chaim · 675 of 728,Ki Teitzei · D7 · P1 · C8,set 14 · 2/28 · Inheritance 4 · an Apotropos 1 · Ki Teitzei,Tinyana 66 · Zohar III 252–253,§ 389–390 (p. 236) · Ki Teitzei,Aseh 189–190,Torah Ohr · Folio 1 · day 2 of 364,Prayer 1 — first half · day 2 of 364,Mikva'ot 1 & 2 · Week 49 · Day 2,Divrei HaYamim I 12 & 13 · Week 49 · Day 2,Tale 13 — The Seven Beggars · cycle 26 · day 13 of 13,Likutei Etzot · Thoughts · day 338 of 369,OC 675–676 · half-days 675 & 676,Ki Teitzei,Ben Ish Chai · Drash · Ki Teitzei · Drash,Se’if ב׳ · day 13 of 13,שְׁמַע יִשְׂרָאֵל ה׳ אֶלֹקֵינוּ ה׳ אֶחָד · דברים ו:ד,Inheritance 4 · an Apotropos 1,Keritot · 16a · Elul,Gratitude — 16/27 · Gratitude — 17/27,Story 87 · 88 · Ki Teitzei,,Class 11 · of 118,Sefer Yetzirah · 6:2,Day 338 · of 369,Chapter 13 · cycle 26,Say Thank You and See Miracles (The Garden of Miracles) · cycle 13 of 13,Phase 13 · day 13 of 13,Ohr Ne’erav V · Ohr Ne’erav VI · Ohr Ne’erav VII · day 13 of 13,Talmud Torah · Avodah Zarah · Teshuvah · set 14 of 14 · day 2 of 28,,Story 2 · Parshat Ki Teitzei
339,2027-09-12,10 Elul,Ki Tavo,Tinyana 67 · KST § 391 (p. 238) · Aseh 191–192,ט Tet · טץ · set 16 · day 9 of 22,Tiferet shebeChesed · shebeChesed · day 3 of 49,עשל · 47 of 72 · דְּלָיָהוּ 23 · לְךָ,Summer · 66 of 91 · Shov · F3 letter 20 · Eicha 3:58–60 · ר,"microcosm cycle 1 of 2 · day 1 of 13 · Micha, all thirteen",Cycle 9 · day 11 of 41 · Ruach 1 of 10 · I Am the Lord,OC 677–678 · Orach Chaim · 677 of 728,Ki Tavo · D1 · P2 · C8,set 14 · 3/28 · an Apotropos 2–3,Tinyana 67 · Zohar III 254–255,§ 391 (p. 238) · Ki Tavo,Aseh 191–192,Torah Ohr · Folio 2 · day 3 of 364,Prayer 1 — second half · day 3 of 364,Mikva'ot 3 & 4 · Week 49 · Day 3,Divrei HaYamim I 14 & 15 · Week 49 · Day 3,Chapter 1 · cycle 27 · day 1 of 13,Likutei Etzot · Dispute and Discord · day 339 of 369,OC 677–678 · half-days 677 & 678,,Rav Pe’alim · Vol IV · Yoreh Deah 31 · Vol IV · Yoreh Deah 32,Se’if ג׳ · day 1 of 13,"בְּכָל דוֹר וָדוֹר חַיָיב אָדָם לִרְאוֹת אֶת עַצְמוֹ כְּאִלוּ הוּא יָצָא מִמִצְרָיִם · פסחים קטז,ב",an Apotropos 2–3,Keritot · 16a · Elul,Gratitude — 18/27 · Gratitude — 19/27,Story 89 · 90 · Ki Tavo,,Class 12 · of 118,Ki Tavo · Day 1,Day 339 · of 369,Chapter 1 · cycle 27,The Garden of Emuna · cycle 1 of 13,Phase 1 · day 1 of 13,Gate 1 · Gate 2 · Gate 3 · day 1 of 13,"Kriat Shema · Tefilah u'Birkat Kohanim · Tefillin, Mezuzah · set 14 of 14 · day 3 of 28",,Story 3 · Parshat Ki Tavo
340,2027-09-13,11 Elul,Ki Tavo,Tinyana 68 · KST § 392 (p. 238) · Aseh 193–194,י Yud · יץ · set 16 · day 10 of 22,Netzach shebeChesed · shebeChesed · day 4 of 49,מיה · 48 of 72 · מַעַזְיָהוּ 24 · לְךָ,Summer · 67 of 91 · Shov · F3 letter 21 · Eicha 3:61–63 · ש,"microcosm cycle 1 of 2 · day 2 of 13 · Micha, all thirteen",Cycle 9 · day 12 of 41 · Ruach 2 of 10 · No Other Gods,OC 679–680 · Orach Chaim · 679 of 728,Ki Tavo · D2 · P2 · C8,set 14 · 4/28 · Deposit and Four Guards 1–2,Tinyana 68 · Zohar III 256–257,§ 392 (p. 238) · Ki Tavo,Aseh 193–194,Torah Ohr · Folio 3 · day 4 of 364,Prayer 2 — first half · day 4 of 364,Mikva'ot 5 & 6 · Week 49 · Day 4,Divrei HaYamim I 16 & 17 · Week 49 · Day 4,Chapter 2 · cycle 27 · day 2 of 13,Likutei Etzot · Obstacles and Inhibitions · day 340 of 369,OC 679–680 · half-days 679 & 680,,Rav Pe’alim · Vol IV · Yoreh Deah 33 · Vol IV · Yoreh Deah 34,Se’if ד׳ · day 2 of 13,"כָּל יִשְׂרָאֵל יֵשׁ לָהֶם חֵלֶק לְעוֹלָם הַבָּא שֶׁנֶאֱמַר וְעַמֵךְ כּוּלָם צַדִיקִים לְעוֹלָם יִירְשׁוּ אָרֶץ נֵצֶר מַטָעַי מַעֲשֵׂה יָדַי לְהִתְפָּאֵר · סנהדרין צ,א",Deposit and Four Guards 1–2,Keritot · 16a · Elul,Gratitude — 18/27 · Gratitude — 19/27,Story 89 · 90 · Ki Tavo,,Class 13 · of 118,Ki Tavo · Day 2,Day 340 · of 369,Chapter 2 · cycle 27,The Garden of Peace · cycle 2 of 13,Phase 2 · day 2 of 13,Gate 4 · Gate 5 · Gate 6 · day 2 of 13,Tzitzit · Berachot · Milah · set 14 of 14 · day 4 of 28,,Story 4 · Parshat Ki Tavo
341,2027-09-14,12 Elul,Ki Tavo,Tinyana 69 · KST § 393 (p. 239) · Aseh 195–196,כ Kaf · כץ · set 16 · day 11 of 22,Hod shebeChesed · shebeChesed · day 5 of 49,והו · 49 of 72 · יְהוֹיָרִיב 1 · שָׁלוֹם,Summer · 68 of 91 · Shov · F3 letter 22 · Eicha 3:64–66 · ת,"microcosm cycle 1 of 2 · day 3 of 13 · Micha, all thirteen",Cycle 9 · day 13 of 41 · Ruach 3 of 10 · Not to Profane G-d's Name,OC 681–682 · Orach Chaim · 681 of 728,Ki Tavo · D3 · P2 · C8,set 14 · 5/28 · Deposit and Four Guards 3–4,Tinyana 69 · Zohar III 258–259,§ 393 (p. 239) · Ki Tavo,Aseh 195–196,Torah Ohr · Folio 4 · day 5 of 364,Prayer 2 — second half · day 5 of 364,Mikva'ot 7 & 8 · Week 49 · Day 5,Divrei HaYamim I 18 & 19 · Week 49 · Day 5,Chapter 3 · cycle 27 · day 3 of 13,Likutei Etzot · Mikveh · day 341 of 369,OC 681–682 · half-days 681 & 682,,Rav Pe’alim · Vol IV · Yoreh Deah 35 · Vol IV · Yoreh Deah 36,Se’if ה׳ · day 3 of 13,כִּי קָרוֹב אֵלֶיךָ הַדָבָר מְאֹד בְּפִיךָ וּבִּלְבָבְךָ לַעֲשׂוֹתוֹ · דברים ל:יד,Deposit and Four Guards 3–4,Keritot · 16a · Elul,Gratitude — 18/27 · Gratitude — 19/27,Story 89 · 90 · Ki Tavo,,Class 14 · of 118,Ki Tavo · Day 3,Day 341 · of 369,Chapter 3 · cycle 27,Women's Wisdom · cycle 3 of 13,Phase 3 · day 3 of 13,Gate 7 · Gate 8 · Gate 9 · day 3 of 13,Shabbat · Eruvin · Shevitat Asor · set 14 of 14 · day 5 of 28,,Story 5 · Parshat Ki Tavo
342,2027-09-15,13 Elul,Ki Tavo,Tinyana 70 · KST § 394 (p. 243) · Aseh 197–198,ל Lamed · לץ · set 16 · day 12 of 22,Yesod shebeChesed · shebeChesed · day 6 of 49,דני · 50 of 72 · יְדַעְיָה 2 · שָׁלוֹם,Summer · 69 of 91 · Left Kidney · Eicha 5,"microcosm cycle 1 of 2 · day 4 of 13 · Micha, all thirteen",Cycle 9 · day 14 of 41 · Ruach 4 of 10 · The Sabbath,OC 683–684 · Orach Chaim · 683 of 728,Ki Tavo · D4 · P2 · C8,set 14 · 6/28 · Deposit and Four Guards 5 · Paid Guardians 1,Tinyana 70 · Zohar III 260–261,§ 394 (p. 243) · Ki Tavo,Aseh 197–198,Torah Ohr · Folio 5 · day 6 of 364,Prayer 3 — first half · day 6 of 364,"Tosefta Mikva'ot 6, 7, 8 &amp; Tosefta Niddah 1, 2 · Week 49 · Day 6",Divrei HaYamim I 20 & 21 · Week 49 · Day 6,Chapter 4 · cycle 27 · day 4 of 13,Likutei Etzot · Shabbat · day 342 of 369,OC 683–684 · half-days 683 & 684,,Rav Pe’alim · Vol IV · Yoreh Deah 37 · Vol IV · Yoreh Deah 38,Se’if ו׳ · day 4 of 13,וְהִנֵה ה׳ נִצָב עָלָיו וּמְלֹא כָל הָאָרֶץ כּבוֹדוֹ וּמַבִּיט עָלָיו וּבוֹחֵן כְּלָיוֹת וָלֵב אִם עוֹבְדוֹ כָּרָאוּי · תניא פרק מא,Deposit and Four Guards 5 · Paid Guardians 1,Meilah / Tamid · 16b · Elul,Gratitude — 18/27 · Gratitude — 19/27,Story 89 · 90 · Ki Tavo,,Class 15 · of 118,Ki Tavo · Day 4,Day 342 · of 369,Chapter 4 · cycle 27,The Garden of Yearning · cycle 4 of 13,Phase 4 · day 4 of 13,Gate 10 · Gate 11 · Gate 12 · day 4 of 13,"Shevitat Yom Tov · Chametz u'Matzah · Shofar, Sukkah v'Lul · set 14 of 14 · day 6 of 28",,Story 6 · Parshat Ki Tavo
343,2027-09-16,14 Elul,Ki Tavo,Tinyana 71 · KST § 395 (p. 243) · Aseh 199–200,מ Mem · מץ · set 16 · day 13 of 22,Malchut shebeChesed · shebeChesed · day 7 of 49,החש · 51 of 72 · חָרִם 3 · שָׁלוֹם,Summer · 70 of 91 · Shov · F4 letter 1 · Eicha 4:1 · א,"microcosm cycle 1 of 2 · day 5 of 13 · Micha, all thirteen",Cycle 9 · day 15 of 41 · Ruach 5 of 10 · Honor Parents,OC 685–686 · Orach Chaim · 685 of 728,Ki Tavo · D5 · P2 · C8,set 14 · 7/28 · Paid Guardians 2–3,Tinyana 71 · Zohar III 262–265,§ 395 (p. 243) · Ki Tavo,Aseh 199–200,Torah Ohr · Folio 6 · day 7 of 364,Prayer 3 — second half · day 7 of 364,"Tosefta Niddah 3, 4, 5, 6 · Week 49 · Day 7",Divrei HaYamim I 22 & 23 · Week 49 · Day 7,Chapter 5 · cycle 27 · day 5 of 13,Likutei Etzot · Rosh Chodesh & Three Festivals · day 343 of 369,OC 685–686 · half-days 685 & 686,,Rav Pe’alim · Vol IV · Yoreh Deah 39 · Vol IV · Even HaEzer 1,Se’if ז׳ · day 5 of 13,בְּרֵאשִׁית בָּרָא אֶלֹקִים אֵת הַשָׁמַיִם וְאֵת הָאָרֶץ · בראשית א:א,Paid Guardians 2–3,Meilah / Tamid · 16b · Elul,Gratitude — 18/27 · Gratitude — 19/27,Story 89 · 90 · Ki Tavo,,Class 16 · of 118,Ki Tavo · Day 5,Day 343 · of 369,Chapter 5 · cycle 27,In Forest Fields · cycle 5 of 13,Phase 5 · day 5 of 13,Gate 13 · Gate 14 · Gate 15 · day 5 of 13,Shekalim · Kiddush HaChodesh · Ta'aniyot · set 14 of 14 · day 7 of 28,,Story 7 · Parshat Ki Tavo
344,2027-09-17,15 Elul,Ki Tavo,Tinyana 72 · KST § 396 (p. 245) · Aseh 201–202,נ Nun · נץ · set 16 · day 14 of 22,Chesed shebeGevurah · shebeChesed · day 8 of 49,עמם · 52 of 72 · שְׂעֹרִים 4 · שָׁלוֹם,Summer · 71 of 91 · Shov · F4 letter 2 · Eicha 4:2 · ב,"microcosm cycle 1 of 2 · day 6 of 13 · Micha, all thirteen",Cycle 9 · day 16 of 41 · Ruach 6 of 10 · Do Not Murder,OC 687–688 · Orach Chaim · 687 of 728,Ki Tavo · D6 · P2 · C8,set 14 · 8/28 · Artisans 1–2,Tinyana 72 · Zohar III 266–267,§ 396 (p. 245) · Ki Tavo,Aseh 201–202,Torah Ohr · Folio 7 · day 8 of 364,Prayer 4 — first half · day 8 of 364,Mikva'ot 9 & 10 · Week 50 · Day 1,Divrei HaYamim I 24 & 25 · Week 50 · Day 1,Chapter 6 · cycle 27 · day 6 of 13,Likutei Etzot · Nisan-Passover & Omer-Shavuot · day 344 of 369,OC 687–688 · half-days 687 & 688,,Ben Ish Chai · Halachot,Se’if ח׳ · day 6 of 13,וְשִׁנַנְתָּם לְבָנֶיךָ וְדִבַּרְתָּ בָּם בְּשִׁבְתְּךָ בְּבֵיתֶךָ וּבְלֶכְתְּךָ בַדֶרֶךְ וּבְשָׁכְבְּךָ וּבְקוּמֶךָ · דברים ו:ז,Artisans 1–2,Meilah / Tamid · 16b · Elul,Gratitude — 18/27 · Gratitude — 19/27,Story 89 · 90 · Ki Tavo,,Class 17 · of 118,Ki Tavo · Day 6,Day 344 · of 369,Chapter 6 · cycle 27,The Garden of Riches · cycle 6 of 13,Phase 6 · day 6 of 13,Gate 16 · Gate 17 · Gate 18 · day 6 of 13,Megillah v'Chanukah · Ishut · Geirushin · set 14 of 14 · day 8 of 28,,Story 8 · Parshat Ki Tavo
345,2027-09-18,16 Elul,Ki Tavo,Tinyana 73 · KST § 397–398 (p. 246) · Aseh 203–204,ס Samech · סץ · set 16 · day 15 of 22,Gevurah shebeGevurah · shebeChesed · day 9 of 49,ננא · 53 of 72 · מַלְכִּיָּה 5 · שָׁלוֹם,Summer · 72 of 91 · Shov · F4 letter 3 · Eicha 4:3 · ג,"microcosm cycle 1 of 2 · day 7 of 13 · Micha, all thirteen",Cycle 9 · day 17 of 41 · Ruach 7 of 10 · Faithfulness,OC 689–690 · Orach Chaim · 689 of 728,Ki Tavo · D7 · P2 · C8,set 14 · 9/28 · Artisans 3 · Hiring 1 · Ki Tavo,Tinyana 73 · Zohar III 268–269,§ 397–398 (p. 246) · Ki Tavo,Aseh 203–204,Torah Ohr · Folio 8 · day 9 of 364,Prayer 4 — second half · day 9 of 364,Niddah 1 & 2 · Week 50 · Day 2,Divrei HaYamim I 26 & 27 · Week 50 · Day 2,Chapter 7 · cycle 27 · day 7 of 13,Likutei Etzot · Three Weeks & Elul · day 345 of 369,OC 689–690 · half-days 689 & 690,,Ben Ish Chai · Drash · Ki Tavo · Drash,Se’if ט׳ · day 7 of 13,"יָגַעְתִּי וְלֹא מָצָאתִי אַל תַּאַמִין לֹא יָגַעְתִּי וּמָצָאתִי אַל תַּאַמִין יָגַעְתִּי וּמָצָאתִי תַּאַמִין · מגילה ו,ב",Artisans 3 · Hiring 1,Meilah / Tamid · 16b · Elul,Gratitude — 18/27 · Gratitude — 19/27,Story 89 · 90 · Ki Tavo,,Class 18 · of 118,Sefer Yetzirah · 6:3,Day 345 · of 369,Chapter 7 · cycle 27,The Garden of Gratitude · cycle 7 of 13,Phase 7 · day 7 of 13,Gate 19 · Gate 20 · Gate 21 · day 7 of 13,Yibum v'Chalitzah · Na'arah Betulah · Sotah · set 14 of 14 · day 9 of 28,,Story 9 · Parshat Ki Tavo
346,2027-09-19,17 Elul,Nitzavim-Vayeilech,Tinyana 74 · KST § 399 (p. 247) · Aseh 205–206,ע Ayin · עץ · set 16 · day 16 of 22,Tiferet shebeGevurah · shebeChesed · day 10 of 49,נית · 54 of 72 · מִיָּמִן 6 · שָׁלוֹם,Summer · 73 of 91 · Shov · F4 letter 4 · Eicha 4:4 · ד,"microcosm cycle 1 of 2 · day 8 of 13 · Micha, all thirteen",Cycle 9 · day 18 of 41 · Ruach 8 of 10 · Do Not Steal,OC 691–692 · Orach Chaim · 691 of 728,Nitzavim-Vayeilech · D1 · P3 & 4 · C8,set 14 · 10/28 · Hiring 2–3,Tinyana 74 · Zohar III 270–271,§ 399 (p. 247) · Nitzavim-Vayeilech,Aseh 205–206,Torah Ohr · Folio 9 · day 10 of 364,Prayer 5 — first half · day 10 of 364,Niddah 3 & 4 · Week 50 · Day 3,Divrei HaYamim I 28 & 29 · Week 50 · Day 3,Chapter 8 · cycle 27 · day 8 of 13,Likutei Etzot · Rosh Hashana · day 346 of 369,OC 691–692 · half-days 691 & 692,Vayeilech · none for Nitzavim,Rav Pe’alim · Vol IV · Even HaEzer 2 · Vol IV · Even HaEzer 3 · Vol IV · E,Se’if י׳ · day 8 of 13,וְאָהַבְתָּ לְרֵעַךָ כָּמוֹךָ – רַבִּי עַקִיבָא אוֹמֵר זֶה כְּלָל גָדוֹל בַּתּוֹרָה · ויקרא יט:יח,Hiring 2–3,Meilah / Tamid · 16b · Elul,Gratitude — 20/27 · Gratitude — 21/27,Story 91 · 92 · Nitzavim-Vayeilech,,Class 19 · of 118,Nitzavim-Vayeilech · Day 1,Day 346 · of 369,Chapter 8 · cycle 27,The Garden of Education · cycle 8 of 13,Phase 8 · day 8 of 13,Gate 22 · Gate 23 · Gate 24 · day 8 of 13,Issurei Biah · Ma'achalot Assurot · Shechitah · set 14 of 14 · day 10 of 28,,Story 10 · Parshat Nitzavim-Vayeilech
347,2027-09-20,18 Elul,Nitzavim-Vayeilech,Tinyana 75 · KST § 400 (p. 247) · Aseh 207–208,פ Peh · פץ · set 16 · day 17 of 22,Netzach shebeGevurah · shebeChesed · day 11 of 49,מבה · 55 of 72 · הַקּוֹץ 7 · שָׁלוֹם,Summer · 74 of 91 · Shov · F4 letter 5 · Eicha 4:5 · ה,"microcosm cycle 1 of 2 · day 9 of 13 · Micha, all thirteen",Cycle 9 · day 19 of 41 · Ruach 9 of 10 · Truth / No False Witness,OC 693–694 · Orach Chaim · 693 of 728,Nitzavim-Vayeilech · D2 · P3 & 4 · C8,set 14 · 11/28 · Leasing and Contract Work 1–2,Tinyana 75 · Zohar III 272–273,§ 400 (p. 247) · Nitzavim-Vayeilech,Aseh 207–208,Torah Ohr · Folio 10 · day 11 of 364,Prayer 5 — second half · day 11 of 364,Niddah 5 & 6 · Week 50 · Day 4,Divrei HaYamim II 1 & 2 · Week 50 · Day 4,Chapter 9 · cycle 27 · day 9 of 13,Likutei Etzot · Yom Kippur & Sukkot · day 347 of 369,OC 693–694 · half-days 693 & 694,Vayeilech · none for Nitzavim,Rav Pe’alim · Vol IV · Even HaEzer 6 · Vol IV · Even HaEzer 7 · Vol IV · E,Se’if י״א · day 9 of 13,וְזֶה כָּל הָאָדָם וְתַכְלִית בְּרִיאָתוֹ וּבְרִיאַת כָּל הָעוֹלָמוֹת עֶלְיוֹנִים וְתַּחְתּוֹנִים לִהְיוֹת לוֹ דִירָה זוֹ בְּתַּחְתּוֹנִים · תניא פרק לג,Leasing and Contract Work 1–2,Meilah / Tamid · 16b · Elul,Gratitude — 20/27 · Gratitude — 21/27,Story 91 · 92 · Nitzavim-Vayeilech,,Class 20 · of 118,Nitzavim-Vayeilech · Day 2,Day 347 · of 369,Chapter 9 · cycle 27,The Garden of Wisdom · cycle 9 of 13,Phase 9 · day 9 of 13,Gate 25 · Gate 26 · Gate 27 · day 9 of 13,Shevuot · Nedarim · Nezirut · set 14 of 14 · day 11 of 28,,Story 11 · Parshat Nitzavim-Vayeilech
348,2027-09-21,19 Elul,Nitzavim-Vayeilech,Tinyana 76 · KST § 401 (p. 249) · Aseh 209–210,צ Tzaddik · צץ · set 16 · day 18 of 22,Hod shebeGevurah · shebeChesed · day 12 of 49,פוי · 56 of 72 · אֲבִיָּה 8 · שָׁלוֹם,Summer · 75 of 91 · Shov · F4 letter 6 · Eicha 4:6 · ו,"microcosm cycle 1 of 2 · day 10 of 13 · Micha, all thirteen",Cycle 9 · day 20 of 41 · Ruach 10 of 10 · Do Not Covet,OC 695–696 · Orach Chaim · 695 of 728,Nitzavim-Vayeilech · D3 · P3 & 4 · C8,set 14 · 12/28 · Hiring Labourers 1–2,Tinyana 76 · Zohar III 274–275,§ 401 (p. 249) · Nitzavim-Vayeilech,Aseh 209–210,Torah Ohr · Folio 11 · day 12 of 364,Prayer 6 — first half · day 12 of 364,Niddah 7 & 8 · Week 50 · Day 5,Divrei HaYamim II 3 & 4 · Week 50 · Day 5,Chapter 10 · cycle 27 · day 10 of 13,Likutei Etzot · Chanukah & Purim · day 348 of 369,OC 695–696 · half-days 695 & 696,Vayeilech · none for Nitzavim,Rav Pe’alim · Vol IV · Even HaEzer 10 · Vol IV · Even HaEzer 11 · Vol IV ·,Se’if י״ב · day 10 of 13,יִשְׂמַח יִשְׂרָאֵל בְּעוֹשָׂיו פֵּירוּש שֶׁכָּל מִי שֶׁהוּא מִזֶרַע יִשְׂרָאֵל יֵשׁ לוֹ לִשְׂמוֹחַ בְּשִׂמְחַת ה׳ אַשֶׁר שָׂשׂ וְשָׂמֵחַ בְּדִירָתוֹ בְּתַּחְתּוֹנִים · תניא פרק לג,Hiring Labourers 1–2,Meilah / Tamid · 16b · Elul,Gratitude — 20/27 · Gratitude — 21/27,Story 91 · 92 · Nitzavim-Vayeilech,,Class 21 · of 118,Nitzavim-Vayeilech · Day 3,Day 348 · of 369,Chapter 10 · cycle 27,The Garden of Purity · cycle 10 of 13,Phase 10 · day 10 of 13,Gate 28 · Gate 29 · Gate 30 · day 10 of 13,Erchin v'Charamin · Kilayim · Matnot Aniyim · set 14 of 14 · day 12 of 28,,Story 12 · Parshat Nitzavim-Vayeilech
349,2027-09-22,20 Elul,Nitzavim-Vayeilech,Tinyana 77 · KST § 402 (p. 251) · Aseh 211–212,ק Kuf · קץ · set 16 · day 19 of 22,Yesod shebeGevurah · shebeChesed · day 13 of 49,נמם · 57 of 72 · יֵשׁוּעַ 9 · שָׁלוֹם,Summer · 76 of 91 · Shov · F4 letter 7 · Eicha 4:7 · ז,"microcosm cycle 1 of 2 · day 11 of 13 · Micha, all thirteen",Cycle 9 · day 21 of 41 · Neshamah 1 of 10 · I Am the Lord,OC 697 · Introduction · into the Chofetz Chaim · 697 of 728,Nitzavim-Vayeilech · D4 · P3 & 4 · C8,set 14 · 13/28 · Hiring Labourers 3 · Borrowing 1,Tinyana 77 · Zohar III 276–277,§ 402 (p. 251) · Nitzavim-Vayeilech,Aseh 211–212,Torah Ohr · Folio 12 · day 13 of 364,Prayer 6 — second half · day 13 of 364,"Tosefta Niddah 7, 8, 9 &amp; Tosefta Machshirim 1 · Week 50 · Day 6",Divrei HaYamim II 5 & 6 · Week 50 · Day 6,Chapter 11 · cycle 27 · day 11 of 13,Likutei Etzot · Music · day 349 of 369,OC 697 · Introduction · half-days 697 & 698,Vayeilech · none for Nitzavim,Rav Pe’alim · Vol IV · Choshen Mishpat 1 · Vol IV · Choshen Mishpat 2 · Vo,Overview · day 11 of 13,"All twelve · Mivtza Chinuch, 5736",Hiring Labourers 3 · Borrowing 1,Meilah / Tamid · 16b · Elul,Gratitude — 20/27 · Gratitude — 21/27,Story 91 · 92 · Nitzavim-Vayeilech,,Class 22 · of 118,Nitzavim-Vayeilech · Day 4,Day 349 · of 369,Chapter 11 · cycle 27,The Garden of Knowledge · cycle 11 of 13,Phase 11 · day 11 of 13,Gate 31 · Gate 32 · Ohr Ne’erav I · day 11 of 13,Terumot · Ma'aserot · Ma'aser Sheni v'Neta Revai · set 14 of 14 · day 13 of 28,,Story 13 · Parshat Nitzavim-Vayeilech
350,2027-09-23,21 Elul,Nitzavim-Vayeilech,Tinyana 78 · KST § 403 (p. 252) · Aseh 213–214,ר Reish · רץ · set 16 · day 20 of 22,Malchut shebeGevurah · shebeChesed · day 14 of 49,ייל · 58 of 72 · שְׁכַנְיָהוּ 10 · שָׁלוֹם,Summer · 77 of 91 · Shov · F4 letter 8 · Eicha 4:8 · ח,"microcosm cycle 1 of 2 · day 12 of 13 · Micha, all thirteen",Cycle 9 · day 22 of 41 · Neshamah 2 of 10 · No Other Gods,Klal 1 · Lashon Hara · Klal 2 · Lashon Hara · Chofetz Chaim · 699 of 728,Nitzavim-Vayeilech · D5 · P3 & 4 · C8,set 14 · 14/28 · Theft 1–2,Tinyana 78 · Zohar III 278–281,§ 403 (p. 252) · Nitzavim-Vayeilech,Aseh 213–214,Torah Ohr · Folio 13 · day 14 of 364,Prayer 7 — first half · day 14 of 364,"Tosefta Machshirim 2, 3 &amp; Tosefta Zavim 1, 2 · Week 50 · Day 7",Divrei HaYamim II 7 & 8 · Week 50 · Day 7,Chapter 12 · cycle 27 · day 12 of 13,Likutei Etzot · Patience · day 350 of 369,Klal 1 · Lashon Hara · Klal 2 · Lashon Hara · half-days 699 & 700,Vayeilech · none for Nitzavim,Rav Pe’alim · Vol IV · Choshen Mishpat 5 · Vol IV · Choshen Mishpat 6 · Vo,Se’if א׳ · day 12 of 13,תּוֹרָה צִוָה לָנוּ מֹשֶׁה מוֹרָשָׁה קְהִלַת יַעֲקֹב · דברים לג:ד,Theft 1–2,Meilah / Tamid · 16b · Elul,Gratitude — 20/27 · Gratitude — 21/27,Story 91 · 92 · Nitzavim-Vayeilech,,Class 23 · of 118,Nitzavim-Vayeilech · Day 5,Day 350 · of 369,Chapter 12 · cycle 27,The Garden of Healing · cycle 12 of 13,Phase 12 · day 12 of 13,Ohr Ne’erav II · Ohr Ne’erav III · Ohr Ne’erav IV · day 12 of 13,Bikkurim · Shemitah v'Yovel · Beit HaBechirah · set 14 of 14 · day 14 of 28,,Story 14 · Parshat Nitzavim-Vayeilech
351,2027-09-24,22 Elul,Nitzavim-Vayeilech,Tinyana 79 · KST § 404 (p. 252) · Aseh 215–216,ש Shin · שץ · set 16 · day 21 of 22,Chesed shebeTiferet · shebeChesed · day 15 of 49,הרח · 59 of 72 · אֶלְיָשִׁיב 11 · שָׁלוֹם,Summer · 78 of 91 · Shov · F4 letter 9 · Eicha 4:9 · ט,"microcosm cycle 1 of 2 · day 13 of 13 · Micha, all thirteen",Cycle 9 · day 23 of 41 · Neshamah 3 of 10 · Not to Profane G-d's Name,Klal 3 · Lashon Hara · Klal 4 · Lashon Hara · Chofetz Chaim · 701 of 728,Nitzavim-Vayeilech · D6 · P3 & 4 · C8,set 14 · 15/28 · Theft 3–4,Tinyana 79 · Zohar III 282–283,§ 404 (p. 252) · Nitzavim-Vayeilech,Aseh 215–216,Torah Ohr · Folio 14 · day 15 of 364,Prayer 7 — second half · day 15 of 364,Niddah 9 & 10 · Week 51 · Day 1,Divrei HaYamim II 9 & 10 · Week 51 · Day 1,Chapter 13 · cycle 27 · day 13 of 13,Likutei Etzot · Brazenness · day 351 of 369,Klal 3 · Lashon Hara · Klal 4 · Lashon Hara · half-days 701 & 702,Vayeilech · none for Nitzavim,Ben Ish Chai · Halachot,Se’if ב׳ · day 13 of 13,שְׁמַע יִשְׂרָאֵל ה׳ אֶלֹקֵינוּ ה׳ אֶחָד · דברים ו:ד,Theft 3–4,Meilah / Tamid · 16b · Elul,Gratitude — 20/27 · Gratitude — 21/27,Story 91 · 92 · Nitzavim-Vayeilech,,Class 24 · of 118,Nitzavim-Vayeilech · Day 6,Day 351 · of 369,Chapter 13 · cycle 27,Say Thank You and See Miracles (The Garden of Miracles) · cycle 13 of 13,Phase 13 · day 13 of 13,Ohr Ne’erav V · Ohr Ne’erav VI · Ohr Ne’erav VII · day 13 of 13,Klei HaMikdash · Biat HaMikdash · Issurei Mizbe'ach · set 14 of 14 · day 15 of 28,,Story 15 · Parshat Nitzavim-Vayeilech
352,2027-09-25,23 Elul,Nitzavim-Vayeilech,Tinyana 80 · KST § 405–406 (p. 252) · Aseh 217–218,ת Tav · תץ · set 16 · day 22 of 22,Gevurah shebeTiferet · shebeChesed · day 16 of 49,מצר · 60 of 72 · יָקִים 12 · שָׁלוֹם,Summer · 79 of 91 · Shov · F4 letter 10 · Eicha 4:10 · י,"microcosm cycle 2 of 2 · day 1 of 13 · Moshe, all thirteen",Cycle 9 · day 24 of 41 · Neshamah 4 of 10 · The Sabbath,Klal 5 · Lashon Hara · Klal 6 · Lashon Hara · Chofetz Chaim · 703 of 728,Nitzavim-Vayeilech · D7 · P3 & 4 · C8,set 14 · 16/28 · Theft 5 · Stealing 1 · Nitzavim-Vayeilech,Tinyana 80 · Zohar III 284–285,§ 405–406 (p. 252) · Nitzavim-Vayeilech,Aseh 217–218,Torah Ohr · Folio 15 · day 16 of 364,Prayer 8 — first half · day 16 of 364,Machshirim 1 & 2 · Week 51 · Day 2,Divrei HaYamim II 11 & 12 · Week 51 · Day 2,Tale 1 — The Lost Princess · cycle 28 · day 1 of 13,Likutei Etzot · Advice · day 352 of 369,Klal 5 · Lashon Hara · Klal 6 · Lashon Hara · half-days 703 & 704,Vayeilech · none for Nitzavim,Ben Ish Chai · Drash · Nitzavim · Drash · Vayeilech · Drash,Se’if ג׳ · day 1 of 13,"בְּכָל דוֹר וָדוֹר חַיָיב אָדָם לִרְאוֹת אֶת עַצְמוֹ כְּאִלוּ הוּא יָצָא מִמִצְרָיִם · פסחים קטז,ב",Theft 5 · Stealing 1,Meilah / Tamid · 16b · Elul,Gratitude — 20/27 · Gratitude — 21/27,Story 91 · 92 · Nitzavim-Vayeilech,,Class 25 · of 118,Sefer Yetzirah · 6:4,Day 352 · of 369,Chapter 1 · cycle 28,The Garden of Emuna · cycle 1 of 13,Phase 1 · day 1 of 13,Gate 1 · Gate 2 · Gate 3 · day 1 of 13,Ma'aseh HaKorbanot · Temidin u'Musafin · Pesulei HaMukdash · set 14 of 14 · day 16 of 28,,Story 16 · Parshat Nitzavim-Vayeilech
353,2027-09-26,24 Elul,Haazinu,Tinyana 81 · KST § 415 (p. 258) · Aseh 219–220,א Alef · אָ · set 17 · day 1 of 22,Tiferet shebeTiferet · shebeChesed · day 17 of 49,ומב · 61 of 72 · חֻפָּה 13 · שָׁלוֹם,Summer · 80 of 91 · Shov · F4 letter 11 · Eicha 4:11 · כ,"microcosm cycle 2 of 2 · day 2 of 13 · Moshe, all thirteen",Cycle 9 · day 25 of 41 · Neshamah 5 of 10 · Honor Parents,Klal 7 · Lashon Hara · Klal 8 · Lashon Hara · Chofetz Chaim · 705 of 728,Haazinu · D1 · P5 · C8,set 14 · 17/28 · Stealing 2–3,Tinyana 81 · Zohar III 286–287,§ 415 (p. 258) · Haazinu,Aseh 219–220,Torah Ohr · Folio 16 · day 17 of 364,Prayer 8 — second half · day 17 of 364,Machshirim 3 & 4 · Week 51 · Day 3,Divrei HaYamim II 13 & 14 · Week 51 · Day 3,Tale 2 — The Emperor and the King · cycle 28 · day 2 of 13,Likutei Etzot · Eyes · day 353 of 369,Klal 7 · Lashon Hara · Klal 8 · Lashon Hara · half-days 705 & 706,Haazinu,Rav Pe’alim · Vol IV · Sod Yesharim 1 · Vol IV · Sod Yesharim 2,Se’if ד׳ · day 2 of 13,"כָּל יִשְׂרָאֵל יֵשׁ לָהֶם חֵלֶק לְעוֹלָם הַבָּא שֶׁנֶאֱמַר וְעַמֵךְ כּוּלָם צַדִיקִים לְעוֹלָם יִירְשׁוּ אָרֶץ נֵצֶר מַטָעַי מַעֲשֵׂה יָדַי לְהִתְפָּאֵר · סנהדרין צ,א",Stealing 2–3,Niddah · 17a · Rosh Hashanah,Gratitude — 24/27 · Gratitude — 25/27,Story 95 · 96 · Haazinu,,Class 26 · of 118,Haazinu · Day 1,Day 353 · of 369,Chapter 2 · cycle 28,The Garden of Peace · cycle 2 of 13,Phase 2 · day 2 of 13,Gate 4 · Gate 5 · Gate 6 · day 2 of 13,Avodat Yom HaKippurim · Me'ilah · Korban Pesach · set 14 of 14 · day 17 of 28,,Story 17 · Parshat Haazinu
354,2027-09-27,25 Elul,Haazinu,Torah 1 + Tinyana 82 · KST § 416 (p. 259) · Aseh 221–222,ב Bet · אַ · set 17 · day 2 of 22,Netzach shebeTiferet · shebeChesed · day 18 of 49,יהה · 62 of 72 · יֶשֶׁבְאָב 14 · שָׁלוֹם,Summer · 81 of 91 · Shov · F4 letter 12 · Eicha 4:12 · ל,"microcosm cycle 2 of 2 · day 3 of 13 · Moshe, all thirteen",Cycle 9 · day 26 of 41 · Neshamah 6 of 10 · Do Not Murder,Klal 9 · Lashon Hara · Klal 10 · Lashon Hara · Chofetz Chaim · 707 of 728,Haazinu · D2 · P5 · C8,set 14 · 18/28 · Stealing 4–5,Torah 1 + Tinyana 82 · Zohar III 288–289,§ 416 (p. 259) · Haazinu,Lo Taaseh 1–2 · Aseh 221–222,Torah Ohr · Folio 17 · day 18 of 364,Prayer 9 — first half · day 18 of 364,Machshirim 5 & 6 · Week 51 · Day 4,Divrei HaYamim II 15 & 16 · Week 51 · Day 4,Tale 3 — The Son Who Could Not Walk · cycle 28 · day 3 of 13,Likutei Etzot · Redeeming Prisoners · day 354 of 369,Klal 9 · Lashon Hara · Klal 10 · Lashon Hara · half-days 707 & 708,Haazinu,Rav Pe’alim · Vol IV · Sod Yesharim 3 · Vol IV · Sod Yesharim 4,Se’if ה׳ · day 3 of 13,כִּי קָרוֹב אֵלֶיךָ הַדָבָר מְאֹד בְּפִיךָ וּבִּלְבָבְךָ לַעֲשׂוֹתוֹ · דברים ל:יד,Stealing 4–5,Niddah · 17a · Rosh Hashanah,Gratitude — 24/27 · Gratitude — 25/27,Story 95 · 96 · Haazinu,,Class 27 · of 118,Haazinu · Day 2,Day 354 · of 369,Chapter 3 · cycle 28,Women's Wisdom · cycle 3 of 13,Phase 3 · day 3 of 13,Gate 7 · Gate 8 · Gate 9 · day 3 of 13,Chagigah · Bechorot · Shegagot · set 14 of 14 · day 18 of 28,,Story 18 · Parshat Haazinu
355,2027-09-28,26 Elul,Haazinu,Torah 2 + Tinyana 83 · KST § 417 (p. 259) · Aseh 223–224,ג Gimmel · אֵ · set 17 · day 3 of 22,Hod shebeTiferet · shebeChesed · day 19 of 49,ענו · 63 of 72 · בִּלְגָּה 15 · שָׁלוֹם,Summer · 82 of 91 · Shov · F4 letter 13 · Eicha 4:13 · מ,"microcosm cycle 2 of 2 · day 4 of 13 · Moshe, all thirteen",Cycle 9 · day 27 of 41 · Neshamah 7 of 10 · Faithfulness,Klal 11 · Rechilut 1 · Klal 12 · Rechilut 2 · Chofetz Chaim · 709 of 728,Haazinu · D3 · P5 · C8,set 14 · 19/28 · Damages 1–2,Torah 2 + Tinyana 83 · Zohar III 290–291,§ 417 (p. 259) · Haazinu,Lo Taaseh 1–3 · Aseh 223–224,Torah Ohr · Folio 18 · day 19 of 364,Prayer 9 — second half · day 19 of 364,Zavim 1 & 2 · Week 51 · Day 5,Divrei HaYamim II 17 & 18 · Week 51 · Day 5,Tale 4 — The King Who Decreed Conversion · cycle 28 · day 4 of 13,Likutei Etzot · Tzadik · day 355 of 369,Klal 11 · Rechilut 1 · Klal 12 · Rechilut 2 · half-days 709 & 710,Haazinu,Rav Pe’alim · Vol IV · Sod Yesharim 5 · Vol IV · Sod Yesharim 6,Se’if ו׳ · day 4 of 13,וְהִנֵה ה׳ נִצָב עָלָיו וּמְלֹא כָל הָאָרֶץ כּבוֹדוֹ וּמַבִּיט עָלָיו וּבוֹחֵן כְּלָיוֹת וָלֵב אִם עוֹבְדוֹ כָּרָאוּי · תניא פרק מא,Damages 1–2,Niddah · 17a · Rosh Hashanah,Gratitude — 24/27 · Gratitude — 25/27,Story 95 · 96 · Haazinu,,Class 28 · of 118,Haazinu · Day 3,Day 355 · of 369,Chapter 4 · cycle 28,The Garden of Yearning · cycle 4 of 13,Phase 4 · day 4 of 13,Gate 10 · Gate 11 · Gate 12 · day 4 of 13,Mechusrei Kapparah · Temurah · Tumat Met · set 14 of 14 · day 19 of 28,,Story 19 · Parshat Haazinu
356,2027-09-29,27 Elul,Haazinu,Torah 3 + Tinyana 84 · KST § 418 (p. 260) · Aseh 225–226,ד Dalet · אֶ · set 17 · day 4 of 22,Yesod shebeTiferet · shebeChesed · day 20 of 49,מחי · 64 of 72 · אִמֵּר 16 · שָׁלוֹם,Summer · 83 of 91 · Shov · F4 letter 14 · Eicha 4:14 · נ,"microcosm cycle 2 of 2 · day 5 of 13 · Moshe, all thirteen",Cycle 9 · day 28 of 41 · Neshamah 8 of 10 · Do Not Steal,Klal 13 · Rechilut 3 · Klal 14 · Rechilut 4 · Chofetz Chaim · 711 of 728,Haazinu · D4 · P5 · C8,set 14 · 20/28 · Damages 3–4,Torah 3 + Tinyana 84 · Zohar III 292–293,§ 418 (p. 260) · Haazinu,Lo Taaseh 4–5 · Aseh 225–226,Torah Ohr · Folio 19 · day 20 of 364,Prayer 10 — first half · day 20 of 364,"Tosefta Zavim 3, 4, 5 &amp; Tosefta Tevul Yom 1 · Week 51 · Day 6",Divrei HaYamim II 19 & 20 · Week 51 · Day 6,Tale 5 — The King's Son Who Was Made of Precious Stones · cycle 28 · day 5 of 13,Likutei Etzot · Charity · day 356 of 369,Klal 13 · Rechilut 3 · Klal 14 · Rechilut 4 · half-days 711 & 712,Haazinu,Rav Pe’alim · Vol IV · Sod Yesharim 7 · Vol IV · Sod Yesharim 8,Se’if ז׳ · day 5 of 13,בְּרֵאשִׁית בָּרָא אֶלֹקִים אֵת הַשָׁמַיִם וְאֵת הָאָרֶץ · בראשית א:א,Damages 3–4,Niddah · 17a · Rosh Hashanah,Gratitude — 24/27 · Gratitude — 25/27,Story 95 · 96 · Haazinu,,Class 29 · of 118,Haazinu · Day 4,Day 356 · of 369,Chapter 5 · cycle 28,In Forest Fields · cycle 5 of 13,Phase 5 · day 5 of 13,Gate 13 · Gate 14 · Gate 15 · day 5 of 13,Parah Adumah · Tumat Tzara'at · Metamei Mishkav u'Moshav · set 14 of 14 · day 20 of 28,,Story 20 · Parshat Haazinu
357,2027-09-30,28 Elul,Haazinu,Torah 4 + Tinyana 85 · KST § 419 (p. 260) · Aseh 227–228,ה Heh · אְ · set 17 · day 5 of 22,Malchut shebeTiferet · shebeChesed · day 21 of 49,דמב · 65 of 72 · חֵזִיר 17 · שָׁלוֹם,Summer · 84 of 91 · Shov · F4 letter 15 · Eicha 4:15 · ס,"microcosm cycle 2 of 2 · day 6 of 13 · Moshe, all thirteen",Cycle 9 · day 29 of 41 · Neshamah 9 of 10 · Truth / No False Witness,Klal 15 · Rechilut 5 · Klal 16 · Rechilut 6 · Chofetz Chaim · 713 of 728,Haazinu · D5 · P5 · C8,set 14 · 21/28 · Damages 5 · Causing a Loss and Reporting to Government 1,Torah 4 + Tinyana 85 · Zohar III 294–297,§ 419 (p. 260) · Haazinu,Lo Taaseh 3–6 · Aseh 227–228,Torah Ohr · Folio 20 · day 21 of 364,Prayer 10 — second half · day 21 of 364,"Tosefta Tevul Yom 2 &amp; Tosefta Yadayim 1, 2 &amp; Tosefta Uktzin 1 · Week 51 · Day 7",Divrei HaYamim II 21 & 22 · Week 51 · Day 7,Tale 6 — The Humble King · cycle 28 · day 6 of 13,Likutei Etzot · Tzitzit · day 357 of 369,Klal 15 · Rechilut 5 · Klal 16 · Rechilut 6 · half-days 713 & 714,Haazinu,Rav Pe’alim · Vol IV · Sod Yesharim 9 · Vol IV · Sod Yesharim 10,Se’if ח׳ · day 6 of 13,וְשִׁנַנְתָּם לְבָנֶיךָ וְדִבַּרְתָּ בָּם בְּשִׁבְתְּךָ בְּבֵיתֶךָ וּבְלֶכְתְּךָ בַדֶרֶךְ וּבְשָׁכְבְּךָ וּבְקוּמֶךָ · דברים ו:ז,Damages 5 · Causing a Loss and Reporting to Government 1,Niddah · 17a · Rosh Hashanah,Gratitude — 24/27 · Gratitude — 25/27,Story 95 · 96 · Haazinu,,Class 30 · of 118,Haazinu · Day 5,Day 357 · of 369,Chapter 6 · cycle 28,The Garden of Riches · cycle 6 of 13,Phase 6 · day 6 of 13,Gate 16 · Gate 17 · Gate 18 · day 6 of 13,She'ar Avot HaTumot · Tumat Ochlin · Kelim · set 14 of 14 · day 21 of 28,,Story 21 · Parshat Haazinu
358,2027-10-01,29 Elul,Haazinu,Torah 5 + Tinyana 86 · KST § 420 (p. 261) · Aseh 229–230,ו Vav · אִ · set 17 · day 6 of 22,Chesed shebeNetzach · shebeChesed · day 22 of 49,מנק · 66 of 72 · הַפִּצֵּץ 18 · שָׁלוֹם,Summer · 85 of 91 · Shov · F4 letter 16 · Eicha 4:16 · פ,"microcosm cycle 2 of 2 · day 7 of 13 · Moshe, all thirteen",Cycle 9 · day 30 of 41 · Neshamah 10 of 10 · Do Not Covet,Klal 17 · Rechilut 7 · Klal 18 · Rechilut 8 · Chofetz Chaim · 715 of 728,Haazinu · D6 · P5 · C8,set 14 · 22/28 · Causing a Loss and Reporting to Government 2–3,Torah 5 + Tinyana 86 · Zohar III 298–299,§ 420 (p. 261) · Haazinu,Lo Taaseh 7–8 · Aseh 229–230,Torah Ohr · Folio 21 · day 22 of 364,Prayer 11 — first half · day 22 of 364,Zavim 3 & 4 · Week 52 · Day 1,Divrei HaYamim II 23 & 24 · Week 52 · Day 1,Tale 7 — The Fly and the Spider · cycle 28 · day 7 of 13,Likutei Etzot · Sanctity · day 358 of 369,Klal 17 · Rechilut 7 · Klal 18 · Rechilut 8 · half-days 715 & 716,Haazinu,Ben Ish Chai · Halachot,Se’if ט׳ · day 7 of 13,"יָגַעְתִּי וְלֹא מָצָאתִי אַל תַּאַמִין לֹא יָגַעְתִּי וּמָצָאתִי אַל תַּאַמִין יָגַעְתִּי וּמָצָאתִי תַּאַמִין · מגילה ו,ב",Causing a Loss and Reporting to Government 2–3,Niddah · 17a · Rosh Hashanah,Gratitude — 24/27 · Gratitude — 25/27,Story 95 · 96 · Haazinu,,Class 31 · of 118,Haazinu · Day 6,Day 358 · of 369,Chapter 7 · cycle 28,The Garden of Gratitude · cycle 7 of 13,Phase 7 · day 7 of 13,Gate 19 · Gate 20 · Gate 21 · day 7 of 13,Mikvaot · Nizkei Mamon · Genevah · set 14 of 14 · day 22 of 28,,Story 22 · Parshat Haazinu
6,2027-10-02,1 Tishrei,Haazinu,Torah 6 + Tinyana 87 · KST § 421–422 (p. 262) · Aseh 231–232,ו Vav · וא · set 1 · day 6 of 22,Gevurah shebeNetzach · shebeChesed · day 23 of 49,ללה · 6 of 72 · מִיָּמִן 6 · יְבָרֶכְךָ,Fall · 6 of 91 · Ratzo · F1 letter 6 · Eicha 1:6 · ו,1st cycle 1 · day 6 of 13 · Mi-El Kamocha,Cycle 1 · day 6 of 41 · Nefesh 6 of 10 · Do Not Murder,OC 11–12 · Orach Chaim · 11 of 728,Haazinu · D7 · P5 · C8,set 1 · 6/28 · Fringes 2–3 · Haazinu,Torah 6 + Tinyana 87 · Zohar I 11–12,§ 421–422 (p. 262) · Haazinu,Lo Taaseh 6–9 · Aseh 231–232,Torah Ohr · Folio 22 · day 23 of 364,Prayer 11 — second half · day 23 of 364,"Tosefta Brachot 1, 2, 3, 4 · Week 1 · Day 6",Joshua 11 & 12 · Week 1 · Day 6,Chapter 1 · cycle 1 · day 6 of 13,Sichos HaRan · §6 of 308 · day 6 of 369,OC 11–12 · half-days 11 & 12,Haazinu,Ben Ish Chai · Drash · Ha'Azinu · Drash,Se’if ח׳ · day 6 of 13,וְשִׁנַנְתָּם לְבָנֶיךָ וְדִבַּרְתָּ בָּם בְּשִׁבְתְּךָ בְּבֵיתֶךָ וּבְלֶכְתְּךָ בַדֶרֶךְ וּבְשָׁכְבְּךָ וּבְקוּמֶךָ · דברים ו:ז,Fringes 2–3,Brachot · 1a · Rosh Hashanah,Gratitude — 24/27 · Gratitude — 25/27,Story 95 · 96 · Haazinu,,Class 32 · of 118,Sefer Yetzirah · 6:6,Day 6 · of 369,Chapter 1 · cycle 1,The Garden of Emuna · cycle 1 of 13,Phase 1 · day 6 of 13,Gate 16 · Gate 17 · Gate 18 · day 6 of 13,"Shevitat Yom Tov · Chametz u'Matzah · Shofar, Sukkah v'Lul · set 1 of 14 · day 6 of 28",,Story 23 · Parshat Haazinu
7,2027-10-03,2 Tishrei,Haazinu,Torah 7 + Tinyana 88 · KST § 415 (p. 258) · Aseh 233–234,ז Zayin · זב · set 1 · day 7 of 22,Tiferet shebeNetzach · shebeChesed · day 24 of 49,אכא · 7 of 72 · הַקּוֹץ 7 · יְבָרֶכְךָ,Fall · 7 of 91 · Ratzo · F1 letter 7 · Eicha 1:7 · ז,1st cycle 1 · day 7 of 13 · Mi-El Kamocha,Cycle 1 · day 7 of 41 · Nefesh 7 of 10 · Faithfulness,OC 13–14 · Orach Chaim · 13 of 728,Haazinu · D1 · P5 · C8,set 1 · 7/28 · Fringes 4–5,Torah 7 + Tinyana 88 · Zohar I 13–16,§ 415 (p. 258) · Haazinu,Lo Taaseh 10–11 · Aseh 233–234,Torah Ohr · Folio 23 · day 24 of 364,Prayer 12 — first half · day 24 of 364,"Tosefta Brachot 5, 6 &amp; Tosefta Peah 1, 2 · Week 1 · Day 7",Joshua 13 & 14 · Week 1 · Day 7,Chapter 1 · cycle 1 · day 7 of 13,Sichos HaRan · §7 of 308 · day 7 of 369,OC 13–14 · half-days 13 & 14,Haazinu,Rav Pe’alim · Vol IV · Sod Yesharim 1 · Vol IV · Sod Yesharim 2,Se’if ט׳ · day 7 of 13,"יָגַעְתִּי וְלֹא מָצָאתִי אַל תַּאַמִין לֹא יָגַעְתִּי וּמָצָאתִי אַל תַּאַמִין יָגַעְתִּי וּמָצָאתִי תַּאַמִין · מגילה ו,ב",Fringes 4–5,Brachot · 1a · Rosh Hashanah,Gratitude — 24/27 · Gratitude — 25/27,Story 95 · 96 · Haazinu,,Class 33 · of 118,Haazinu · Day 1,Day 7 · of 369,Chapter 1 · cycle 1,The Garden of Emuna · cycle 1 of 13,Phase 1 · day 7 of 13,Gate 19 · Gate 20 · Gate 21 · day 7 of 13,Shekalim · Kiddush HaChodesh · Ta'aniyot · set 1 of 14 · day 7 of 28,,Story 24 · Parshat Haazinu
8,2027-10-04,3 Tishrei,Haazinu,Torah 8 + Tinyana 89 · KST § 416 (p. 259) · Aseh 235–236,ח Chet · חא · set 1 · day 8 of 22,Netzach shebeNetzach · shebeChesed · day 25 of 49,כהת · 8 of 72 · אֲבִיָּה 8 · יְבָרֶכְךָ,Fall · 8 of 91 · Ratzo · F1 letter 8 · Eicha 1:8 · ח,1st cycle 1 · day 8 of 13 · Mi-El Kamocha,Cycle 1 · day 8 of 41 · Nefesh 8 of 10 · Do Not Steal,OC 15–16 · Orach Chaim · 15 of 728,Haazinu · D2 · P5 · C8,set 1 · 8/28 · Fringes 6–7,Torah 8 + Tinyana 89 · Zohar I 17–18,§ 416 (p. 259) · Haazinu,Lo Taaseh 9–12 · Aseh 235–236,Torah Ohr · Folio 24 · day 25 of 364,Prayer 12 — second half · day 25 of 364,Peah 2 & 3 · Week 2 · Day 1,Joshua 15 & 16 · Week 2 · Day 1,Chapter 1 · cycle 1 · day 8 of 13,Sichos HaRan · §8 of 308 · day 8 of 369,OC 15–16 · half-days 15 & 16,Haazinu,Rav Pe’alim · Vol IV · Sod Yesharim 3 · Vol IV · Sod Yesharim 4,Se’if י׳ · day 8 of 13,וְאָהַבְתָּ לְרֵעַךָ כָּמוֹךָ – רַבִּי עַקִיבָא אוֹמֵר זֶה כְּלָל גָדוֹל בַּתּוֹרָה · ויקרא יט:יח,Fringes 6–7,Brachot · 1a · Rosh Hashanah,Gratitude — 24/27 · Gratitude — 25/27,Story 95 · 96 · Haazinu,,Class 34 · of 118,Haazinu · Day 2,Day 8 · of 369,Chapter 1 · cycle 1,The Garden of Emuna · cycle 1 of 13,Phase 1 · day 8 of 13,Gate 22 · Gate 23 · Gate 24 · day 8 of 13,Megillah v'Chanukah · Ishut · Geirushin · set 1 of 14 · day 8 of 28,,Story 25 · Parshat Haazinu
9,2027-10-05,4 Tishrei,Haazinu,Torah 9 + Tinyana 90 · KST § 417 (p. 259) · Aseh 237–238,ט Tet · טב · set 1 · day 9 of 22,Hod shebeNetzach · shebeChesed · day 26 of 49,הזי · 9 of 72 · יֵשׁוּעַ 9 · יְבָרֶכְךָ,Fall · 9 of 91 · Ratzo · F1 letter 9 · Eicha 1:9 · ט,1st cycle 1 · day 9 of 13 · Mi-El Kamocha,Cycle 1 · day 9 of 41 · Nefesh 9 of 10 · Truth / No False Witness,OC 17–18 · Orach Chaim · 17 of 728,Haazinu · D3 · P5 · C8,set 1 · 9/28 · Phylacteries 1–2,Torah 9 + Tinyana 90 · Zohar I 19–20,§ 417 (p. 259) · Haazinu,Lo Taaseh 13–14 · Aseh 237–238,Torah Ohr · Folio 25 · day 26 of 364,Prayer 13 — first half · day 26 of 364,Peah 4 & 5 · Week 2 · Day 2,Joshua 17 & 18 · Week 2 · Day 2,Chapter 1 · cycle 1 · day 9 of 13,Sichos HaRan · §9 of 308 · day 9 of 369,OC 17–18 · half-days 17 & 18,Haazinu,Rav Pe’alim · Vol IV · Sod Yesharim 5 · Vol IV · Sod Yesharim 6,Se’if י״א · day 9 of 13,וְזֶה כָּל הָאָדָם וְתַכְלִית בְּרִיאָתוֹ וּבְרִיאַת כָּל הָעוֹלָמוֹת עֶלְיוֹנִים וְתַּחְתּוֹנִים לִהְיוֹת לוֹ דִירָה זוֹ בְּתַּחְתּוֹנִים · תניא פרק לג,Phylacteries 1–2,Brachot · 1a · Rosh Hashanah,Gratitude — 24/27 · Gratitude — 25/27,Story 95 · 96 · Haazinu,,Class 35 · of 118,Haazinu · Day 3,Day 9 · of 369,Chapter 1 · cycle 1,The Garden of Emuna · cycle 1 of 13,Phase 1 · day 9 of 13,Gate 25 · Gate 26 · Gate 27 · day 9 of 13,Yibum v'Chalitzah · Na'arah Betulah · Sotah · set 1 of 14 · day 9 of 28,,Story 26 · Parshat Haazinu
10,2027-10-06,5 Tishrei,Haazinu,Torah 10 + Tinyana 91 · KST § 418 (p. 260) · Aseh 239–240,י Yud · יא · set 1 · day 10 of 22,Yesod shebeNetzach · shebeChesed · day 27 of 49,אלד · 10 of 72 · שְׁכַנְיָהוּ 10 · יְבָרֶכְךָ,Fall · 10 of 91 · Ratzo · F1 letter 10 · Eicha 1:10 · י,1st cycle 1 · day 10 of 13 · Mi-El Kamocha,Cycle 1 · day 10 of 41 · Nefesh 10 of 10 · Do Not Covet,OC 19–20 · Orach Chaim · 19 of 728,Haazinu · D4 · P5 · C8,set 1 · 10/28 · Phylacteries 3–4,Torah 10 + Tinyana 91 · Zohar I 21–22,§ 418 (p. 260) · Haazinu,Lo Taaseh 12–15 · Aseh 239–240,Torah Ohr · Folio 26 · day 27 of 364,Prayer 13 — second half · day 27 of 364,Peah 6 & 7 · Week 2 · Day 3,Joshua 19 & 20 · Week 2 · Day 3,Chapter 1 · cycle 1 · day 10 of 13,Sichos HaRan · §10 of 308 · day 10 of 369,OC 19–20 · half-days 19 & 20,Haazinu,Rav Pe’alim · Vol IV · Sod Yesharim 7 · Vol IV · Sod Yesharim 8,Se’if י״ב · day 10 of 13,יִשְׂמַח יִשְׂרָאֵל בְּעוֹשָׂיו פֵּירוּש שֶׁכָּל מִי שֶׁהוּא מִזֶרַע יִשְׂרָאֵל יֵשׁ לוֹ לִשְׂמוֹחַ בְּשִׂמְחַת ה׳ אַשֶׁר שָׂשׂ וְשָׂמֵחַ בְּדִירָתוֹ בְּתַּחְתּוֹנִים · תניא פרק לג,Phylacteries 3–4,Brachot · 1a · Rosh Hashanah,Gratitude — 24/27 · Gratitude — 25/27,Story 95 · 96 · Haazinu,,Class 36 · of 118,Haazinu · Day 4,Day 10 · of 369,Chapter 1 · cycle 1,The Garden of Emuna · cycle 1 of 13,Phase 1 · day 10 of 13,Gate 28 · Gate 29 · Gate 30 · day 10 of 13,Issurei Biah · Ma'achalot Assurot · Shechitah · set 1 of 14 · day 10 of 28,,Story 27 · Parshat Haazinu
11,2027-10-07,6 Tishrei,Haazinu,Torah 11 + Tinyana 92 · KST § 419 (p. 260) · Aseh 241–242,כ Kaf · כב · set 1 · day 11 of 22,Malchut shebeNetzach · shebeChesed · day 28 of 49,לאו · 11 of 72 · אֶלְיָשִׁיב 11 · יְבָרֶכְךָ,Fall · 11 of 91 · Ratzo · F1 letter 11 · Eicha 1:11 · כ,1st cycle 1 · day 11 of 13 · Mi-El Kamocha,Cycle 1 · day 11 of 41 · Ruach 1 of 10 · I Am the Lord,OC 21–22 · Orach Chaim · 21 of 728,Haazinu · D5 · P5 · C8,set 1 · 11/28 · Phylacteries 5–6,Torah 11 + Tinyana 92 · Zohar I 23–24,§ 419 (p. 260) · Haazinu,Lo Taaseh 16–17 · Aseh 241–242,Torah Ohr · Folio 27 · day 28 of 364,Prayer 14 — first half · day 28 of 364,Peah 8 &amp; Demai 1 · Week 2 · Day 4,Joshua 21 & 22 · Week 2 · Day 4,Chapter 1 · cycle 1 · day 11 of 13,Sichos HaRan · §11 of 308 · day 11 of 369,OC 21–22 · half-days 21 & 22,Haazinu,Rav Pe’alim · Vol IV · Sod Yesharim 9 · Vol IV · Sod Yesharim 10,Overview · day 11 of 13,"All twelve · Mivtza Chinuch, 5736",Phylacteries 5–6,Brachot · 1a · Rosh Hashanah,Gratitude — 24/27 · Gratitude — 25/27,Story 95 · 96 · Haazinu,,Class 37 · of 118,Haazinu · Day 5,Day 11 · of 369,Chapter 1 · cycle 1,The Garden of Emuna · cycle 1 of 13,Phase 1 · day 11 of 13,Gate 31 · Gate 32 · Ohr Ne’erav I · day 11 of 13,Shevuot · Nedarim · Nezirut · set 1 of 14 · day 11 of 28,,Story 28 · Parshat Haazinu